PDSTIME,M65536,MOD60,FDS_Line,MAG_ID,BR,BTheta,BPhi,BMAG,AVG_BMAG,DELTA,LAMBDA,RMS_RS,RMS_BT,RMS_BPhi,NPTS,DFLAG
1986-01-25 00:00:01.857000+00:00,26855,22,33,1,-14.72,-4.141,-3.217,15.626,15.626,-11.882,195.713,0.013,0.014,0.011,32,
1986-01-25 00:00:03.777000+00:00,26855,22,65,1,-14.729,-4.152,-3.219,15.638,15.638,-11.879,195.744,0.012,0.014,0.011,32,
1986-01-25 00:00:05.697000+00:00,26855,22,97,1,-14.735,-4.16,-3.204,15.643,15.643,-11.821,195.767,0.014,0.005,0.009,32,
1986-01-25 00:00:07.617000+00:00,26855,22,129,1,-14.733,-4.157,-3.204,15.64,15.64,-11.82,195.756,0.013,0.013,0.012,32,
1986-01-25 00:00:09.537000+00:00,26855,22,161,1,-14.726,-4.144,-3.203,15.63,15.63,-11.826,195.719,0.015,0.012,0.01,32,
1986-01-25 00:00:11.457000+00:00,26855,22,193,1,-14.721,-4.151,-3.196,15.625,15.625,-11.801,195.749,0.011,0.008,0.007,32,
1986-01-25 00:00:13.377000+00:00,26855,22,225,1,-14.72,-4.151,-3.195,15.625,15.625,-11.801,195.747,0.013,0.013,0.012,32,
1986-01-25 00:00:15.297000+00:00,26855,22,257,1,-14.724,-4.146,-3.186,15.625,15.625,-11.764,195.726,0.011,0.012,0.01,32,
1986-01-25 00:00:17.217000+00:00,26855,22,289,1,-14.716,-4.145,-3.184,15.617,15.617,-11.762,195.732,0.008,0.01,0.006,32,
1986-01-25 00:00:19.137000+00:00,26855,22,321,1,-14.718,-4.15,-3.184,15.62,15.62,-11.762,195.744,0.016,0.01,0.007,32,
1986-01-25 00:00:21.057000+00:00,26855,22,353,1,-14.71,-4.143,-3.179,15.61,15.61,-11.751,195.73,0.013,0.015,0.008,32,
1986-01-25 00:00:22.977000+00:00,26855,22,385,1,-14.71,-4.138,-3.182,15.609,15.609,-11.762,195.712,0.009,0.01,0.009,32,
1986-01-25 00:00:24.897000+00:00,26855,22,417,1,-14.708,-4.127,-3.185,15.605,15.605,-11.776,195.672,0.014,0.009,0.013,32,
1986-01-25 00:00:26.817000+00:00,26855,22,449,1,-14.704,-4.14,-3.181,15.603,15.603,-11.763,195.723,0.014,0.019,0.008,32,
1986-01-25 00:00:28.737000+00:00,26855,22,481,1,-14.706,-4.134,-3.176,15.602,15.602,-11.744,195.7,0.009,0.012,0.008,32,
1986-01-25 00:00:30.657000+00:00,26855,22,513,1,-14.704,-4.142,-3.175,15.603,15.603,-11.74,195.731,0.014,0.009,0.015,32,
1986-01-25 00:00:32.577000+00:00,26855,22,545,1,-14.706,-4.139,-3.176,15.604,15.604,-11.745,195.718,0.014,0.011,0.01,32,
1986-01-25 00:00:34.497000+00:00,26855,22,577,1,-14.702,-4.143,-3.172,15.601,15.601,-11.732,195.738,0.013,0.007,0.011,32,
1986-01-25 00:00:36.417000+00:00,26855,22,609,1,-14.703,-4.137,-3.169,15.599,15.599,-11.723,195.716,0.013,0.007,0.011,32,
1986-01-25 00:00:38.337000+00:00,26855,22,641,1,-14.695,-4.148,-3.17,15.594,15.594,-11.73,195.763,0.014,0.013,0.01,32,
1986-01-25 00:00:40.257000+00:00,26855,22,673,1,-14.702,-4.136,-3.171,15.599,15.599,-11.728,195.713,0.008,0.01,0.01,32,
1986-01-25 00:00:42.177000+00:00,26855,22,705,1,-14.69,-4.133,-3.175,15.587,15.587,-11.753,195.715,0.016,0.006,0.014,32,
1986-01-25 00:00:44.097000+00:00,26855,22,737,1,-14.695,-4.143,-3.167,15.593,15.593,-11.717,195.743,0.012,0.009,0.008,32,
1986-01-25 00:00:46.017000+00:00,26855,22,769,1,-14.688,-4.122,-3.166,15.58,15.58,-11.725,195.677,0.009,0.01,0.012,32,
1986-01-25 00:00:47.937000+00:00,26855,23,1,1,-14.696,-4.118,-3.166,15.587,15.587,-11.721,195.655,0.016,0.014,0.012,32,
1986-01-25 00:00:49.857000+00:00,26855,23,33,1,-14.682,-4.123,-3.166,15.575,15.575,-11.729,195.687,0.009,0.012,0.015,32,
1986-01-25 00:00:51.777000+00:00,26855,23,65,1,-14.675,-4.128,-3.162,15.57,15.57,-11.717,195.712,0.008,0.012,0.011,32,
1986-01-25 00:00:53.697000+00:00,26855,23,97,1,-14.681,-4.123,-3.164,15.573,15.573,-11.721,195.689,0.013,0.01,0.014,32,
1986-01-25 00:00:55.617000+00:00,26855,23,129,1,-14.684,-4.131,-3.16,15.578,15.578,-11.703,195.714,0.009,0.009,0.011,32,
1986-01-25 00:00:57.537000+00:00,26855,23,161,1,-14.678,-4.14,-3.153,15.574,15.574,-11.683,195.75,0.014,0.01,0.014,32,
1986-01-25 00:00:59.457000+00:00,26855,23,193,1,-14.662,-4.127,-3.148,15.554,15.554,-11.676,195.72,0.013,0.01,0.009,32,
1986-01-25 00:01:01.377000+00:00,26855,23,225,1,-14.669,-4.126,-3.148,15.56,15.56,-11.671,195.711,0.01,0.007,0.016,32,
1986-01-25 00:01:03.297000+00:00,26855,23,257,1,-14.658,-4.135,-3.139,15.55,15.55,-11.645,195.752,0.015,0.015,0.01,32,
1986-01-25 00:01:05.217000+00:00,26855,23,289,1,-14.654,-4.125,-3.137,15.543,15.543,-11.644,195.721,0.016,0.01,0.009,32,
1986-01-25 00:01:07.137000+00:00,26855,23,321,1,-14.654,-4.131,-3.134,15.544,15.544,-11.63,195.744,0.01,0.009,0.016,32,
1986-01-25 00:01:09.057000+00:00,26855,23,353,1,-14.654,-4.128,-3.138,15.544,15.544,-11.647,195.734,0.018,0.011,0.011,32,
1986-01-25 00:01:10.977000+00:00,26855,23,385,1,-14.651,-4.125,-3.13,15.539,15.539,-11.621,195.725,0.014,0.013,0.015,32,
1986-01-25 00:01:12.897000+00:00,26855,23,417,1,-14.653,-4.123,-3.122,15.539,15.539,-11.591,195.716,0.007,0.005,0.01,32,
1986-01-25 00:01:14.817000+00:00,26855,23,449,1,-14.648,-4.126,-3.127,15.536,15.536,-11.61,195.732,0.015,0.012,0.012,32,
1986-01-25 00:01:16.737000+00:00,26855,23,481,1,-14.645,-4.128,-3.118,15.532,15.532,-11.579,195.743,0.012,0.011,0.012,32,
1986-01-25 00:01:18.657000+00:00,26855,23,513,1,-14.641,-4.13,-3.113,15.527,15.527,-11.565,195.753,0.005,0.008,0.014,32,
1986-01-25 00:01:20.577000+00:00,26855,23,545,1,-14.636,-4.133,-3.118,15.525,15.525,-11.588,195.768,0.013,0.01,0.011,32,
1986-01-25 00:01:22.497000+00:00,26855,23,577,1,-14.645,-4.132,-3.119,15.533,15.533,-11.583,195.754,0.011,0.011,0.015,32,
1986-01-25 00:01:24.417000+00:00,26855,23,609,1,-14.65,-4.114,-3.113,15.531,15.532,-11.562,195.686,0.007,0.01,0.013,32,
1986-01-25 00:01:26.337000+00:00,26855,23,641,1,-14.638,-4.121,-3.116,15.523,15.523,-11.582,195.725,0.013,0.007,0.012,32,
1986-01-25 00:01:28.257000+00:00,26855,23,673,1,-14.62,-4.119,-3.116,15.506,15.506,-11.592,195.733,0.013,0.01,0.014,32,
1986-01-25 00:01:30.177000+00:00,26855,23,705,1,-14.623,-4.113,-3.113,15.506,15.506,-11.582,195.709,0.009,0.013,0.009,32,
1986-01-25 00:01:32.097000+00:00,26855,23,737,1,-14.628,-4.121,-3.105,15.512,15.512,-11.547,195.732,0.016,0.012,0.008,32,
1986-01-25 00:01:34.017000+00:00,26855,23,769,1,-14.632,-4.117,-3.102,15.514,15.514,-11.533,195.715,0.01,0.013,0.017,32,
1986-01-25 00:01:35.937000+00:00,26855,24,1,1,-14.626,-4.112,-3.105,15.507,15.507,-11.55,195.705,0.011,0.01,0.008,32,
1986-01-25 00:01:37.857000+00:00,26855,24,33,1,-14.63,-4.12,-3.097,15.512,15.512,-11.516,195.728,0.008,0.006,0.013,32,
1986-01-25 00:01:39.777000+00:00,26855,24,65,1,-14.61,-4.117,-3.091,15.491,15.491,-11.508,195.737,0.012,0.019,0.009,32,
1986-01-25 00:01:41.697000+00:00,26855,24,97,1,-14.606,-4.115,-3.089,15.486,15.486,-11.507,195.733,0.008,0.011,0.01,32,
1986-01-25 00:01:43.617000+00:00,26855,24,129,1,-14.605,-4.107,-3.086,15.482,15.482,-11.496,195.706,0.012,0.008,0.012,32,
1986-01-25 00:01:45.537000+00:00,26855,24,161,1,-14.601,-4.117,-3.086,15.481,15.481,-11.498,195.748,0.017,0.013,0.011,32,
1986-01-25 00:01:47.457000+00:00,26855,24,193,1,-14.599,-4.107,-3.086,15.476,15.476,-11.501,195.714,0.013,0.011,0.013,32,
1986-01-25 00:01:49.377000+00:00,26855,24,225,1,-14.597,-4.109,-3.083,15.474,15.474,-11.493,195.72,0.008,0.008,0.007,32,
1986-01-25 00:01:51.297000+00:00,26855,24,257,1,-14.6,-4.108,-3.085,15.478,15.478,-11.498,195.714,0.012,0.01,0.009,32,
1986-01-25 00:01:53.217000+00:00,26855,24,289,1,-14.603,-4.098,-3.09,15.479,15.479,-11.514,195.678,0.012,0.013,0.015,32,
1986-01-25 00:01:55.137000+00:00,26855,24,321,1,-14.601,-4.111,-3.087,15.48,15.48,-11.505,195.726,0.009,0.011,0.015,32,
1986-01-25 00:01:57.057000+00:00,26855,24,353,1,-14.59,-4.115,-3.072,15.468,15.468,-11.456,195.749,0.012,0.011,0.007,32,
1986-01-25 00:01:58.977000+00:00,26855,24,385,1,-14.593,-4.113,-3.081,15.472,15.472,-11.485,195.741,0.012,0.012,0.014,32,
1986-01-25 00:02:00.897000+00:00,26855,24,417,1,-14.593,-4.104,-3.072,15.468,15.468,-11.455,195.709,0.011,0.007,0.014,32,
1986-01-25 00:02:02.817000+00:00,26855,24,449,1,-14.589,-4.103,-3.066,15.462,15.462,-11.437,195.71,0.01,0.014,0.007,32,
1986-01-25 00:02:04.737000+00:00,26855,24,481,1,-14.581,-4.103,-3.067,15.455,15.455,-11.447,195.716,0.01,0.011,0.01,32,
1986-01-25 00:02:06.657000+00:00,26855,24,513,1,-14.592,-4.108,-3.06,15.465,15.465,-11.412,195.721,0.013,0.007,0.008,32,
1986-01-25 00:02:08.577000+00:00,26855,24,545,1,-14.588,-4.102,-3.063,15.46,15.46,-11.428,195.706,0.01,0.01,0.008,32,
1986-01-25 00:02:10.497000+00:00,26855,24,577,1,-14.579,-4.106,-3.066,15.453,15.453,-11.443,195.728,0.011,0.011,0.013,32,
1986-01-25 00:02:12.417000+00:00,26855,24,609,1,-14.578,-4.111,-3.051,15.451,15.451,-11.389,195.747,0.01,0.01,0.007,32,
1986-01-25 00:02:14.337000+00:00,26855,24,641,1,-14.576,-4.12,-3.053,15.452,15.452,-11.397,195.782,0.006,0.013,0.011,32,
1986-01-25 00:02:16.257000+00:00,26855,24,673,1,-14.583,-4.121,-3.056,15.459,15.459,-11.4,195.781,0.011,0.012,0.014,32,
1986-01-25 00:02:18.177000+00:00,26855,24,705,1,-14.575,-4.111,-3.056,15.449,15.449,-11.408,195.753,0.011,0.012,0.012,32,
1986-01-25 00:02:20.097000+00:00,26855,24,737,1,-14.571,-4.105,-3.049,15.442,15.442,-11.388,195.734,0.007,0.014,0.009,32,
1986-01-25 00:02:22.017000+00:00,26855,24,769,1,-14.57,-4.11,-3.041,15.441,15.441,-11.359,195.752,0.014,0.006,0.016,32,
1986-01-25 00:02:23.937000+00:00,26855,25,1,1,-14.57,-4.108,-3.048,15.442,15.442,-11.384,195.746,0.009,0.009,0.015,32,
1986-01-25 00:02:25.857000+00:00,26855,25,33,1,-14.574,-4.109,-3.051,15.446,15.446,-11.393,195.744,0.009,0.01,0.011,32,
1986-01-25 00:02:27.777000+00:00,26855,25,65,1,-14.56,-4.11,-3.042,15.431,15.431,-11.37,195.762,0.013,0.013,0.01,32,
1986-01-25 00:02:29.697000+00:00,26855,25,97,1,-14.566,-4.107,-3.045,15.437,15.437,-11.375,195.747,0.007,0.005,0.013,32,
1986-01-25 00:02:31.617000+00:00,26855,25,129,1,-14.564,-4.111,-3.042,15.436,15.436,-11.365,195.763,0.011,0.012,0.008,32,
1986-01-25 00:02:33.537000+00:00,26855,25,161,1,-14.558,-4.105,-3.037,15.427,15.428,-11.353,195.747,0.015,0.009,0.008,32,
1986-01-25 00:02:35.457000+00:00,26855,25,193,1,-14.553,-4.118,-3.042,15.427,15.427,-11.372,195.801,0.014,0.007,0.013,32,
1986-01-25 00:02:37.377000+00:00,26855,25,225,1,-14.544,-4.115,-3.03,15.415,15.415,-11.336,195.798,0.012,0.009,0.011,32,
1986-01-25 00:02:39.297000+00:00,26855,25,257,1,-14.539,-4.109,-3.033,15.41,15.41,-11.353,195.781,0.012,0.014,0.009,32,
1986-01-25 00:02:41.217000+00:00,26855,25,289,1,-14.55,-4.118,-3.025,15.421,15.421,-11.311,195.802,0.01,0.007,0.014,32,
1986-01-25 00:02:43.137000+00:00,26855,25,321,1,-14.552,-4.109,-3.026,15.421,15.421,-11.318,195.766,0.009,0.013,0.009,32,
1986-01-25 00:02:45.057000+00:00,26855,25,353,1,-14.535,-4.117,-3.024,15.406,15.406,-11.319,195.814,0.014,0.012,0.008,32,
1986-01-25 00:02:46.977000+00:00,26855,25,385,1,-14.542,-4.107,-3.02,15.409,15.409,-11.302,195.77,0.011,0.01,0.014,32,
1986-01-25 00:02:48.897000+00:00,26855,25,417,1,-14.543,-4.123,-3.009,15.412,15.412,-11.26,195.827,0.012,0.011,0.007,32,
1986-01-25 00:02:50.817000+00:00,26855,25,449,1,-14.526,-4.129,-3.007,15.397,15.397,-11.264,195.866,0.014,0.008,0.008,32,
1986-01-25 00:02:52.737000+00:00,26855,25,481,1,-14.526,-4.168,-2.997,15.406,15.406,-11.218,196.009,0.008,0.01,0.014,32,
1986-01-25 00:02:54.657000+00:00,26855,25,513,1,-14.52,-4.174,-2.985,15.399,15.399,-11.176,196.037,0.01,0.016,0.013,32,
1986-01-25 00:02:56.577000+00:00,26855,25,545,1,-14.51,-4.196,-2.973,15.394,15.394,-11.136,196.128,0.009,0.011,0.011,32,
1986-01-25 00:02:58.497000+00:00,26855,25,577,1,-14.515,-4.203,-2.966,15.4,15.4,-11.105,196.15,0.015,0.01,0.011,32,
1986-01-25 00:03:00.417000+00:00,26855,25,609,1,-14.506,-4.202,-2.963,15.391,15.391,-11.101,196.156,0.009,0.015,0.012,32,
1986-01-25 00:03:02.337000+00:00,26855,25,641,1,-14.501,-4.207,-2.968,15.388,15.388,-11.122,196.178,0.009,0.014,0.011,32,
1986-01-25 00:03:04.257000+00:00,26855,25,673,1,-14.498,-4.213,-2.961,15.386,15.386,-11.097,196.205,0.011,0.008,0.01,32,
1986-01-25 00:03:06.177000+00:00,26855,25,705,1,-14.492,-4.216,-2.951,15.379,15.379,-11.063,196.219,0.009,0.013,0.01,32,
1986-01-25 00:03:08.097000+00:00,26855,25,737,1,-14.495,-4.207,-2.95,15.379,15.379,-11.058,196.186,0.011,0.007,0.014,32,
1986-01-25 00:03:10.017000+00:00,26855,25,769,1,-14.492,-4.207,-2.939,15.374,15.374,-11.022,196.189,0.009,0.009,0.008,22,
1986-01-25 00:03:11.937000+00:00,26855,26,1,1,,,,,,,,,,,0,T    R
1986-01-25 00:03:13.857000+00:00,26855,26,33,1,,,,,,,,,,,0,T    R
1986-01-25 00:03:15.777000+00:00,26855,26,65,1,,,,,,,,,,,0,T    R
1986-01-25 00:03:17.697000+00:00,26855,26,97,1,,,,,,,,,,,0,T    R
1986-01-25 00:03:19.617000+00:00,26855,26,129,1,,,,,,,,,,,0,T    R
1986-01-25 00:03:21.537000+00:00,26855,26,161,1,,,,,,,,,,,0,T    R
1986-01-25 00:03:23.457000+00:00,26855,26,193,1,,,,,,,,,,,0,T    R
1986-01-25 00:03:25.377000+00:00,26855,26,225,1,,,,,,,,,,,0,T    R
1986-01-25 00:03:27.297000+00:00,26855,26,257,1,,,,,,,,,,,0,T    R
1986-01-25 00:03:29.217000+00:00,26855,26,289,1,,,,,,,,,,,0,T    R
1986-01-25 00:03:31.137000+00:00,26855,26,321,1,,,,,,,,,,,0,T    R
1986-01-25 00:03:33.057000+00:00,26855,26,353,1,,,,,,,,,,,0,T    R
1986-01-25 00:03:34.977000+00:00,26855,26,385,1,,,,,,,,,,,0,T    R
1986-01-25 00:03:36.897000+00:00,26855,26,417,1,-14.497,-4.097,-2.975,15.355,15.355,-11.171,195.782,,,0.021,32,T    R
1986-01-25 00:03:38.817000+00:00,26855,26,449,1,-14.494,-4.097,-2.961,15.349,15.349,-11.121,195.785,,0.014,0.008,32,T    R
1986-01-25 00:03:40.737000+00:00,26855,26,481,1,-14.478,-4.102,-2.964,15.337,15.337,-11.144,195.818,,0.014,0.01,32,T    R
1986-01-25 00:03:42.657000+00:00,26855,26,513,1,-14.473,-4.085,-2.964,15.327,15.327,-11.149,195.763,,0.009,0.014,32,T    R
1986-01-25 00:03:44.577000+00:00,26855,26,545,1,-14.469,-4.09,-2.964,15.325,15.325,-11.151,195.784,,0.013,0.012,32,T    R
1986-01-25 00:03:46.497000+00:00,26855,26,577,1,-14.46,-4.1,-2.965,15.32,15.32,-11.158,195.83,,0.01,0.012,32,T    R
1986-01-25 00:03:48.417000+00:00,26855,26,609,1,-14.471,-4.094,-2.96,15.327,15.327,-11.135,195.797,,0.012,0.014,32,T    R
1986-01-25 00:03:50.337000+00:00,26855,26,641,1,-14.461,-4.091,-2.959,15.316,15.316,-11.139,195.795,,0.014,0.011,32,T    R
1986-01-25 00:03:52.257000+00:00,26855,26,673,1,-14.465,-4.09,-2.964,15.32,15.32,-11.154,195.787,,0.012,0.011,32,T    R
1986-01-25 00:03:54.177000+00:00,26855,26,705,1,-14.45,-4.085,-2.958,15.303,15.303,-11.144,195.785,,0.009,0.013,32,T    R
1986-01-25 00:03:56.097000+00:00,26855,26,737,1,-14.445,-4.088,-2.955,15.3,15.3,-11.134,195.801,,0.014,0.012,32,T    R
1986-01-25 00:03:58.017000+00:00,26855,26,769,1,-14.449,-4.096,-2.953,15.306,15.306,-11.126,195.827,,0.008,0.013,32,T    R
1986-01-25 00:03:59.937000+00:00,26855,27,1,1,-14.45,-4.102,-2.95,15.308,15.308,-11.11,195.849,0.017,0.007,0.011,32,
1986-01-25 00:04:01.857000+00:00,26855,27,33,1,-14.449,-4.094,-2.946,15.303,15.303,-11.098,195.818,0.014,0.013,0.013,32,
1986-01-25 00:04:03.777000+00:00,26855,27,65,1,-14.435,-4.095,-2.941,15.288,15.288,-11.091,195.836,0.014,0.019,0.013,32,
1986-01-25 00:04:05.697000+00:00,26855,27,97,1,-14.443,-4.1,-2.944,15.298,15.298,-11.096,195.85,0.015,0.007,0.009,32,
1986-01-25 00:04:07.617000+00:00,26855,27,129,1,-14.443,-4.101,-2.941,15.298,15.298,-11.085,195.851,0.012,0.012,0.012,32,
1986-01-25 00:04:09.537000+00:00,26855,27,161,1,-14.439,-4.098,-2.946,15.295,15.295,-11.105,195.845,0.015,0.014,0.014,32,
1986-01-25 00:04:11.457000+00:00,26855,27,193,1,-14.438,-4.09,-2.946,15.292,15.292,-11.106,195.817,0.015,0.007,0.008,32,
1986-01-25 00:04:13.377000+00:00,26855,27,225,1,-14.432,-4.098,-2.935,15.287,15.287,-11.069,195.851,0.012,0.014,0.013,32,
1986-01-25 00:04:15.297000+00:00,26855,27,257,1,-14.427,-4.093,-2.931,15.278,15.278,-11.06,195.838,0.008,0.013,0.009,32,
1986-01-25 00:04:17.217000+00:00,26855,27,289,1,-14.432,-4.092,-2.938,15.285,15.285,-11.082,195.831,0.015,0.011,0.011,32,
1986-01-25 00:04:19.137000+00:00,26855,27,321,1,-14.415,-4.094,-2.936,15.269,15.269,-11.087,195.855,0.008,0.012,0.014,32,
1986-01-25 00:04:21.057000+00:00,26855,27,353,1,-14.411,-4.096,-2.928,15.264,15.264,-11.059,195.869,0.009,0.008,0.01,32,
1986-01-25 00:04:22.977000+00:00,26855,27,385,1,-14.422,-4.09,-2.934,15.275,15.275,-11.073,195.831,0.015,0.013,0.007,32,
1986-01-25 00:04:24.897000+00:00,26855,27,417,1,-14.418,-4.099,-2.928,15.272,15.272,-11.055,195.869,0.009,0.013,0.015,32,
1986-01-25 00:04:26.817000+00:00,26855,27,449,1,-14.412,-4.092,-2.918,15.262,15.262,-11.022,195.85,0.009,0.018,0.008,32,
1986-01-25 00:04:28.737000+00:00,26855,27,481,1,-14.403,-4.093,-2.92,15.254,15.254,-11.035,195.866,0.012,0.014,0.009,32,
1986-01-25 00:04:30.657000+00:00,26855,27,513,1,-14.396,-4.098,-2.921,15.249,15.249,-11.042,195.89,0.009,0.013,0.018,32,
1986-01-25 00:04:32.577000+00:00,26855,27,545,1,-14.401,-4.1,-2.911,15.253,15.253,-11.002,195.893,0.009,0.015,0.008,32,
1986-01-25 00:04:34.497000+00:00,26855,27,577,1,-14.398,-4.095,-2.911,15.249,15.249,-11.006,195.875,0.016,0.009,0.008,32,
1986-01-25 00:04:36.417000+00:00,26855,27,609,1,-14.395,-4.1,-2.912,15.248,15.248,-11.009,195.899,0.012,0.014,0.012,32,
1986-01-25 00:04:38.337000+00:00,26855,27,641,1,-14.393,-4.112,-2.907,15.248,15.248,-10.992,195.942,0.006,0.016,0.008,32,
1986-01-25 00:04:40.257000+00:00,26855,27,673,1,-14.396,-4.106,-2.905,15.248,15.248,-10.982,195.919,0.014,0.008,0.01,32,
1986-01-25 00:04:42.177000+00:00,26855,27,705,1,-14.392,-4.111,-2.91,15.247,15.247,-11.002,195.941,0.007,0.008,0.015,32,
1986-01-25 00:04:44.097000+00:00,26855,27,737,1,-14.384,-4.106,-2.911,15.238,15.238,-11.013,195.934,0.011,0.014,0.014,32,
1986-01-25 00:04:46.017000+00:00,26855,27,769,1,-14.387,-4.088,-2.899,15.235,15.235,-10.97,195.864,0.014,0.012,0.011,32,
1986-01-25 00:04:47.937000+00:00,26855,28,1,1,-14.382,-4.088,-2.901,15.23,15.23,-10.979,195.869,0.01,0.011,0.011,32,
1986-01-25 00:04:49.857000+00:00,26855,28,33,1,-14.375,-4.09,-2.894,15.223,15.223,-10.958,195.883,0.01,0.012,0.019,32,
1986-01-25 00:04:51.777000+00:00,26855,28,65,1,-14.363,-4.08,-2.887,15.207,15.207,-10.943,195.859,0.011,0.015,0.011,32,
1986-01-25 00:04:53.697000+00:00,26855,28,97,1,-14.369,-4.086,-2.889,15.215,15.215,-10.947,195.873,0.015,0.012,0.015,32,
1986-01-25 00:04:55.617000+00:00,26855,28,129,1,-14.376,-4.084,-2.89,15.22,15.22,-10.945,195.859,0.008,0.01,0.019,32,
1986-01-25 00:04:57.537000+00:00,26855,28,161,1,-14.356,-4.088,-2.888,15.203,15.203,-10.95,195.896,0.013,0.012,0.009,32,
1986-01-25 00:04:59.457000+00:00,26855,28,193,1,-14.354,-4.086,-2.894,15.202,15.202,-10.973,195.891,0.015,0.006,0.013,32,
1986-01-25 00:05:01.377000+00:00,26855,28,225,1,-14.365,-4.094,-2.889,15.213,15.213,-10.947,195.908,0.012,0.013,0.014,32,
1986-01-25 00:05:03.297000+00:00,26855,28,257,1,-14.353,-4.093,-2.88,15.2,15.2,-10.921,195.917,0.013,0.015,0.01,32,
1986-01-25 00:05:05.217000+00:00,26855,28,289,1,-14.357,-4.092,-2.88,15.203,15.203,-10.92,195.91,0.016,0.01,0.01,32,
1986-01-25 00:05:07.137000+00:00,26855,28,321,1,-14.358,-4.095,-2.882,15.205,15.205,-10.925,195.92,0.013,0.011,0.012,32,
1986-01-25 00:05:09.057000+00:00,26855,28,353,1,-14.352,-4.1,-2.889,15.202,15.202,-10.956,195.945,0.013,0.013,0.009,32,
1986-01-25 00:05:10.977000+00:00,26855,28,385,1,-14.348,-4.089,-2.87,15.193,15.193,-10.888,195.908,0.014,0.018,0.014,32,
1986-01-25 00:05:12.897000+00:00,26855,28,417,1,-14.341,-4.1,-2.864,15.187,15.187,-10.871,195.954,0.008,0.01,0.009,32,
1986-01-25 00:05:14.817000+00:00,26855,28,449,1,-14.337,-4.106,-2.876,15.187,15.187,-10.915,195.98,0.01,0.015,0.012,32,
1986-01-25 00:05:16.737000+00:00,26855,28,481,1,-14.339,-4.11,-2.878,15.19,15.19,-10.921,195.996,0.018,0.007,0.013,32,
1986-01-25 00:05:18.657000+00:00,26855,28,513,1,-14.318,-4.115,-2.872,15.171,15.171,-10.913,196.036,0.006,0.008,0.017,32,
1986-01-25 00:05:20.577000+00:00,26855,28,545,1,-14.329,-4.12,-2.864,15.181,15.181,-10.873,196.041,0.013,0.016,0.008,32,
1986-01-25 00:05:22.497000+00:00,26855,28,577,1,-14.337,-4.11,-2.863,15.187,15.187,-10.865,195.998,0.01,0.006,0.012,32,
1986-01-25 00:05:24.417000+00:00,26855,28,609,1,-14.326,-4.108,-2.864,15.176,15.176,-10.879,196.001,0.006,0.013,0.015,32,
1986-01-25 00:05:26.337000+00:00,26855,28,641,1,-14.318,-4.111,-2.87,15.17,15.17,-10.906,196.018,0.012,0.016,0.009,32,
1986-01-25 00:05:28.257000+00:00,26855,28,673,1,-14.331,-4.101,-2.871,15.179,15.179,-10.903,195.97,0.014,0.011,0.016,32,
1986-01-25 00:05:30.177000+00:00,26855,28,705,1,-14.328,-4.111,-2.864,15.177,15.178,-10.878,196.01,0.012,0.011,0.013,32,
1986-01-25 00:05:32.097000+00:00,26855,28,737,1,-14.321,-4.107,-2.859,15.17,15.17,-10.865,196.0,0.013,0.016,0.006,32,
1986-01-25 00:05:34.017000+00:00,26855,28,769,1,-14.305,-4.117,-2.865,15.159,15.159,-10.894,196.057,0.015,0.01,0.012,32,
1986-01-25 00:05:35.937000+00:00,26855,29,1,1,-14.298,-4.1,-2.86,15.147,15.147,-10.885,196.001,0.019,0.009,0.008,32,
1986-01-25 00:05:37.857000+00:00,26855,29,33,1,-14.296,-4.106,-2.864,15.148,15.148,-10.899,196.024,0.01,0.01,0.015,32,
1986-01-25 00:05:39.777000+00:00,26855,29,65,1,-14.29,-4.108,-2.858,15.143,15.143,-10.88,196.038,0.015,0.009,0.011,32,
1986-01-25 00:05:41.697000+00:00,26855,29,97,1,-14.29,-4.111,-2.858,15.139,15.139,-10.884,196.049,0.013,0.015,0.008,32,
1986-01-25 00:05:43.617000+00:00,26855,29,129,1,-14.286,-4.111,-2.847,15.132,15.132,-10.845,196.055,0.013,0.006,0.011,32,
1986-01-25 00:05:45.537000+00:00,26855,29,161,1,-14.283,-4.116,-2.848,15.13,15.13,-10.851,196.077,0.013,0.008,0.01,32,
1986-01-25 00:05:47.457000+00:00,26855,29,193,1,-14.273,-4.114,-2.848,15.121,15.121,-10.856,196.08,0.016,0.008,0.009,32,
1986-01-25 00:05:49.377000+00:00,26855,29,225,1,-14.276,-4.115,-2.854,15.125,15.125,-10.876,196.08,0.01,0.006,0.015,32,
1986-01-25 00:05:51.297000+00:00,26855,29,257,1,-14.279,-4.109,-2.854,15.127,15.127,-10.874,196.055,0.011,0.012,0.014,32,
1986-01-25 00:05:53.217000+00:00,26855,29,289,1,-14.275,-4.099,-2.839,15.123,15.123,-10.82,196.023,0.017,0.007,0.007,32,
1986-01-25 00:05:55.137000+00:00,26855,29,321,1,-14.275,-4.095,-2.832,15.12,15.12,-10.797,196.008,0.012,0.007,0.016,32,
1986-01-25 00:05:57.057000+00:00,26855,29,353,1,-14.273,-4.099,-2.834,15.119,15.119,-10.805,196.022,0.014,0.012,0.015,32,
1986-01-25 00:05:58.977000+00:00,26855,29,385,1,-14.276,-4.095,-2.838,15.12,15.12,-10.82,196.004,0.014,0.011,0.008,32,
1986-01-25 00:06:00.897000+00:00,26855,29,417,1,-14.274,-4.103,-2.833,15.119,15.119,-10.798,196.037,0.014,0.008,0.015,32,
1986-01-25 00:06:02.817000+00:00,26855,29,449,1,-14.277,-4.091,-2.819,15.116,15.116,-10.749,195.991,0.015,0.017,0.011,32,
1986-01-25 00:06:04.737000+00:00,26855,29,481,1,-14.275,-4.092,-2.824,15.115,15.115,-10.767,195.997,0.013,0.016,0.01,32,
1986-01-25 00:06:06.657000+00:00,26855,29,513,1,-14.273,-4.105,-2.829,15.117,15.117,-10.787,196.045,0.009,0.006,0.016,32,
1986-01-25 00:06:08.577000+00:00,26855,29,545,1,-14.277,-4.104,-2.822,15.12,15.12,-10.757,196.038,0.011,0.014,0.006,32,
1986-01-25 00:06:10.497000+00:00,26855,29,577,1,-14.274,-4.098,-2.819,15.116,15.116,-10.749,196.018,0.013,0.01,0.01,32,
1986-01-25 00:06:12.417000+00:00,26855,29,609,1,-14.271,-4.097,-2.818,15.112,15.112,-10.747,196.02,0.011,0.009,0.014,32,
1986-01-25 00:06:14.337000+00:00,26855,29,641,1,-14.267,-4.101,-2.821,15.11,15.11,-10.76,196.038,0.008,0.019,0.013,32,
1986-01-25 00:06:16.257000+00:00,26855,29,673,1,-14.259,-4.094,-2.811,15.098,15.098,-10.73,196.019,0.011,0.01,0.013,32,
1986-01-25 00:06:18.177000+00:00,26855,29,705,1,-14.261,-4.095,-2.817,15.101,15.101,-10.752,196.021,0.009,0.008,0.015,32,
1986-01-25 00:06:20.097000+00:00,26855,29,737,1,-14.257,-4.106,-2.815,15.101,15.101,-10.745,196.067,0.006,0.015,0.02,32,
1986-01-25 00:06:22.017000+00:00,26855,29,769,1,-14.262,-4.101,-2.812,15.103,15.103,-10.729,196.043,0.012,0.012,0.01,32,
1986-01-25 00:06:23.937000+00:00,26855,30,1,1,-14.252,-4.094,-2.807,15.091,15.091,-10.721,196.027,0.018,0.01,0.014,32,
1986-01-25 00:06:25.857000+00:00,26855,30,33,1,-14.249,-4.091,-2.796,15.085,15.085,-10.681,196.018,0.016,0.007,0.013,32,
1986-01-25 00:06:27.777000+00:00,26855,30,65,1,-14.241,-4.096,-2.799,15.08,15.08,-10.697,196.047,0.015,0.016,0.012,32,
1986-01-25 00:06:29.697000+00:00,26855,30,97,1,-14.239,-4.1,-2.794,15.077,15.077,-10.681,196.063,0.018,0.015,0.011,32,
1986-01-25 00:06:31.617000+00:00,26855,30,129,1,-14.24,-4.092,-2.798,15.077,15.077,-10.696,196.033,0.013,0.008,0.015,32,
1986-01-25 00:06:33.537000+00:00,26855,30,161,1,-14.234,-4.097,-2.8,15.073,15.073,-10.707,196.057,0.018,0.012,0.007,32,
1986-01-25 00:06:35.457000+00:00,26855,30,193,1,-14.225,-4.1,-2.798,15.066,15.066,-10.704,196.077,0.011,0.011,0.013,32,
1986-01-25 00:06:37.377000+00:00,26855,30,225,1,-14.219,-4.1,-2.793,15.059,15.059,-10.689,196.085,0.013,0.012,0.012,32,
1986-01-25 00:06:39.297000+00:00,26855,30,257,1,-14.223,-4.101,-2.797,15.063,15.063,-10.702,196.085,0.015,0.02,0.011,32,
1986-01-25 00:06:41.217000+00:00,26855,30,289,1,-14.22,-4.107,-2.797,15.062,15.062,-10.703,196.109,0.013,0.011,0.015,32,
1986-01-25 00:06:43.137000+00:00,26855,30,321,1,-14.212,-4.103,-2.791,15.053,15.053,-10.684,196.103,0.007,0.015,0.015,32,
1986-01-25 00:06:45.057000+00:00,26855,30,353,1,-14.198,-4.107,-2.796,15.042,15.042,-10.714,196.134,0.017,0.018,0.009,32,
1986-01-25 00:06:46.977000+00:00,26855,30,385,1,-14.199,-4.109,-2.802,15.044,15.044,-10.734,196.139,0.011,0.01,0.014,32,
1986-01-25 00:06:48.897000+00:00,26855,30,417,1,-14.21,-4.105,-2.795,15.052,15.052,-10.699,196.111,0.008,0.012,0.016,32,
1986-01-25 00:06:50.817000+00:00,26855,30,449,1,-14.205,-4.105,-2.799,15.048,15.048,-10.72,196.118,0.014,0.018,0.01,32,
1986-01-25 00:06:52.737000+00:00,26855,30,481,1,-14.21,-4.106,-2.788,15.051,15.051,-10.676,196.115,0.015,0.01,0.011,32,
1986-01-25 00:06:54.657000+00:00,26855,30,513,1,-14.204,-4.099,-2.794,15.044,15.044,-10.705,196.097,0.013,0.012,0.017,32,
1986-01-25 00:06:56.577000+00:00,26855,30,545,1,-14.183,-4.095,-2.792,15.023,15.023,-10.71,196.105,0.014,0.015,0.012,32,
1986-01-25 00:06:58.497000+00:00,26855,30,577,1,-14.188,-4.102,-2.791,15.03,15.03,-10.701,196.127,0.016,0.014,0.014,32,
1986-01-25 00:07:00.417000+00:00,26855,30,609,1,-14.185,-4.103,-2.791,15.028,15.028,-10.705,196.131,0.011,0.013,0.017,32,
1986-01-25 00:07:02.337000+00:00,26855,30,641,1,-14.186,-4.101,-2.798,15.029,15.029,-10.728,196.123,0.01,0.016,0.007,32,
1986-01-25 00:07:04.257000+00:00,26855,30,673,1,-14.186,-4.097,-2.797,15.027,15.027,-10.726,196.107,0.012,0.011,0.014,32,
1986-01-25 00:07:06.177000+00:00,26855,30,705,1,-14.19,-4.103,-2.794,15.032,15.032,-10.713,196.128,0.011,0.013,0.017,32,
1986-01-25 00:07:08.097000+00:00,26855,30,737,1,-14.185,-4.103,-2.795,15.028,15.028,-10.72,196.132,0.009,0.014,0.013,32,
1986-01-25 00:07:10.017000+00:00,26855,30,769,1,-14.173,-4.111,-2.791,15.019,15.019,-10.711,196.173,0.014,0.011,0.013,32,
1986-01-25 00:07:11.937000+00:00,26855,31,1,1,-14.17,-4.108,-2.795,15.016,15.016,-10.728,196.166,0.016,0.011,0.012,32,
1986-01-25 00:07:13.857000+00:00,26855,31,33,1,-14.168,-4.105,-2.787,15.011,15.011,-10.699,196.158,0.011,0.009,0.013,32,
1986-01-25 00:07:15.777000+00:00,26855,31,65,1,-14.17,-4.102,-2.797,15.014,15.014,-10.735,196.144,0.011,0.016,0.008,32,
1986-01-25 00:07:17.697000+00:00,26855,31,97,1,-14.165,-4.098,-2.791,15.007,15.007,-10.719,196.135,0.018,0.009,0.011,32,
1986-01-25 00:07:19.617000+00:00,26855,31,129,1,-14.171,-4.117,-2.789,15.017,15.017,-10.701,196.198,0.01,0.006,0.016,32,
1986-01-25 00:07:21.537000+00:00,26855,31,161,1,-14.175,-4.124,-2.79,15.023,15.023,-10.701,196.224,0.008,0.016,0.01,32,
1986-01-25 00:07:23.457000+00:00,26855,31,193,1,-14.164,-4.108,-2.779,15.007,15.007,-10.673,196.174,0.012,0.007,0.011,32,
1986-01-25 00:07:25.377000+00:00,26855,31,225,1,-14.165,-4.108,-2.777,15.007,15.007,-10.662,196.172,0.008,0.006,0.009,32,
1986-01-25 00:07:27.297000+00:00,26855,31,257,1,-14.166,-4.104,-2.777,15.006,15.006,-10.666,196.156,0.01,0.014,0.009,32,
1986-01-25 00:07:29.217000+00:00,26855,31,289,1,-14.164,-4.103,-2.781,15.005,15.005,-10.679,196.157,0.016,0.012,0.014,32,
1986-01-25 00:07:31.137000+00:00,26855,31,321,1,-14.169,-4.092,-2.778,15.006,15.006,-10.67,196.111,0.011,0.007,0.015,32,
1986-01-25 00:07:33.057000+00:00,26855,31,353,1,-14.166,-4.086,-2.773,15.001,15.001,-10.653,196.089,0.007,0.016,0.011,32,
1986-01-25 00:07:34.977000+00:00,26855,31,385,1,-14.165,-4.083,-2.777,15.001,15.001,-10.666,196.077,0.016,0.011,0.012,32,
1986-01-25 00:07:36.897000+00:00,26855,31,417,1,-14.159,-4.093,-2.768,14.996,14.996,-10.638,196.125,0.015,0.007,0.01,32,
1986-01-25 00:07:38.817000+00:00,26855,31,449,1,-14.162,-4.094,-2.768,14.999,14.999,-10.635,196.123,0.013,0.013,0.009,32,
1986-01-25 00:07:40.737000+00:00,26855,31,481,1,-14.16,-4.095,-2.757,14.996,14.996,-10.594,196.129,0.013,0.009,0.014,32,
1986-01-25 00:07:42.657000+00:00,26855,31,513,1,-14.146,-4.102,-2.756,14.985,14.985,-10.6,196.171,0.008,0.01,0.015,32,
1986-01-25 00:07:44.577000+00:00,26855,31,545,1,-14.145,-4.109,-2.756,14.985,14.985,-10.598,196.197,0.012,0.014,0.009,32,
1986-01-25 00:07:46.497000+00:00,26855,31,577,1,-14.153,-4.103,-2.741,14.988,14.988,-10.537,196.167,0.015,0.011,0.013,32,
1986-01-25 00:07:48.417000+00:00,26855,31,609,1,-14.135,-4.102,-2.746,14.972,14.972,-10.567,196.183,0.012,0.008,0.013,32,
1986-01-25 00:07:50.337000+00:00,26855,31,641,1,-14.138,-4.106,-2.758,14.979,14.979,-10.611,196.193,0.008,0.01,0.007,32,
1986-01-25 00:07:52.257000+00:00,26855,31,673,1,-14.142,-4.109,-2.748,14.981,14.981,-10.571,196.201,0.015,0.016,0.013,32,
1986-01-25 00:07:54.177000+00:00,26855,31,705,1,-14.131,-4.099,-2.739,14.966,14.966,-10.544,196.178,0.012,0.01,0.02,32,
1986-01-25 00:07:56.097000+00:00,26855,31,737,1,-14.135,-4.104,-2.743,14.972,14.972,-10.556,196.192,0.009,0.014,0.007,32,
1986-01-25 00:07:58.017000+00:00,26855,31,769,1,-14.134,-4.1,-2.736,14.969,14.969,-10.531,196.175,0.015,0.015,0.012,32,
1986-01-25 00:07:59.937000+00:00,26855,32,1,1,-14.128,-4.096,-2.738,14.963,14.963,-10.545,196.167,0.021,0.007,0.012,32,
1986-01-25 00:08:01.857000+00:00,26855,32,33,1,-14.12,-4.089,-2.735,14.952,14.952,-10.538,196.15,0.006,0.014,0.009,32,
1986-01-25 00:08:03.777000+00:00,26855,32,65,1,-14.126,-4.095,-2.723,14.958,14.958,-10.488,196.166,0.012,0.012,0.01,32,
1986-01-25 00:08:05.697000+00:00,26855,32,97,1,-14.126,-4.103,-2.737,14.962,14.962,-10.541,196.196,0.017,0.006,0.009,32,
1986-01-25 00:08:07.617000+00:00,26855,32,129,1,-14.118,-4.096,-2.722,14.95,14.95,-10.49,196.177,0.009,0.013,0.011,32,
1986-01-25 00:08:09.537000+00:00,26855,32,161,1,-14.117,-4.1,-2.72,14.949,14.949,-10.484,196.195,0.009,0.016,0.007,32,
1986-01-25 00:08:11.457000+00:00,26855,32,193,1,-14.115,-4.098,-2.721,14.947,14.947,-10.49,196.188,0.016,0.009,0.008,32,
1986-01-25 00:08:13.377000+00:00,26855,32,225,1,-14.108,-4.092,-2.71,14.938,14.938,-10.452,196.174,0.005,0.015,0.013,32,
1986-01-25 00:08:15.297000+00:00,26855,32,257,1,-14.107,-4.094,-2.712,14.937,14.937,-10.46,196.184,0.009,0.014,0.009,32,
1986-01-25 00:08:17.217000+00:00,26855,32,289,1,-14.096,-4.091,-2.703,14.925,14.925,-10.433,196.182,0.013,0.009,0.009,32,
1986-01-25 00:08:19.137000+00:00,26855,32,321,1,-14.093,-4.092,-2.705,14.923,14.923,-10.445,196.19,0.005,0.016,0.015,32,
1986-01-25 00:08:21.057000+00:00,26855,32,353,1,-14.102,-4.085,-2.693,14.926,14.926,-10.394,196.153,0.011,0.011,0.008,32,
1986-01-25 00:08:22.977000+00:00,26855,32,385,1,-14.103,-4.088,-2.688,14.928,14.928,-10.374,196.163,0.018,0.007,0.007,32,
1986-01-25 00:08:24.897000+00:00,26855,32,417,1,-14.088,-4.082,-2.684,14.911,14.911,-10.37,196.159,0.007,0.017,0.013,32,
1986-01-25 00:08:26.817000+00:00,26855,32,449,1,-14.091,-4.093,-2.698,14.919,14.919,-10.418,196.197,0.012,0.012,0.009,32,
1986-01-25 00:08:28.737000+00:00,26855,32,481,1,-14.09,-4.086,-2.682,14.913,14.913,-10.361,196.171,0.015,0.008,0.009,32,
1986-01-25 00:08:30.657000+00:00,26855,32,513,1,-14.082,-4.089,-2.688,14.908,14.908,-10.388,196.193,0.008,0.01,0.012,32,
1986-01-25 00:08:32.577000+00:00,26855,32,545,1,-14.08,-4.08,-2.685,14.903,14.903,-10.379,196.158,0.01,0.017,0.008,32,
1986-01-25 00:08:34.497000+00:00,26855,32,577,1,-14.084,-4.081,-2.673,14.905,14.905,-10.329,196.159,0.019,0.008,0.011,32,
1986-01-25 00:08:36.417000+00:00,26855,32,609,1,-14.08,-4.083,-2.672,14.902,14.902,-10.33,196.172,0.005,0.013,0.014,32,
1986-01-25 00:08:38.337000+00:00,26855,32,641,1,-14.073,-4.087,-2.671,14.896,14.896,-10.331,196.193,0.01,0.009,0.01,32,
1986-01-25 00:08:40.257000+00:00,26855,32,673,1,-14.074,-4.086,-2.674,14.897,14.897,-10.34,196.188,0.017,0.009,0.011,32,
1986-01-25 00:08:42.177000+00:00,26855,32,705,1,-14.07,-4.087,-2.681,14.895,14.895,-10.37,196.197,0.005,0.011,0.012,32,
1986-01-25 00:08:44.097000+00:00,26855,32,737,1,-14.068,-4.088,-2.681,14.893,14.893,-10.37,196.202,0.013,0.011,0.01,32,
1986-01-25 00:08:46.017000+00:00,26855,32,769,1,-14.06,-4.091,-2.691,14.888,14.888,-10.412,196.223,0.017,0.009,0.01,32,
1986-01-25 00:08:47.937000+00:00,26855,33,1,1,-14.061,-4.084,-2.69,14.887,14.887,-10.411,196.195,0.014,0.009,0.014,32,
1986-01-25 00:08:49.857000+00:00,26855,33,33,1,-14.063,-4.087,-2.681,14.888,14.888,-10.372,196.203,0.006,0.011,0.017,32,
1986-01-25 00:08:51.777000+00:00,26855,33,65,1,-14.064,-4.087,-2.671,14.887,14.887,-10.335,196.206,0.01,0.012,0.008,32,
1986-01-25 00:08:53.697000+00:00,26855,33,97,1,-14.062,-4.076,-2.663,14.881,14.881,-10.31,196.164,0.013,0.007,0.017,32,
1986-01-25 00:08:55.617000+00:00,26855,33,129,1,-14.058,-4.078,-2.666,14.879,14.879,-10.322,196.178,0.01,0.015,0.018,32,
1986-01-25 00:08:57.537000+00:00,26855,33,161,1,-14.058,-4.086,-2.673,14.882,14.882,-10.347,196.206,0.009,0.014,0.008,32,
1986-01-25 00:08:59.457000+00:00,26855,33,193,1,-14.058,-4.089,-2.667,14.881,14.881,-10.324,196.217,0.008,0.005,0.011,32,
1986-01-25 00:09:01.377000+00:00,26855,33,225,1,-14.057,-4.093,-2.667,14.882,14.882,-10.325,196.236,0.008,0.011,0.015,32,
1986-01-25 00:09:03.297000+00:00,26855,33,257,1,-14.056,-4.092,-2.665,14.88,14.88,-10.315,196.23,0.009,0.013,0.007,32,
1986-01-25 00:09:05.217000+00:00,26855,33,289,1,-14.042,-4.094,-2.67,14.868,14.868,-10.345,196.252,0.015,0.006,0.008,32,
1986-01-25 00:09:07.137000+00:00,26855,33,321,1,-14.048,-4.094,-2.67,14.874,14.874,-10.339,196.248,0.009,0.016,0.016,32,
1986-01-25 00:09:09.057000+00:00,26855,33,353,1,-14.052,-4.092,-2.668,14.877,14.877,-10.329,196.236,0.012,0.013,0.01,32,
1986-01-25 00:09:10.977000+00:00,26855,33,385,1,-14.047,-4.089,-2.662,14.87,14.87,-10.314,196.231,0.018,0.005,0.015,32,
1986-01-25 00:09:12.897000+00:00,26855,33,417,1,-14.043,-4.092,-2.668,14.868,14.868,-10.339,196.248,0.008,0.016,0.015,32,
1986-01-25 00:09:14.817000+00:00,26855,33,449,1,-14.045,-4.087,-2.659,14.867,14.867,-10.303,196.226,0.012,0.01,0.008,32,
1986-01-25 00:09:16.737000+00:00,26855,33,481,1,-14.036,-4.083,-2.649,14.856,14.856,-10.271,196.218,0.011,0.007,0.015,32,
1986-01-25 00:09:18.657000+00:00,26855,33,513,1,-14.029,-4.093,-2.653,14.853,14.853,-10.291,196.264,0.009,0.01,0.015,32,
1986-01-25 00:09:20.577000+00:00,26855,33,545,1,-14.036,-4.084,-2.64,14.854,14.854,-10.237,196.222,0.01,0.015,0.008,32,
1986-01-25 00:09:22.497000+00:00,26855,33,577,1,-14.043,-4.09,-2.644,14.863,14.863,-10.248,196.237,0.015,0.007,0.014,32,
1986-01-25 00:09:24.417000+00:00,26855,33,609,1,-14.043,-4.084,-2.644,14.862,14.862,-10.248,196.216,0.007,0.013,0.017,32,
1986-01-25 00:09:26.337000+00:00,26855,33,641,1,-14.035,-4.082,-2.642,14.854,14.854,-10.248,196.216,0.011,0.014,0.007,32,
1986-01-25 00:09:28.257000+00:00,26855,33,673,1,-14.024,-4.089,-2.653,14.847,14.847,-10.293,196.254,0.014,0.009,0.015,32,
1986-01-25 00:09:30.177000+00:00,26855,33,705,1,-14.013,-4.084,-2.649,14.834,14.834,-10.285,196.247,0.006,0.017,0.014,32,
1986-01-25 00:09:32.097000+00:00,26855,33,737,1,-14.017,-4.079,-2.642,14.835,14.835,-10.257,196.227,0.009,0.013,0.007,32,
1986-01-25 00:09:34.017000+00:00,26855,33,769,1,-14.018,-4.079,-2.642,14.837,14.837,-10.258,196.225,0.015,0.009,0.012,32,
1986-01-25 00:09:35.937000+00:00,26855,34,1,1,-14.012,-4.073,-2.644,14.83,14.83,-10.27,196.207,0.017,0.013,0.015,32,
1986-01-25 00:09:37.857000+00:00,26855,34,33,1,-14.005,-4.066,-2.633,14.82,14.82,-10.234,196.19,0.011,0.01,0.012,32,
1986-01-25 00:09:39.777000+00:00,26855,34,65,1,-14.003,-4.07,-2.641,14.82,14.82,-10.267,196.207,0.01,0.011,0.012,32,
1986-01-25 00:09:41.697000+00:00,26855,34,97,1,-14.003,-4.066,-2.63,14.817,14.817,-10.223,196.193,0.014,0.012,0.009,32,
1986-01-25 00:09:43.617000+00:00,26855,34,129,1,-14.004,-4.078,-2.629,14.82,14.82,-10.216,196.234,0.006,0.01,0.013,32,
1986-01-25 00:09:45.537000+00:00,26855,34,161,1,-13.999,-4.073,-2.634,14.815,14.815,-10.241,196.224,0.01,0.011,0.012,32,
1986-01-25 00:09:47.457000+00:00,26855,34,193,1,-14.0,-4.072,-2.623,14.815,14.815,-10.198,196.217,0.016,0.011,0.011,32,
1986-01-25 00:09:49.377000+00:00,26855,34,225,1,-13.999,-4.076,-2.612,14.812,14.812,-10.156,196.233,0.007,0.012,0.012,32,
1986-01-25 00:09:51.297000+00:00,26855,34,257,1,-13.996,-4.075,-2.612,14.81,14.81,-10.158,196.234,0.009,0.017,0.009,32,
1986-01-25 00:09:53.217000+00:00,26855,34,289,1,-14.001,-4.072,-2.61,14.813,14.813,-10.149,196.216,0.016,0.011,0.018,32,
1986-01-25 00:09:55.137000+00:00,26855,34,321,1,-13.993,-4.067,-2.608,14.803,14.803,-10.146,196.205,0.007,0.017,0.01,32,
1986-01-25 00:09:57.057000+00:00,26855,34,353,1,-13.98,-4.071,-2.604,14.792,14.792,-10.138,196.235,0.008,0.014,0.01,32,
1986-01-25 00:09:58.977000+00:00,26855,34,385,1,-13.985,-4.061,-2.599,14.793,14.793,-10.12,196.193,0.016,0.009,0.012,32,
1986-01-25 00:10:00.897000+00:00,26855,34,417,1,-13.992,-4.066,-2.602,14.801,14.801,-10.126,196.202,0.009,0.015,0.012,32,
1986-01-25 00:10:02.817000+00:00,26855,34,449,1,-13.992,-4.066,-2.601,14.802,14.802,-10.121,196.204,0.008,0.014,0.015,32,
1986-01-25 00:10:04.737000+00:00,26855,34,481,1,-13.996,-4.073,-2.601,14.807,14.807,-10.117,196.227,0.015,0.013,0.011,32,
1986-01-25 00:10:06.657000+00:00,26855,34,513,1,-13.98,-4.064,-2.612,14.791,14.791,-10.172,196.21,0.01,0.012,0.015,32,
1986-01-25 00:10:08.577000+00:00,26855,34,545,1,-13.971,-4.063,-2.611,14.782,14.782,-10.175,196.214,0.008,0.014,0.011,32,
1986-01-25 00:10:10.497000+00:00,26855,34,577,1,-13.974,-4.069,-2.609,14.787,14.787,-10.162,196.233,0.018,0.011,0.011,32,
1986-01-25 00:10:12.417000+00:00,26855,34,609,1,-13.978,-4.081,-2.597,14.792,14.792,-10.112,196.276,0.01,0.013,0.015,32,
1986-01-25 00:10:14.337000+00:00,26855,34,641,1,-13.975,-4.077,-2.603,14.789,14.789,-10.138,196.262,0.008,0.013,0.011,32,
1986-01-25 00:10:16.257000+00:00,26855,34,673,1,-13.969,-4.065,-2.606,14.78,14.78,-10.157,196.227,0.015,0.013,0.011,32,
1986-01-25 00:10:18.177000+00:00,26855,34,705,1,-13.969,-4.084,-2.608,14.785,14.785,-10.161,196.295,0.011,0.012,0.016,32,
1986-01-25 00:10:20.097000+00:00,26855,34,737,1,-13.968,-4.07,-2.582,14.777,14.777,-10.064,196.245,0.01,0.017,0.007,32,
1986-01-25 00:10:22.017000+00:00,26855,34,769,1,-13.964,-4.067,-2.584,14.773,14.773,-10.074,196.239,0.013,0.01,0.013,32,
1986-01-25 00:10:23.937000+00:00,26855,35,1,1,-13.967,-4.065,-2.584,14.774,14.774,-10.074,196.227,0.013,0.009,0.011,32,
1986-01-25 00:10:25.857000+00:00,26855,35,33,1,-13.967,-4.064,-2.589,14.775,14.775,-10.091,196.223,0.012,0.009,0.014,32,
1986-01-25 00:10:27.777000+00:00,26855,35,65,1,-13.961,-4.067,-2.594,14.771,14.771,-10.115,196.242,0.013,0.01,0.011,32,
1986-01-25 00:10:29.697000+00:00,26855,35,97,1,-13.961,-4.067,-2.576,14.768,14.768,-10.044,196.242,0.016,0.008,0.014,32,
1986-01-25 00:10:31.617000+00:00,26855,35,129,1,-13.96,-4.062,-2.58,14.766,14.766,-10.064,196.223,0.012,0.012,0.013,32,
1986-01-25 00:10:33.537000+00:00,26855,35,161,1,-13.955,-4.061,-2.582,14.762,14.762,-10.073,196.226,0.013,0.014,0.01,32,
1986-01-25 00:10:35.457000+00:00,26855,35,193,1,-13.956,-4.063,-2.567,14.761,14.761,-10.013,196.23,0.007,0.01,0.009,32,
1986-01-25 00:10:37.377000+00:00,26855,35,225,1,-13.952,-4.066,-2.57,14.758,14.758,-10.028,196.248,0.011,0.009,0.015,32,
1986-01-25 00:10:39.297000+00:00,26855,35,257,1,-13.955,-4.061,-2.564,14.758,14.758,-10.003,196.224,0.01,0.007,0.008,32,
1986-01-25 00:10:41.217000+00:00,26855,35,289,1,-13.957,-4.065,-2.557,14.76,14.76,-9.977,196.238,0.016,0.01,0.015,32,
1986-01-25 00:10:43.137000+00:00,26855,35,321,1,-13.951,-4.06,-2.559,14.754,14.754,-9.989,196.225,0.01,0.008,0.014,32,
1986-01-25 00:10:45.057000+00:00,26855,35,353,1,-13.954,-4.054,-2.559,14.755,14.755,-9.988,196.198,0.012,0.014,0.007,32,
1986-01-25 00:10:46.977000+00:00,26855,35,385,1,-13.943,-4.064,-2.576,14.751,14.751,-10.058,196.251,0.019,0.008,0.013,32,
1986-01-25 00:10:48.897000+00:00,26855,35,417,1,-13.941,-4.053,-2.565,14.744,14.744,-10.02,196.211,0.008,0.01,0.01,32,
1986-01-25 00:10:50.817000+00:00,26855,35,449,1,-13.942,-4.05,-2.552,14.742,14.742,-9.971,196.198,0.012,0.014,0.009,32,
1986-01-25 00:10:52.737000+00:00,26855,35,481,1,-13.94,-4.046,-2.556,14.74,14.74,-9.986,196.184,0.016,0.009,0.012,32,
1986-01-25 00:10:54.657000+00:00,26855,35,513,1,-13.943,-4.052,-2.549,14.742,14.742,-9.956,196.203,0.011,0.008,0.014,32,
1986-01-25 00:10:56.577000+00:00,26855,35,545,1,-13.94,-4.049,-2.558,14.741,14.741,-9.993,196.196,0.009,0.009,0.009,32,
1986-01-25 00:10:58.497000+00:00,26855,35,577,1,-13.942,-4.051,-2.545,14.741,14.741,-9.944,196.2,0.014,0.009,0.01,32,
1986-01-25 00:11:00.417000+00:00,26855,35,609,1,-13.932,-4.053,-2.555,14.733,14.733,-9.985,196.222,0.009,0.008,0.009,32,
1986-01-25 00:11:02.337000+00:00,26855,35,641,1,-13.933,-4.052,-2.56,14.735,14.735,-10.003,196.217,0.009,0.013,0.011,32,
1986-01-25 00:11:04.257000+00:00,26855,35,673,1,-13.934,-4.054,-2.565,14.737,14.737,-10.022,196.222,0.011,0.01,0.013,32,
1986-01-25 00:11:06.177000+00:00,26855,35,705,1,-13.919,-4.105,-2.556,14.735,14.735,-9.991,196.434,0.011,0.013,0.007,32,
1986-01-25 00:11:08.097000+00:00,26855,35,737,1,-13.911,-4.093,-2.552,14.723,14.723,-9.982,196.395,0.006,0.01,0.01,32,
1986-01-25 00:11:10.017000+00:00,26855,35,769,1,-13.918,-4.099,-2.554,14.731,14.731,-9.985,196.409,0.013,0.006,0.014,12,
1986-01-25 00:11:11.936000+00:00,26855,36,1,1,,,,,,,,,,,0,T    R
1986-01-25 00:11:13.856000+00:00,26855,36,33,1,,,,,,,,,,,0,T    R
1986-01-25 00:11:15.776000+00:00,26855,36,65,1,,,,,,,,,,,0,T    R
1986-01-25 00:11:17.696000+00:00,26855,36,97,1,,,,,,,,,,,0,T    R
1986-01-25 00:11:19.616000+00:00,26855,36,129,1,,,,,,,,,,,0,T    R
1986-01-25 00:11:21.536000+00:00,26855,36,161,1,,,,,,,,,,,0,T    R
1986-01-25 00:11:23.456000+00:00,26855,36,193,1,,,,,,,,,,,0,T    R
1986-01-25 00:11:25.376000+00:00,26855,36,225,1,,,,,,,,,,,0,T    R
1986-01-25 00:11:27.296000+00:00,26855,36,257,1,-13.881,-4.119,-2.529,14.698,14.698,-9.908,196.529,,0.011,0.008,32,T    R
1986-01-25 00:11:29.216000+00:00,26855,36,289,1,-13.876,-4.108,-2.527,14.69,14.69,-9.904,196.491,,0.007,0.016,32,T    R
1986-01-25 00:11:31.136000+00:00,26855,36,321,1,-13.869,-4.103,-2.519,14.681,14.681,-9.879,196.482,,0.013,0.014,32,T    R
1986-01-25 00:11:33.056000+00:00,26855,36,353,1,-13.859,-4.101,-2.527,14.672,14.672,-9.919,196.482,,0.015,0.007,32,T    R
1986-01-25 00:11:34.976000+00:00,26855,36,385,1,-13.88,-4.114,-2.528,14.695,14.695,-9.905,196.51,,0.01,0.011,32,T    R
1986-01-25 00:11:36.896000+00:00,26855,36,417,1,-13.88,-4.111,-2.527,14.694,14.694,-9.902,196.5,,0.009,0.016,32,T    R
1986-01-25 00:11:38.816000+00:00,26855,36,449,1,-13.876,-4.109,-2.512,14.688,14.688,-9.848,196.496,,0.012,0.01,32,T    R
1986-01-25 00:11:40.736000+00:00,26855,36,481,1,-13.861,-4.106,-2.515,14.673,14.673,-9.869,196.501,,0.009,0.013,32,T    R
1986-01-25 00:11:42.656000+00:00,26855,36,513,1,-13.852,-4.106,-2.504,14.662,14.662,-9.835,196.513,,0.013,0.015,32,T    R
1986-01-25 00:11:44.576000+00:00,26855,36,545,1,-13.869,-4.104,-2.504,14.679,14.679,-9.823,196.482,,0.015,0.007,32,T    R
1986-01-25 00:11:46.496000+00:00,26855,36,577,1,-13.865,-4.1,-2.5,14.673,14.673,-9.811,196.472,,0.012,0.011,32,T    R
1986-01-25 00:11:48.416000+00:00,26855,36,609,1,-13.86,-4.092,-2.496,14.665,14.665,-9.799,196.448,,0.014,0.019,32,T    R
1986-01-25 00:11:50.336000+00:00,26855,36,641,1,-13.842,-4.089,-2.504,14.648,14.648,-9.844,196.456,,0.014,0.008,32,T    R
1986-01-25 00:11:52.256000+00:00,26855,36,673,1,-13.849,-4.091,-2.496,14.654,14.654,-9.805,196.458,,0.011,0.012,32,T    R
1986-01-25 00:11:54.176000+00:00,26855,36,705,1,-13.839,-4.084,-2.49,14.642,14.642,-9.79,196.443,,0.015,0.013,32,T    R
1986-01-25 00:11:56.096000+00:00,26855,36,737,1,-13.841,-4.083,-2.493,14.645,14.645,-9.802,196.436,,0.015,0.011,32,T    R
1986-01-25 00:11:58.016000+00:00,26855,36,769,1,-13.836,-4.072,-2.497,14.637,14.637,-9.824,196.4,0.011,0.012,0.008,32,T    R
1986-01-25 00:11:59.936000+00:00,26855,37,1,1,-13.836,-4.082,-2.499,14.641,14.641,-9.83,196.439,0.016,0.014,0.006,32,
1986-01-25 00:12:01.856000+00:00,26855,37,33,1,-13.837,-4.075,-2.505,14.64,14.64,-9.852,196.411,0.009,0.009,0.014,32,
1986-01-25 00:12:03.776000+00:00,26855,37,65,1,-13.835,-4.077,-2.506,14.639,14.639,-9.857,196.419,0.011,0.009,0.01,32,
1986-01-25 00:12:05.696000+00:00,26855,37,97,1,-13.83,-4.077,-2.508,14.635,14.635,-9.867,196.425,0.012,0.009,0.014,32,
1986-01-25 00:12:07.616000+00:00,26855,37,129,1,-13.834,-4.072,-2.509,14.637,14.637,-9.868,196.402,0.01,0.007,0.009,32,
1986-01-25 00:12:09.536000+00:00,26855,37,161,1,-13.83,-4.066,-2.508,14.631,14.631,-9.872,196.382,0.01,0.011,0.012,32,
1986-01-25 00:12:11.456000+00:00,26855,37,193,1,-13.829,-4.066,-2.515,14.631,14.631,-9.897,196.383,0.016,0.011,0.014,32,
1986-01-25 00:12:13.376000+00:00,26855,37,225,1,-13.831,-4.056,-2.506,14.629,14.629,-9.861,196.343,0.011,0.008,0.009,32,
1986-01-25 00:12:15.296000+00:00,26855,37,257,1,-13.832,-4.051,-2.5,14.628,14.628,-9.84,196.324,0.01,0.008,0.009,32,
1986-01-25 00:12:17.216000+00:00,26855,37,289,1,-13.833,-4.05,-2.496,14.628,14.628,-9.826,196.319,0.019,0.011,0.014,32,
1986-01-25 00:12:19.136000+00:00,26855,37,321,1,-13.83,-4.051,-2.504,14.627,14.627,-9.857,196.325,0.01,0.01,0.013,32,
1986-01-25 00:12:21.056000+00:00,26855,37,353,1,-13.825,-4.047,-2.507,14.621,14.621,-9.872,196.315,0.009,0.016,0.008,32,
1986-01-25 00:12:22.976000+00:00,26855,37,385,1,-13.826,-4.06,-2.519,14.628,14.628,-9.915,196.364,0.015,0.012,0.014,32,
1986-01-25 00:12:24.896000+00:00,26855,37,417,1,-13.819,-4.052,-2.511,14.618,14.618,-9.893,196.34,0.013,0.009,0.013,32,
1986-01-25 00:12:26.816000+00:00,26855,37,449,1,-13.818,-4.044,-2.505,14.613,14.613,-9.871,196.313,0.006,0.016,0.007,32,
1986-01-25 00:12:28.736000+00:00,26855,37,481,1,-13.809,-4.046,-2.501,14.605,14.605,-9.858,196.33,0.018,0.011,0.014,32,
1986-01-25 00:12:30.656000+00:00,26855,37,513,1,-13.822,-4.045,-2.499,14.616,14.616,-9.845,196.312,0.013,0.012,0.017,32,
1986-01-25 00:12:32.576000+00:00,26855,37,545,1,-13.813,-4.043,-2.5,14.608,14.608,-9.855,196.314,0.007,0.011,0.01,32,
1986-01-25 00:12:34.496000+00:00,26855,37,577,1,-13.812,-4.045,-2.496,14.607,14.607,-9.837,196.322,0.017,0.01,0.012,32,
1986-01-25 00:12:36.416000+00:00,26855,37,609,1,-13.814,-4.042,-2.501,14.609,14.609,-9.857,196.308,0.012,0.015,0.02,32,
1986-01-25 00:12:38.336000+00:00,26855,37,641,1,-13.816,-4.044,-2.496,14.61,14.61,-9.837,196.315,0.006,0.013,0.009,32,
1986-01-25 00:12:40.256000+00:00,26855,37,673,1,-13.817,-4.04,-2.487,14.608,14.608,-9.801,196.298,0.011,0.009,0.013,32,
1986-01-25 00:12:42.176000+00:00,26855,37,705,1,-13.814,-4.043,-2.487,14.607,14.607,-9.804,196.314,0.012,0.016,0.016,32,
1986-01-25 00:12:44.096000+00:00,26855,37,737,1,-13.809,-4.031,-2.473,14.596,14.596,-9.756,196.274,0.009,0.019,0.01,32,
1986-01-25 00:12:46.016000+00:00,26855,37,769,1,-13.809,-4.038,-2.475,14.599,14.599,-9.762,196.299,0.014,0.011,0.014,32,
1986-01-25 00:12:47.936000+00:00,26855,38,1,1,-13.807,-4.037,-2.477,14.597,14.597,-9.768,196.299,0.018,0.015,0.011,32,
1986-01-25 00:12:49.856000+00:00,26855,38,33,1,-13.815,-4.023,-2.451,14.596,14.596,-9.667,196.236,0.009,0.013,0.019,32,
1986-01-25 00:12:51.776000+00:00,26855,38,65,1,-13.815,-4.022,-2.447,14.595,14.595,-9.65,196.233,0.015,0.017,0.014,32,
1986-01-25 00:12:53.696000+00:00,26855,38,97,1,-13.804,-4.019,-2.441,14.583,14.583,-9.635,196.231,0.011,0.011,0.013,32,
1986-01-25 00:12:55.616000+00:00,26855,38,129,1,-13.809,-4.02,-2.433,14.587,14.587,-9.603,196.232,0.01,0.006,0.009,32,
1986-01-25 00:12:57.536000+00:00,26855,38,161,1,-13.81,-4.021,-2.437,14.588,14.588,-9.615,196.233,0.015,0.019,0.014,32,
1986-01-25 00:12:59.456000+00:00,26855,38,193,1,-13.809,-4.013,-2.432,14.585,14.585,-9.598,196.205,0.013,0.01,0.011,32,
1986-01-25 00:13:01.376000+00:00,26855,38,225,1,-13.8,-4.014,-2.425,14.575,14.575,-9.579,196.218,0.01,0.008,0.017,32,
1986-01-25 00:13:03.296000+00:00,26855,38,257,1,-13.802,-4.01,-2.407,14.573,14.573,-9.506,196.201,0.012,0.019,0.013,32,
1986-01-25 00:13:05.216000+00:00,26855,38,289,1,-13.792,-4.016,-2.415,14.567,14.567,-9.542,196.235,0.013,0.014,0.01,32,
1986-01-25 00:13:07.136000+00:00,26855,38,321,1,-13.792,-4.024,-2.407,14.568,14.568,-9.509,196.266,0.011,0.013,0.014,32,
1986-01-25 00:13:09.056000+00:00,26855,38,353,1,-13.8,-4.01,-2.404,14.57,14.57,-9.496,196.203,0.016,0.016,0.012,32,
1986-01-25 00:13:10.976000+00:00,26855,38,385,1,-13.798,-4.012,-2.404,14.569,14.569,-9.496,196.212,0.013,0.01,0.013,32,
1986-01-25 00:13:12.896000+00:00,26855,38,417,1,-13.795,-4.005,-2.387,14.561,14.561,-9.434,196.188,0.012,0.01,0.009,32,
1986-01-25 00:13:14.816000+00:00,26855,38,449,1,-13.787,-4.008,-2.396,14.557,14.557,-9.474,196.211,0.018,0.011,0.011,32,
1986-01-25 00:13:16.736000+00:00,26855,38,481,1,-13.794,-4.007,-2.392,14.562,14.562,-9.453,196.198,0.017,0.013,0.008,32,
1986-01-25 00:13:18.656000+00:00,26855,38,513,1,-13.785,-4.019,-2.393,14.557,14.557,-9.462,196.254,0.01,0.011,0.015,32,
1986-01-25 00:13:20.576000+00:00,26855,38,545,1,-13.779,-4.012,-2.402,14.551,14.551,-9.5,196.235,0.015,0.017,0.014,32,
1986-01-25 00:13:22.496000+00:00,26855,38,577,1,-13.766,-4.007,-2.385,14.534,14.534,-9.443,196.23,0.013,0.013,0.014,32,
1986-01-25 00:13:24.416000+00:00,26855,38,609,1,-13.772,-3.997,-2.373,14.535,14.535,-9.395,196.185,0.008,0.009,0.017,32,
1986-01-25 00:13:26.336000+00:00,26855,38,641,1,-13.774,-4.008,-2.369,14.539,14.539,-9.376,196.225,0.016,0.013,0.013,32,
1986-01-25 00:13:28.256000+00:00,26855,38,673,1,-13.767,-4.008,-2.367,14.533,14.533,-9.373,196.231,0.015,0.012,0.011,32,
1986-01-25 00:13:30.176000+00:00,26855,38,705,1,-13.774,-4.01,-2.371,14.54,14.54,-9.386,196.233,0.01,0.006,0.014,32,
1986-01-25 00:13:32.096000+00:00,26855,38,737,1,-13.769,-3.999,-2.363,14.532,14.532,-9.357,196.193,0.01,0.018,0.012,32,
1986-01-25 00:13:34.016000+00:00,26855,38,769,1,-13.773,-3.986,-2.359,14.531,14.531,-9.344,196.141,0.016,0.014,0.011,32,
1986-01-25 00:13:35.936000+00:00,26855,39,1,1,-13.761,-3.999,-2.37,14.525,14.525,-9.39,196.202,0.013,0.014,0.012,32,
1986-01-25 00:13:37.856000+00:00,26855,39,33,1,-13.759,-3.992,-2.363,14.52,14.52,-9.365,196.18,0.014,0.011,0.019,32,
1986-01-25 00:13:39.776000+00:00,26855,39,65,1,-13.757,-4.002,-2.369,14.521,14.521,-9.39,196.22,0.009,0.019,0.015,32,
1986-01-25 00:13:41.696000+00:00,26855,39,97,1,-13.755,-3.994,-2.358,14.516,14.516,-9.35,196.192,0.017,0.013,0.009,32,
1986-01-25 00:13:43.616000+00:00,26855,39,129,1,-13.759,-3.991,-2.342,14.516,14.516,-9.285,196.174,0.011,0.009,0.017,32,
1986-01-25 00:13:45.536000+00:00,26855,39,161,1,-13.753,-3.988,-2.349,14.511,14.511,-9.316,196.169,0.009,0.016,0.012,32,
1986-01-25 00:13:47.456000+00:00,26855,39,193,1,-13.749,-3.993,-2.357,14.51,14.51,-9.348,196.195,0.016,0.013,0.01,32,
1986-01-25 00:13:49.376000+00:00,26855,39,225,1,-13.749,-3.989,-2.366,14.51,14.51,-9.383,196.181,0.012,0.011,0.016,32,
1986-01-25 00:13:51.296000+00:00,26855,39,257,1,-13.751,-4.004,-2.365,14.515,14.515,-9.377,196.233,0.007,0.014,0.013,32,
1986-01-25 00:13:53.216000+00:00,26855,39,289,1,-13.74,-4.002,-2.355,14.503,14.504,-9.346,196.239,0.017,0.014,0.009,32,
1986-01-25 00:13:55.136000+00:00,26855,39,321,1,-13.739,-4.0,-2.357,14.502,14.502,-9.352,196.232,0.017,0.011,0.018,32,
1986-01-25 00:13:57.056000+00:00,26855,39,353,1,-13.739,-3.995,-2.352,14.5,14.5,-9.336,196.211,0.012,0.016,0.011,32,
1986-01-25 00:13:58.976000+00:00,26855,39,385,1,-13.737,-3.993,-2.364,14.5,14.5,-9.384,196.207,0.014,0.012,0.009,32,
1986-01-25 00:14:00.896000+00:00,26855,39,417,1,-13.739,-4.002,-2.359,14.503,14.503,-9.36,196.239,0.012,0.01,0.014,32,
1986-01-25 00:14:02.816000+00:00,26855,39,449,1,-13.73,-4.007,-2.367,14.498,14.498,-9.396,196.268,0.006,0.015,0.011,32,
1986-01-25 00:14:04.736000+00:00,26855,39,481,1,-13.734,-3.996,-2.353,14.495,14.495,-9.342,196.222,0.013,0.011,0.014,32,
1986-01-25 00:14:06.656000+00:00,26855,39,513,1,-13.732,-3.994,-2.355,14.494,14.494,-9.35,196.216,0.013,0.01,0.014,32,
1986-01-25 00:14:08.576000+00:00,26855,39,545,1,-13.732,-3.991,-2.35,14.492,14.492,-9.332,196.205,0.011,0.014,0.013,32,
1986-01-25 00:14:10.496000+00:00,26855,39,577,1,-13.728,-3.995,-2.344,14.488,14.488,-9.309,196.227,0.017,0.013,0.013,32,
1986-01-25 00:14:12.416000+00:00,26855,39,609,1,-13.731,-3.993,-2.342,14.49,14.49,-9.301,196.213,0.016,0.011,0.01,32,
1986-01-25 00:14:14.336000+00:00,26855,39,641,1,-13.722,-3.997,-2.343,14.483,14.483,-9.309,196.241,0.01,0.018,0.013,32,
1986-01-25 00:14:16.256000+00:00,26855,39,673,1,-13.719,-3.995,-2.348,14.481,14.481,-9.33,196.233,0.016,0.015,0.014,32,
1986-01-25 00:14:18.176000+00:00,26855,39,705,1,-13.714,-3.998,-2.346,14.477,14.477,-9.327,196.254,0.013,0.009,0.015,32,
1986-01-25 00:14:20.096000+00:00,26855,39,737,1,-13.709,-3.997,-2.34,14.47,14.47,-9.308,196.254,0.009,0.019,0.009,32,
1986-01-25 00:14:22.016000+00:00,26855,39,769,1,-13.707,-4.002,-2.341,14.47,14.47,-9.309,196.275,0.018,0.014,0.013,32,
1986-01-25 00:14:23.936000+00:00,26855,40,1,1,-13.722,-3.999,-2.339,14.483,14.483,-9.293,196.248,0.015,0.014,0.017,32,
1986-01-25 00:14:25.856000+00:00,26855,40,33,1,-13.707,-3.992,-2.335,14.466,14.466,-9.288,196.237,0.013,0.012,0.014,32,
1986-01-25 00:14:27.776000+00:00,26855,40,65,1,-13.699,-4.004,-2.337,14.462,14.462,-9.301,196.294,0.009,0.013,0.008,32,
1986-01-25 00:14:29.696000+00:00,26855,40,97,1,-13.688,-4.003,-2.346,14.454,14.454,-9.343,196.303,0.012,0.011,0.009,32,
1986-01-25 00:14:31.616000+00:00,26855,40,129,1,-13.692,-4.001,-2.332,14.454,14.454,-9.283,196.29,0.013,0.014,0.009,32,
1986-01-25 00:14:33.536000+00:00,26855,40,161,1,-13.687,-3.998,-2.34,14.45,14.45,-9.318,196.283,0.014,0.015,0.009,32,
1986-01-25 00:14:35.456000+00:00,26855,40,193,1,-13.691,-3.987,-2.331,14.449,14.449,-9.285,196.236,0.017,0.014,0.014,32,
1986-01-25 00:14:37.376000+00:00,26855,40,225,1,-13.689,-3.992,-2.33,14.449,14.449,-9.279,196.258,0.009,0.014,0.013,32,
1986-01-25 00:14:39.296000+00:00,26855,40,257,1,-13.68,-3.993,-2.322,14.439,14.439,-9.255,196.271,0.011,0.013,0.009,32,
1986-01-25 00:14:41.216000+00:00,26855,40,289,1,-13.669,-3.995,-2.331,14.43,14.43,-9.296,196.29,0.019,0.009,0.017,32,
1986-01-25 00:14:43.136000+00:00,26855,40,321,1,-13.671,-3.993,-2.319,14.43,14.43,-9.25,196.283,0.012,0.013,0.013,32,
1986-01-25 00:14:45.056000+00:00,26855,40,353,1,-13.67,-3.992,-2.317,14.428,14.428,-9.242,196.279,0.007,0.009,0.011,32,
1986-01-25 00:14:46.976000+00:00,26855,40,385,1,-13.66,-3.99,-2.308,14.417,14.417,-9.213,196.282,0.012,0.01,0.018,32,
1986-01-25 00:14:48.896000+00:00,26855,40,417,1,-13.672,-3.995,-2.318,14.431,14.431,-9.243,196.288,0.008,0.013,0.014,32,
1986-01-25 00:14:50.816000+00:00,26855,40,449,1,-13.672,-3.994,-2.32,14.431,14.431,-9.251,196.287,0.008,0.013,0.012,32,
1986-01-25 00:14:52.736000+00:00,26855,40,481,1,-13.657,-3.994,-2.315,14.416,14.416,-9.239,196.3,0.011,0.011,0.009,32,
1986-01-25 00:14:54.656000+00:00,26855,40,513,1,-13.659,-4.001,-2.323,14.421,14.422,-9.27,196.324,0.011,0.016,0.013,32,
1986-01-25 00:14:56.576000+00:00,26855,40,545,1,-13.65,-3.998,-2.308,14.409,14.409,-9.219,196.323,0.01,0.012,0.008,32,
1986-01-25 00:14:58.496000+00:00,26855,40,577,1,-13.66,-3.989,-2.305,14.416,14.416,-9.199,196.28,0.012,0.012,0.012,32,
1986-01-25 00:15:00.416000+00:00,26855,40,609,1,-13.676,-3.996,-2.306,14.433,14.433,-9.193,196.288,0.012,0.016,0.011,32,
1986-01-25 00:15:02.336000+00:00,26855,40,641,1,-13.659,-3.993,-2.304,14.416,14.416,-9.197,196.294,0.014,0.01,0.01,32,
1986-01-25 00:15:04.256000+00:00,26855,40,673,1,-13.648,-3.993,-2.307,14.406,14.406,-9.214,196.307,0.017,0.013,0.009,32,
1986-01-25 00:15:06.176000+00:00,26855,40,705,1,-13.653,-3.993,-2.301,14.409,14.409,-9.187,196.303,0.016,0.012,0.011,32,
1986-01-25 00:15:08.096000+00:00,26855,40,737,1,-13.648,-3.996,-2.301,14.406,14.406,-9.192,196.318,0.009,0.013,0.008,32,
1986-01-25 00:15:10.016000+00:00,26855,40,769,1,-13.645,-3.995,-2.3,14.402,14.402,-9.189,196.321,0.017,0.009,0.008,32,
1986-01-25 00:15:11.936000+00:00,26855,41,1,1,-13.642,-3.995,-2.299,14.399,14.399,-9.188,196.323,0.013,0.008,0.013,32,
1986-01-25 00:15:13.856000+00:00,26855,41,33,1,-13.638,-3.993,-2.295,14.394,14.394,-9.175,196.319,0.008,0.011,0.013,32,
1986-01-25 00:15:15.776000+00:00,26855,41,65,1,-13.641,-3.991,-2.297,14.398,14.398,-9.182,196.309,0.007,0.011,0.009,32,
1986-01-25 00:15:17.696000+00:00,26855,41,97,1,-13.631,-3.999,-2.305,14.391,14.391,-9.215,196.349,0.011,0.01,0.014,32,
1986-01-25 00:15:19.616000+00:00,26855,41,129,1,-13.641,-3.993,-2.286,14.396,14.396,-9.136,196.316,0.008,0.01,0.011,32,
1986-01-25 00:15:21.536000+00:00,26855,41,161,1,-13.635,-3.99,-2.286,14.389,14.389,-9.141,196.31,0.008,0.011,0.01,32,
1986-01-25 00:15:23.456000+00:00,26855,41,193,1,-13.632,-3.986,-2.285,14.385,14.385,-9.138,196.299,0.013,0.008,0.012,32,
1986-01-25 00:15:25.376000+00:00,26855,41,225,1,-13.631,-3.989,-2.28,14.385,14.385,-9.119,196.313,0.007,0.01,0.013,32,
1986-01-25 00:15:27.296000+00:00,26855,41,257,1,-13.634,-3.988,-2.285,14.388,14.388,-9.138,196.304,0.01,0.014,0.007,32,
1986-01-25 00:15:29.216000+00:00,26855,41,289,1,-13.632,-3.988,-2.28,14.385,14.385,-9.12,196.306,0.018,0.007,0.012,32,
1986-01-25 00:15:31.136000+00:00,26855,41,321,1,-13.628,-3.991,-2.28,14.383,14.383,-9.123,196.321,0.009,0.011,0.014,32,
1986-01-25 00:15:33.056000+00:00,26855,41,353,1,-13.633,-3.99,-2.276,14.386,14.386,-9.103,196.316,0.009,0.011,0.013,32,
1986-01-25 00:15:34.976000+00:00,26855,41,385,1,-13.618,-3.993,-2.282,14.374,14.374,-9.133,196.34,0.014,0.007,0.016,32,
1986-01-25 00:15:36.896000+00:00,26855,41,417,1,-13.621,-3.989,-2.278,14.375,14.375,-9.119,196.322,0.009,0.01,0.014,32,
1986-01-25 00:15:38.816000+00:00,26855,41,449,1,-13.617,-3.989,-2.277,14.371,14.371,-9.117,196.327,0.01,0.01,0.007,32,
1986-01-25 00:15:40.736000+00:00,26855,41,481,1,-13.615,-3.99,-2.275,14.369,14.369,-9.109,196.335,0.008,0.008,0.016,32,
1986-01-25 00:15:42.656000+00:00,26855,41,513,1,-13.613,-3.988,-2.272,14.365,14.365,-9.1,196.327,0.011,0.01,0.015,32,
1986-01-25 00:15:44.576000+00:00,26855,41,545,1,-13.604,-3.986,-2.275,14.357,14.357,-9.119,196.332,0.011,0.011,0.01,32,
1986-01-25 00:15:46.496000+00:00,26855,41,577,1,-13.607,-3.981,-2.275,14.359,14.359,-9.118,196.308,0.013,0.007,0.013,32,
1986-01-25 00:15:48.416000+00:00,26855,41,609,1,-13.612,-3.983,-2.264,14.363,14.363,-9.068,196.311,0.009,0.011,0.015,32,
1986-01-25 00:15:50.336000+00:00,26855,41,641,1,-13.601,-3.975,-2.257,14.349,14.349,-9.049,196.29,0.011,0.009,0.009,32,
1986-01-25 00:15:52.256000+00:00,26855,41,673,1,-13.59,-3.973,-2.257,14.338,14.338,-9.058,196.295,0.01,0.006,0.017,32,
1986-01-25 00:15:54.176000+00:00,26855,41,705,1,-13.587,-3.976,-2.256,14.336,14.336,-9.053,196.312,0.009,0.012,0.012,32,
1986-01-25 00:15:56.096000+00:00,26855,41,737,1,-13.596,-3.973,-2.251,14.342,14.342,-9.031,196.291,0.01,0.016,0.008,32,
1986-01-25 00:15:58.016000+00:00,26855,41,769,1,-13.587,-3.968,-2.248,14.332,14.332,-9.025,196.28,0.012,0.009,0.015,32,
1986-01-25 00:15:59.936000+00:00,26855,42,1,1,-13.581,-3.966,-2.245,14.326,14.326,-9.017,196.279,0.016,0.01,0.012,32,
1986-01-25 00:16:01.856000+00:00,26855,42,33,1,-13.583,-3.966,-2.242,14.326,14.326,-9.002,196.276,0.007,0.009,0.017,32,
1986-01-25 00:16:03.776000+00:00,26855,42,65,1,-13.578,-3.966,-2.237,14.321,14.321,-8.985,196.283,0.014,0.015,0.007,32,
1986-01-25 00:16:05.696000+00:00,26855,42,97,1,-13.58,-3.972,-2.237,14.325,14.325,-8.983,196.301,0.015,0.013,0.012,32,
1986-01-25 00:16:07.616000+00:00,26855,42,129,1,-13.582,-3.969,-2.238,14.326,14.326,-8.986,196.291,0.007,0.011,0.016,32,
1986-01-25 00:16:09.536000+00:00,26855,42,161,1,-13.575,-3.975,-2.247,14.323,14.323,-9.025,196.319,0.01,0.016,0.009,32,
1986-01-25 00:16:11.456000+00:00,26855,42,193,1,-13.559,-3.985,-2.245,14.31,14.31,-9.025,196.377,0.008,0.011,0.007,32,
1986-01-25 00:16:13.376000+00:00,26855,42,225,1,-13.561,-3.973,-2.249,14.309,14.309,-9.043,196.331,0.008,0.011,0.017,32,
1986-01-25 00:16:15.296000+00:00,26855,42,257,1,-13.549,-3.969,-2.235,14.295,14.295,-8.996,196.328,0.011,0.012,0.01,32,
1986-01-25 00:16:17.216000+00:00,26855,42,289,1,-13.55,-3.978,-2.235,14.297,14.297,-8.993,196.362,0.012,0.012,0.012,32,
1986-01-25 00:16:19.136000+00:00,26855,42,321,1,-13.548,-3.974,-2.239,14.295,14.295,-9.012,196.348,0.007,0.015,0.017,32,
1986-01-25 00:16:21.056000+00:00,26855,42,353,1,-13.547,-3.976,-2.23,14.294,14.294,-8.975,196.358,0.013,0.015,0.011,32,
1986-01-25 00:16:22.976000+00:00,26855,42,385,1,-13.555,-3.969,-2.237,14.3,14.3,-9.0,196.319,0.007,0.008,0.009,32,
1986-01-25 00:16:24.896000+00:00,26855,42,417,1,-13.561,-3.966,-2.218,14.302,14.302,-8.923,196.302,0.008,0.014,0.019,32,
1986-01-25 00:16:26.816000+00:00,26855,42,449,1,-13.56,-3.969,-2.22,14.302,14.302,-8.93,196.316,0.009,0.016,0.013,32,
1986-01-25 00:16:28.736000+00:00,26855,42,481,1,-13.554,-3.956,-2.206,14.291,14.291,-8.881,196.272,0.012,0.011,0.007,32,
1986-01-25 00:16:30.656000+00:00,26855,42,513,1,-13.545,-3.951,-2.203,14.281,14.281,-8.872,196.259,0.008,0.014,0.015,32,
1986-01-25 00:16:32.576000+00:00,26855,42,545,1,-13.543,-3.96,-2.224,14.284,14.284,-8.958,196.298,0.011,0.017,0.012,32,
1986-01-25 00:16:34.496000+00:00,26855,42,577,1,-13.544,-3.951,-2.209,14.281,14.281,-8.897,196.264,0.016,0.012,0.006,32,
1986-01-25 00:16:36.416000+00:00,26855,42,609,1,-13.542,-3.957,-2.211,14.28,14.28,-8.908,196.29,0.012,0.01,0.018,32,
1986-01-25 00:16:38.336000+00:00,26855,42,641,1,-13.536,-3.957,-2.206,14.274,14.274,-8.891,196.295,0.016,0.017,0.013,32,
1986-01-25 00:16:40.256000+00:00,26855,42,673,1,-13.534,-3.962,-2.212,14.275,14.275,-8.914,196.315,0.014,0.008,0.011,32,
1986-01-25 00:16:42.176000+00:00,26855,42,705,1,-13.534,-3.965,-2.205,14.274,14.274,-8.887,196.33,0.006,0.011,0.019,32,
1986-01-25 00:16:44.096000+00:00,26855,42,737,1,-13.532,-3.963,-2.215,14.273,14.273,-8.927,196.324,0.011,0.018,0.013,32,
1986-01-25 00:16:46.016000+00:00,26855,42,769,1,-13.529,-3.959,-2.201,14.267,14.267,-8.875,196.309,0.01,0.009,0.01,32,
1986-01-25 00:16:47.936000+00:00,26855,43,1,1,-13.526,-3.964,-2.21,14.267,14.267,-8.909,196.336,0.018,0.012,0.013,32,
1986-01-25 00:16:49.856000+00:00,26855,43,33,1,-13.528,-3.97,-2.219,14.272,14.272,-8.945,196.354,0.012,0.01,0.014,32,
1986-01-25 00:16:51.776000+00:00,26855,43,65,1,-13.522,-3.956,-2.2,14.26,14.26,-8.877,196.307,0.01,0.015,0.009,32,
1986-01-25 00:16:53.696000+00:00,26855,43,97,1,-13.52,-3.966,-2.203,14.261,14.261,-8.885,196.348,0.017,0.012,0.012,32,
1986-01-25 00:16:55.616000+00:00,26855,43,129,1,-13.517,-3.965,-2.201,14.257,14.257,-8.88,196.348,0.013,0.01,0.013,32,
1986-01-25 00:16:57.536000+00:00,26855,43,161,1,-13.514,-3.956,-2.198,14.252,14.252,-8.873,196.315,0.01,0.018,0.013,32,
1986-01-25 00:16:59.456000+00:00,26855,43,193,1,-13.507,-3.962,-2.193,14.246,14.246,-8.854,196.348,0.016,0.013,0.012,32,
1986-01-25 00:17:01.376000+00:00,26855,43,225,1,-13.498,-3.969,-2.2,14.24,14.24,-8.888,196.387,0.012,0.012,0.011,32,
1986-01-25 00:17:03.296000+00:00,26855,43,257,1,-13.499,-3.963,-2.19,14.238,14.238,-8.848,196.363,0.01,0.011,0.009,32,
1986-01-25 00:17:05.216000+00:00,26855,43,289,1,-13.504,-3.963,-2.19,14.243,14.243,-8.846,196.356,0.017,0.012,0.011,32,
1986-01-25 00:17:07.136000+00:00,26855,43,321,1,-13.504,-3.956,-2.183,14.24,14.24,-8.82,196.327,0.012,0.009,0.009,32,
1986-01-25 00:17:09.056000+00:00,26855,43,353,1,-13.502,-3.967,-2.189,14.242,14.242,-8.843,196.375,0.01,0.021,0.011,32,
1986-01-25 00:17:10.976000+00:00,26855,43,385,1,-13.5,-3.967,-2.191,14.24,14.24,-8.852,196.374,0.017,0.012,0.007,32,
1986-01-25 00:17:12.896000+00:00,26855,43,417,1,-13.496,-3.957,-2.191,14.234,14.234,-8.854,196.34,0.013,0.014,0.01,32,
1986-01-25 00:17:14.816000+00:00,26855,43,449,1,-13.495,-3.961,-2.186,14.233,14.233,-8.835,196.357,0.009,0.013,0.01,32,
1986-01-25 00:17:16.736000+00:00,26855,43,481,1,-13.503,-3.962,-2.178,14.24,14.24,-8.798,196.351,0.017,0.011,0.01,32,
1986-01-25 00:17:18.656000+00:00,26855,43,513,1,-13.494,-3.957,-2.174,14.229,14.229,-8.787,196.341,0.012,0.013,0.008,32,
1986-01-25 00:17:20.576000+00:00,26855,43,545,1,-13.493,-3.954,-2.171,14.227,14.227,-8.775,196.333,0.009,0.013,0.008,32,
1986-01-25 00:17:22.496000+00:00,26855,43,577,1,-13.484,-3.951,-2.172,14.218,14.218,-8.786,196.332,0.017,0.012,0.01,32,
1986-01-25 00:17:24.416000+00:00,26855,43,609,1,-13.483,-3.96,-2.173,14.219,14.219,-8.789,196.367,0.013,0.013,0.015,32,
1986-01-25 00:17:26.336000+00:00,26855,43,641,1,-13.481,-3.953,-2.168,14.215,14.215,-8.773,196.344,0.009,0.012,0.008,32,
1986-01-25 00:17:28.256000+00:00,26855,43,673,1,-13.479,-3.952,-2.162,14.212,14.212,-8.752,196.342,0.02,0.01,0.01,32,
1986-01-25 00:17:30.176000+00:00,26855,43,705,1,-13.477,-3.953,-2.156,14.209,14.209,-8.729,196.347,0.011,0.011,0.013,32,
1986-01-25 00:17:32.096000+00:00,26855,43,737,1,-13.476,-3.955,-2.151,14.208,14.208,-8.706,196.357,0.011,0.012,0.009,32,
1986-01-25 00:17:34.016000+00:00,26855,43,769,1,-13.476,-3.953,-2.149,14.208,14.208,-8.698,196.349,0.012,0.008,0.01,32,
1986-01-25 00:17:35.936000+00:00,26855,44,1,1,-13.477,-3.951,-2.147,14.207,14.207,-8.69,196.338,0.015,0.007,0.016,32,
1986-01-25 00:17:37.856000+00:00,26855,44,33,1,-13.475,-3.956,-2.141,14.206,14.206,-8.668,196.362,0.008,0.009,0.012,32,
1986-01-25 00:17:39.776000+00:00,26855,44,65,1,-13.477,-3.96,-2.144,14.21,14.21,-8.68,196.373,0.007,0.015,0.005,32,
1986-01-25 00:17:41.696000+00:00,26855,44,97,1,-13.477,-3.956,-2.141,14.208,14.208,-8.665,196.36,0.016,0.009,0.017,32,
1986-01-25 00:17:43.616000+00:00,26855,44,129,1,-13.477,-3.951,-2.141,14.206,14.206,-8.668,196.34,0.006,0.008,0.009,32,
1986-01-25 00:17:45.536000+00:00,26855,44,161,1,-13.475,-3.948,-2.149,14.205,14.205,-8.701,196.332,0.009,0.015,0.006,32,
1986-01-25 00:17:47.456000+00:00,26855,44,193,1,-13.471,-3.949,-2.144,14.2,14.2,-8.686,196.337,0.016,0.007,0.012,32,
1986-01-25 00:17:49.376000+00:00,26855,44,225,1,-13.473,-3.955,-2.145,14.204,14.204,-8.685,196.358,0.006,0.014,0.015,32,
1986-01-25 00:17:51.296000+00:00,26855,44,257,1,-13.484,-3.954,-2.137,14.213,14.213,-8.647,196.345,0.009,0.017,0.007,32,
1986-01-25 00:17:53.216000+00:00,26855,44,289,1,-13.473,-3.944,-2.134,14.199,14.199,-8.644,196.317,0.016,0.007,0.012,32,
1986-01-25 00:17:55.136000+00:00,26855,44,321,1,-13.452,-3.943,-2.135,14.18,14.18,-8.659,196.338,0.007,0.012,0.015,32,
1986-01-25 00:17:57.056000+00:00,26855,44,353,1,-13.447,-3.94,-2.138,14.174,14.174,-8.675,196.33,0.007,0.02,0.007,32,
1986-01-25 00:17:58.976000+00:00,26855,44,385,1,-13.447,-3.942,-2.129,14.173,14.173,-8.64,196.337,0.016,0.009,0.01,32,
1986-01-25 00:18:00.896000+00:00,26855,44,417,1,-13.449,-3.941,-2.129,14.175,14.175,-8.637,196.331,0.01,0.014,0.017,32,
1986-01-25 00:18:02.816000+00:00,26855,44,449,1,-13.448,-3.948,-2.13,14.176,14.176,-8.641,196.363,0.012,0.014,0.008,32,
1986-01-25 00:18:04.736000+00:00,26855,44,481,1,-13.448,-3.949,-2.134,14.177,14.177,-8.659,196.365,0.014,0.009,0.011,32,
1986-01-25 00:18:06.656000+00:00,26855,44,513,1,-13.439,-3.939,-2.119,14.164,14.164,-8.605,196.336,0.01,0.015,0.012,32,
1986-01-25 00:18:08.576000+00:00,26855,44,545,1,-13.456,-3.945,-2.119,14.181,14.181,-8.592,196.34,0.011,0.014,0.007,32,
1986-01-25 00:18:10.496000+00:00,26855,44,577,1,-13.436,-3.939,-2.115,14.16,14.16,-8.59,196.338,0.015,0.006,0.013,32,
1986-01-25 00:18:12.416000+00:00,26855,44,609,1,-13.441,-3.936,-2.114,14.164,14.164,-8.583,196.323,0.008,0.014,0.012,32,
1986-01-25 00:18:14.336000+00:00,26855,44,641,1,-13.43,-3.936,-2.117,14.155,14.155,-8.602,196.334,0.013,0.016,0.006,32,
1986-01-25 00:18:16.256000+00:00,26855,44,673,1,-13.436,-3.929,-2.113,14.157,14.157,-8.583,196.3,0.017,0.007,0.013,32,
1986-01-25 00:18:18.176000+00:00,26855,44,705,1,-13.433,-3.931,-2.107,14.154,14.154,-8.561,196.311,0.009,0.016,0.012,32,
1986-01-25 00:18:20.096000+00:00,26855,44,737,1,-13.421,-3.932,-2.108,14.143,14.143,-8.57,196.329,0.01,0.011,0.006,32,
1986-01-25 00:18:22.016000+00:00,26855,44,769,1,-13.432,-3.931,-2.104,14.152,14.152,-8.548,196.314,0.013,0.007,0.009,32,
1986-01-25 00:18:23.936000+00:00,26855,45,1,1,-13.421,-3.929,-2.099,14.141,14.141,-8.534,196.316,0.014,0.007,0.015,32,
1986-01-25 00:18:25.856000+00:00,26855,45,33,1,-13.417,-3.926,-2.096,14.136,14.136,-8.526,196.31,0.004,0.01,0.012,32,
1986-01-25 00:18:27.776000+00:00,26855,45,65,1,-13.422,-3.93,-2.097,14.142,14.142,-8.528,196.321,0.012,0.02,0.011,32,
1986-01-25 00:18:29.696000+00:00,26855,45,97,1,-13.419,-3.929,-2.096,14.138,14.138,-8.526,196.319,0.013,0.004,0.013,32,
1986-01-25 00:18:31.616000+00:00,26855,45,129,1,-13.419,-3.931,-2.099,14.14,14.14,-8.535,196.328,0.005,0.006,0.012,32,
1986-01-25 00:18:33.536000+00:00,26855,45,161,1,-13.416,-3.926,-2.089,14.134,14.134,-8.501,196.312,0.006,0.019,0.004,32,
1986-01-25 00:18:35.456000+00:00,26855,45,193,1,-13.412,-3.928,-2.091,14.131,14.131,-8.509,196.326,0.016,0.009,0.009,32,
1986-01-25 00:18:37.376000+00:00,26855,45,225,1,-13.411,-3.931,-2.096,14.132,14.132,-8.528,196.336,0.004,0.01,0.014,32,
1986-01-25 00:18:39.296000+00:00,26855,45,257,1,-13.412,-3.929,-2.09,14.131,14.131,-8.506,196.328,0.009,0.01,0.005,32,
1986-01-25 00:18:41.216000+00:00,26855,45,289,1,-13.415,-3.923,-2.083,14.131,14.131,-8.477,196.302,0.019,0.01,0.012,32,
1986-01-25 00:18:43.136000+00:00,26855,45,321,1,-13.405,-3.924,-2.082,14.122,14.122,-8.478,196.318,0.003,0.015,0.014,32,
1986-01-25 00:18:45.056000+00:00,26855,45,353,1,-13.403,-3.924,-2.078,14.119,14.119,-8.463,196.319,0.007,0.012,0.008,32,
1986-01-25 00:18:46.976000+00:00,26855,45,385,1,-13.407,-3.919,-2.072,14.121,14.121,-8.44,196.294,0.016,0.008,0.018,32,
1986-01-25 00:18:48.896000+00:00,26855,45,417,1,-13.406,-3.925,-2.082,14.123,14.123,-8.476,196.318,0.004,0.011,0.014,32,
1986-01-25 00:18:50.816000+00:00,26855,45,449,1,-13.412,-3.922,-2.08,14.128,14.128,-8.467,196.302,0.009,0.019,0.004,32,
1986-01-25 00:18:52.736000+00:00,26855,45,481,1,-13.398,-3.925,-2.084,14.115,14.115,-8.491,196.33,0.015,0.007,0.013,32,
1986-01-25 00:18:54.656000+00:00,26855,45,513,1,-13.396,-3.917,-2.074,14.11,14.11,-8.452,196.297,0.005,0.012,0.011,32,
1986-01-25 00:18:56.576000+00:00,26855,45,545,1,-13.398,-3.922,-2.074,14.114,14.114,-8.449,196.317,0.007,0.016,0.005,32,
1986-01-25 00:18:58.496000+00:00,26855,45,577,1,-13.403,-3.916,-2.07,14.116,14.116,-8.434,196.288,0.013,0.005,0.015,32,
1986-01-25 00:19:00.416000+00:00,26855,45,609,1,-13.393,-3.917,-2.076,14.107,14.107,-8.461,196.302,0.007,0.009,0.012,32,
1986-01-25 00:19:02.336000+00:00,26855,45,641,1,-13.383,-3.919,-2.075,14.099,14.099,-8.461,196.322,0.006,0.013,0.007,32,
1986-01-25 00:19:04.256000+00:00,26855,45,673,1,-13.381,-3.912,-2.069,14.094,14.094,-8.444,196.298,0.014,0.007,0.012,32,
1986-01-25 00:19:06.176000+00:00,26855,45,705,1,-13.379,-3.912,-2.072,14.092,14.092,-8.454,196.301,0.005,0.011,0.008,32,
1986-01-25 00:19:08.096000+00:00,26855,45,737,1,-13.37,-3.908,-2.064,14.082,14.082,-8.429,196.292,0.007,0.013,0.009,32,
1986-01-25 00:19:10.016000+00:00,26855,45,769,1,-13.367,-3.909,-2.062,14.079,14.079,-8.42,196.301,0.011,0.006,0.013,32,
1986-01-25 00:19:11.936000+00:00,26855,46,1,1,-13.362,-3.909,-2.059,14.073,14.073,-8.415,196.306,0.01,0.012,0.01,32,
1986-01-25 00:19:13.856000+00:00,26855,46,33,1,-13.367,-3.912,-2.065,14.08,14.08,-8.432,196.311,0.008,0.013,0.016,32,
1986-01-25 00:19:15.776000+00:00,26855,46,65,1,-13.364,-3.906,-2.064,14.075,14.075,-8.431,196.293,0.009,0.01,0.013,32,
1986-01-25 00:19:17.696000+00:00,26855,46,97,1,-13.367,-3.91,-2.053,14.078,14.078,-8.385,196.305,0.01,0.012,0.008,32,
1986-01-25 00:19:19.616000+00:00,26855,46,129,1,-13.358,-3.91,-2.065,14.071,14.071,-8.438,196.316,0.011,0.011,0.012,32,
1986-01-25 00:19:21.536000+00:00,26855,46,161,1,-13.354,-3.914,-2.065,14.068,14.068,-8.441,196.336,0.014,0.015,0.012,32,
1986-01-25 00:19:23.456000+00:00,26855,46,193,1,-13.361,-3.919,-2.056,14.075,14.075,-8.401,196.346,0.01,0.012,0.016,32,
1986-01-25 00:19:25.376000+00:00,26855,46,225,1,-13.357,-3.917,-2.059,14.072,14.072,-8.415,196.345,0.006,0.011,0.015,32,
1986-01-25 00:19:27.296000+00:00,26855,46,257,1,-13.356,-3.914,-2.058,14.069,14.069,-8.411,196.334,0.011,0.011,0.014,32,
1986-01-25 00:19:29.216000+00:00,26855,46,289,1,-13.342,-3.919,-2.052,14.056,14.056,-8.393,196.369,0.015,0.011,0.01,32,
1986-01-25 00:19:31.136000+00:00,26855,46,321,1,-13.34,-3.914,-2.044,14.052,14.052,-8.362,196.354,0.011,0.013,0.016,32,
1986-01-25 00:19:33.056000+00:00,26855,46,353,1,-13.338,-3.916,-2.047,14.051,14.051,-8.375,196.363,0.014,0.015,0.013,32,
1986-01-25 00:19:34.976000+00:00,26855,46,385,1,-13.345,-3.913,-2.036,14.055,14.055,-8.33,196.341,0.01,0.015,0.012,32,
1986-01-25 00:19:36.896000+00:00,26855,46,417,1,-13.342,-3.914,-2.043,14.053,14.053,-8.36,196.349,0.007,0.014,0.016,32,
1986-01-25 00:19:38.816000+00:00,26855,46,449,1,-13.347,-3.91,-2.03,14.055,14.055,-8.303,196.329,0.009,0.013,0.011,32,
1986-01-25 00:19:40.736000+00:00,26855,46,481,1,-13.34,-3.916,-2.04,14.051,14.051,-8.346,196.359,0.013,0.014,0.01,32,
1986-01-25 00:19:42.656000+00:00,26855,46,513,1,-13.329,-3.9,-2.029,14.035,14.035,-8.312,196.309,0.008,0.012,0.017,32,
1986-01-25 00:19:44.576000+00:00,26855,46,545,1,-13.322,-3.9,-2.033,14.03,14.03,-8.334,196.317,0.011,0.014,0.015,32,
1986-01-25 00:19:46.496000+00:00,26855,46,577,1,-13.324,-3.916,-2.029,14.035,14.035,-8.312,196.379,0.006,0.013,0.012,32,
1986-01-25 00:19:48.416000+00:00,26855,46,609,1,-13.324,-3.919,-2.036,14.037,14.037,-8.341,196.389,0.011,0.013,0.015,32,
1986-01-25 00:19:50.336000+00:00,26855,46,641,1,-13.317,-3.917,-2.036,14.029,14.029,-8.343,196.392,0.007,0.015,0.009,32,
1986-01-25 00:19:52.256000+00:00,26855,46,673,1,-13.317,-3.909,-2.022,14.026,14.026,-8.29,196.36,0.012,0.01,0.009,32,
1986-01-25 00:19:54.176000+00:00,26855,46,705,1,-13.318,-3.912,-2.02,14.027,14.027,-8.278,196.37,0.012,0.015,0.012,32,
1986-01-25 00:19:56.096000+00:00,26855,46,737,1,-13.325,-3.914,-2.016,14.033,14.033,-8.259,196.371,0.009,0.019,0.014,32,
1986-01-25 00:19:58.016000+00:00,26855,46,769,1,-13.317,-3.909,-2.01,14.024,14.024,-8.238,196.36,0.011,0.013,0.009,32,
1986-01-25 00:19:59.936000+00:00,26855,47,1,1,-13.32,-3.903,-2.011,14.025,14.025,-8.245,196.332,0.017,0.012,0.014,32,
1986-01-25 00:20:01.856000+00:00,26855,47,33,1,-13.311,-3.916,-2.01,14.02,14.02,-8.243,196.393,0.012,0.014,0.017,32,
1986-01-25 00:20:03.776000+00:00,26855,47,65,1,-13.312,-3.914,-1.997,14.018,14.018,-8.188,196.386,0.007,0.019,0.014,32,
1986-01-25 00:20:05.696000+00:00,26855,47,97,1,-13.307,-3.914,-1.996,14.014,14.014,-8.188,196.389,0.011,0.013,0.013,32,
1986-01-25 00:20:07.616000+00:00,26855,47,129,1,-13.308,-3.919,-1.988,14.014,14.014,-8.154,196.409,0.012,0.01,0.015,32,
1986-01-25 00:20:09.536000+00:00,26855,47,161,1,-13.306,-3.919,-1.99,14.014,14.014,-8.165,196.412,0.009,0.012,0.01,32,
1986-01-25 00:20:11.456000+00:00,26855,47,193,1,-13.302,-3.913,-1.988,14.008,14.008,-8.157,196.393,0.011,0.012,0.013,32,
1986-01-25 00:20:13.376000+00:00,26855,47,225,1,-13.297,-3.899,-1.985,13.999,13.999,-8.153,196.341,0.012,0.015,0.011,32,
1986-01-25 00:20:15.296000+00:00,26855,47,257,1,-13.291,-3.908,-1.996,13.997,13.997,-8.198,196.386,0.01,0.012,0.008,32,
1986-01-25 00:20:17.216000+00:00,26855,47,289,1,-13.298,-3.91,-1.991,14.003,14.003,-8.175,196.385,0.017,0.01,0.014,32,
1986-01-25 00:20:19.136000+00:00,26855,47,321,1,-13.294,-3.901,-2.003,13.998,13.998,-8.228,196.354,0.01,0.016,0.016,32,
1986-01-25 00:20:21.056000+00:00,26855,47,353,1,-13.278,-3.907,-1.997,13.984,13.984,-8.208,196.398,0.011,0.018,0.008,32,
1986-01-25 00:20:22.976000+00:00,26855,47,385,1,-13.286,-3.907,-1.989,13.99,13.99,-8.172,196.386,0.017,0.012,0.015,32,
1986-01-25 00:20:24.896000+00:00,26855,47,417,1,-13.284,-3.904,-1.987,13.988,13.988,-8.166,196.376,0.014,0.013,0.015,32,
1986-01-25 00:20:26.816000+00:00,26855,47,449,1,-13.283,-3.912,-1.993,13.99,13.99,-8.19,196.411,0.01,0.016,0.012,32,
1986-01-25 00:20:28.736000+00:00,26855,47,481,1,-13.279,-3.9,-1.998,13.983,13.983,-8.213,196.369,0.012,0.012,0.009,32,
1986-01-25 00:20:30.656000+00:00,26855,47,513,1,-13.286,-3.896,-1.987,13.987,13.987,-8.166,196.345,0.01,0.015,0.015,32,
1986-01-25 00:20:32.576000+00:00,26855,47,545,1,-13.283,-3.906,-1.985,13.987,13.987,-8.157,196.388,0.01,0.015,0.01,32,
1986-01-25 00:20:34.496000+00:00,26855,47,577,1,-13.278,-3.92,-1.99,13.987,13.987,-8.18,196.447,0.015,0.012,0.01,32,
1986-01-25 00:20:36.416000+00:00,26855,47,609,1,-13.277,-3.923,-1.987,13.986,13.986,-8.167,196.461,0.011,0.014,0.016,32,
1986-01-25 00:20:38.336000+00:00,26855,47,641,1,-13.269,-3.916,-1.978,13.976,13.976,-8.138,196.443,0.012,0.015,0.013,32,
1986-01-25 00:20:40.256000+00:00,26855,47,673,1,-13.258,-3.908,-1.979,13.963,13.963,-8.147,196.425,0.018,0.014,0.012,32,
1986-01-25 00:20:42.176000+00:00,26855,47,705,1,-13.264,-3.904,-1.966,13.965,13.965,-8.092,196.401,0.009,0.014,0.019,32,
1986-01-25 00:20:44.096000+00:00,26855,47,737,1,-13.257,-3.9,-1.967,13.958,13.958,-8.103,196.391,0.011,0.017,0.015,32,
1986-01-25 00:20:46.016000+00:00,26855,47,769,1,-13.258,-3.902,-1.982,13.962,13.962,-8.162,196.401,0.014,0.011,0.009,32,
1986-01-25 00:20:47.936000+00:00,26855,48,1,1,-13.256,-3.901,-1.98,13.96,13.96,-8.154,196.399,0.017,0.008,0.009,32,
1986-01-25 00:20:49.856000+00:00,26855,48,33,1,-13.248,-3.9,-1.979,13.951,13.951,-8.157,196.406,0.013,0.012,0.018,32,
1986-01-25 00:20:51.776000+00:00,26855,48,65,1,-13.245,-3.908,-1.98,13.951,13.951,-8.161,196.438,0.01,0.019,0.006,32,
1986-01-25 00:20:53.696000+00:00,26855,48,97,1,-13.248,-3.903,-1.959,13.949,13.949,-8.073,196.416,0.016,0.008,0.006,32,
1986-01-25 00:20:55.616000+00:00,26855,48,129,1,-13.249,-3.909,-1.963,13.952,13.952,-8.089,196.437,0.011,0.014,0.012,32,
1986-01-25 00:20:57.536000+00:00,26855,48,161,1,-13.241,-3.9,-1.96,13.942,13.942,-8.079,196.409,0.012,0.014,0.005,32,
1986-01-25 00:20:59.456000+00:00,26855,48,193,1,-13.249,-3.913,-1.97,13.954,13.954,-8.114,196.455,0.017,0.01,0.006,32,
1986-01-25 00:21:01.376000+00:00,26855,48,225,1,-13.245,-3.917,-1.975,13.953,13.953,-8.136,196.472,0.012,0.012,0.01,32,
1986-01-25 00:21:03.296000+00:00,26855,48,257,1,-13.234,-3.921,-1.97,13.943,13.943,-8.122,196.502,0.012,0.017,0.009,32,
1986-01-25 00:21:05.216000+00:00,26855,48,289,1,-13.227,-3.91,-1.961,13.931,13.931,-8.09,196.468,0.015,0.014,0.006,32,
1986-01-25 00:21:07.136000+00:00,26855,48,321,1,-13.225,-3.902,-1.967,13.929,13.929,-8.12,196.439,0.008,0.012,0.017,32,
1986-01-25 00:21:09.056000+00:00,26855,48,353,1,-13.227,-3.897,-1.965,13.929,13.929,-8.112,196.416,0.015,0.017,0.008,32,
1986-01-25 00:21:10.976000+00:00,26855,48,385,1,-13.24,-3.891,-1.968,13.939,13.939,-8.116,196.378,0.018,0.014,0.007,32,
1986-01-25 00:21:12.896000+00:00,26855,48,417,1,-13.23,-3.901,-1.951,13.93,13.931,-8.052,196.428,0.005,0.014,0.016,32,
1986-01-25 00:21:14.816000+00:00,26855,48,449,1,-13.215,-3.897,-1.947,13.914,13.914,-8.042,196.431,0.011,0.02,0.01,32,
1986-01-25 00:21:16.736000+00:00,26855,48,481,1,-13.217,-3.891,-1.949,13.915,13.915,-8.052,196.404,0.019,0.004,0.011,32,
1986-01-25 00:21:18.656000+00:00,26855,48,513,1,-13.211,-3.895,-1.945,13.91,13.91,-8.038,196.427,0.01,0.016,0.013,32,
1986-01-25 00:21:20.576000+00:00,26855,48,545,1,-13.205,-3.899,-1.944,13.905,13.905,-8.038,196.449,0.015,0.017,0.01,32,
1986-01-25 00:21:22.496000+00:00,26855,48,577,1,-13.208,-3.89,-1.937,13.904,13.904,-8.007,196.412,0.017,0.004,0.011,32,
1986-01-25 00:21:24.416000+00:00,26855,48,609,1,-13.208,-3.896,-1.936,13.906,13.906,-8.002,196.436,0.007,0.01,0.011,32,
1986-01-25 00:21:26.336000+00:00,26855,48,641,1,-13.209,-3.897,-1.948,13.909,13.909,-8.051,196.437,0.012,0.017,0.007,32,
1986-01-25 00:21:28.256000+00:00,26855,48,673,1,-13.205,-3.885,-1.936,13.9,13.9,-8.006,196.395,0.017,0.01,0.01,32,
1986-01-25 00:21:30.176000+00:00,26855,48,705,1,-13.204,-3.883,-1.933,13.898,13.898,-7.997,196.385,0.008,0.008,0.015,32,
1986-01-25 00:21:32.096000+00:00,26855,48,737,1,-13.198,-3.89,-1.932,13.895,13.895,-7.993,196.422,0.012,0.016,0.005,32,
1986-01-25 00:21:34.016000+00:00,26855,48,769,1,-13.193,-3.891,-1.938,13.89,13.89,-8.021,196.431,0.013,0.005,0.009,32,
1986-01-25 00:21:35.936000+00:00,26855,49,1,1,-13.196,-3.884,-1.934,13.891,13.891,-8.004,196.401,0.008,0.003,0.017,32,
1986-01-25 00:21:37.856000+00:00,26855,49,33,1,-13.198,-3.882,-1.932,13.892,13.892,-7.996,196.39,0.008,0.012,0.013,32,
1986-01-25 00:21:39.776000+00:00,26855,49,65,1,-13.199,-3.886,-1.93,13.894,13.894,-7.984,196.405,0.014,0.014,0.006,32,
1986-01-25 00:21:41.696000+00:00,26855,49,97,1,-13.206,-3.886,-1.925,13.9,13.9,-7.961,196.399,0.009,0.012,0.016,32,
1986-01-25 00:21:43.616000+00:00,26855,49,129,1,-13.199,-3.888,-1.931,13.894,13.894,-7.988,196.415,0.011,0.015,0.019,32,
1986-01-25 00:21:45.536000+00:00,26855,49,161,1,-13.208,-3.887,-1.928,13.903,13.903,-7.97,196.4,0.013,0.011,0.009,32,
1986-01-25 00:21:47.456000+00:00,26855,49,193,1,-13.193,-3.886,-1.927,13.888,13.888,-7.976,196.413,0.011,0.011,0.014,32,
1986-01-25 00:21:49.376000+00:00,26855,49,225,1,-13.201,-3.89,-1.921,13.895,13.895,-7.945,196.417,0.006,0.009,0.016,32,
1986-01-25 00:21:51.296000+00:00,26855,49,257,1,-13.193,-3.882,-1.919,13.885,13.885,-7.945,196.398,0.01,0.011,0.009,32,
1986-01-25 00:21:53.216000+00:00,26855,49,289,1,-13.185,-3.883,-1.908,13.876,13.876,-7.901,196.41,0.011,0.008,0.012,32,
1986-01-25 00:21:55.136000+00:00,26855,49,321,1,-13.181,-3.891,-1.918,13.876,13.876,-7.945,196.446,0.007,0.015,0.014,32,
1986-01-25 00:21:57.056000+00:00,26855,49,353,1,-13.174,-3.883,-1.918,13.868,13.868,-7.948,196.424,0.009,0.015,0.006,32,
1986-01-25 00:21:58.976000+00:00,26855,49,385,1,-13.183,-3.885,-1.915,13.876,13.876,-7.932,196.421,0.01,0.008,0.015,32,
1986-01-25 00:22:00.896000+00:00,26855,49,417,1,-13.156,-3.87,-1.909,13.846,13.846,-7.924,196.391,0.005,0.009,0.018,32,
1986-01-25 00:22:02.816000+00:00,26855,49,449,1,-13.166,-3.877,-1.912,13.857,13.857,-7.932,196.406,0.011,0.014,0.012,32,
1986-01-25 00:22:04.736000+00:00,26855,49,481,1,-13.168,-3.878,-1.912,13.86,13.86,-7.93,196.411,0.011,0.005,0.013,32,
1986-01-25 00:22:06.656000+00:00,26855,49,513,1,-13.175,-3.875,-1.903,13.864,13.864,-7.891,196.388,0.01,0.012,0.02,32,
1986-01-25 00:22:08.576000+00:00,26855,49,545,1,-13.166,-3.877,-1.908,13.857,13.857,-7.915,196.406,0.008,0.018,0.013,32,
1986-01-25 00:22:10.496000+00:00,26855,49,577,1,-13.175,-3.867,-1.89,13.86,13.86,-7.836,196.356,0.01,0.006,0.009,32,
1986-01-25 00:22:12.416000+00:00,26855,49,609,1,-13.158,-3.869,-1.893,13.844,13.844,-7.858,196.384,0.009,0.019,0.019,32,
1986-01-25 00:22:14.336000+00:00,26855,49,641,1,-13.16,-3.866,-1.893,13.846,13.846,-7.857,196.372,0.014,0.013,0.01,32,
1986-01-25 00:22:16.256000+00:00,26855,49,673,1,-13.158,-3.861,-1.867,13.839,13.839,-7.753,196.352,0.008,0.01,0.014,32,
1986-01-25 00:22:18.176000+00:00,26855,49,705,1,-13.149,-3.87,-1.877,13.834,13.834,-7.799,196.401,0.01,0.019,0.015,32,
1986-01-25 00:22:20.096000+00:00,26855,49,737,1,-13.149,-3.873,-1.89,13.837,13.837,-7.849,196.414,0.01,0.016,0.012,32,
1986-01-25 00:22:22.016000+00:00,26855,49,769,1,-13.135,-3.873,-1.887,13.824,13.824,-7.844,196.43,0.011,0.007,0.011,32,
1986-01-25 00:22:23.936000+00:00,26855,50,1,1,-13.143,-3.865,-1.883,13.828,13.828,-7.826,196.387,0.019,0.015,0.01,32,
1986-01-25 00:22:25.856000+00:00,26855,50,33,1,-13.144,-3.872,-1.887,13.832,13.832,-7.843,196.415,0.011,0.013,0.013,32,
1986-01-25 00:22:27.776000+00:00,26855,50,65,1,-13.145,-3.873,-1.88,13.832,13.832,-7.812,196.416,0.008,0.017,0.014,32,
1986-01-25 00:22:29.696000+00:00,26855,50,97,1,-13.146,-3.872,-1.865,13.831,13.831,-7.75,196.412,0.014,0.013,0.016,32,
1986-01-25 00:22:31.616000+00:00,26855,50,129,1,-13.147,-3.872,-1.866,13.832,13.832,-7.752,196.412,0.013,0.011,0.011,32,
1986-01-25 00:22:33.536000+00:00,26855,50,161,1,-13.142,-3.871,-1.867,13.826,13.826,-7.759,196.411,0.009,0.01,0.01,32,
1986-01-25 00:22:35.456000+00:00,26855,50,193,1,-13.142,-3.873,-1.871,13.828,13.828,-7.774,196.422,0.014,0.015,0.013,32,
1986-01-25 00:22:37.376000+00:00,26855,50,225,1,-13.133,-3.87,-1.87,13.819,13.819,-7.779,196.42,0.013,0.014,0.017,32,
1986-01-25 00:22:39.296000+00:00,26855,50,257,1,-13.129,-3.875,-1.882,13.817,13.817,-7.829,196.443,0.01,0.019,0.014,32,
1986-01-25 00:22:41.216000+00:00,26855,50,289,1,-13.123,-3.872,-1.863,13.808,13.808,-7.756,196.437,0.02,0.013,0.013,32,
1986-01-25 00:22:43.136000+00:00,26855,50,321,1,-13.118,-3.86,-1.856,13.8,13.8,-7.728,196.399,0.015,0.012,0.015,32,
1986-01-25 00:22:45.056000+00:00,26855,50,353,1,-13.112,-3.855,-1.854,13.792,13.792,-7.725,196.384,0.015,0.014,0.013,32,
1986-01-25 00:22:46.976000+00:00,26855,50,385,1,-13.121,-3.859,-1.858,13.802,13.802,-7.735,196.389,0.013,0.011,0.012,32,
1986-01-25 00:22:48.896000+00:00,26855,50,417,1,-13.108,-3.866,-1.861,13.793,13.793,-7.754,196.434,0.014,0.011,0.016,32,
1986-01-25 00:22:50.816000+00:00,26855,50,449,1,-13.117,-3.87,-1.856,13.801,13.801,-7.73,196.438,0.009,0.012,0.014,32,
1986-01-25 00:22:52.736000+00:00,26855,50,481,1,-13.123,-3.865,-1.869,13.807,13.807,-7.779,196.413,0.02,0.014,0.01,32,
1986-01-25 00:22:54.656000+00:00,26855,50,513,1,-13.113,-3.871,-1.859,13.799,13.799,-7.745,196.445,0.014,0.01,0.012,32,
1986-01-25 00:22:56.576000+00:00,26855,50,545,1,-13.111,-3.866,-1.851,13.793,13.793,-7.71,196.43,0.009,0.017,0.013,32,
1986-01-25 00:22:58.496000+00:00,26855,50,577,1,-13.105,-3.873,-1.842,13.789,13.789,-7.677,196.466,0.016,0.017,0.01,32,
1986-01-25 00:23:00.416000+00:00,26855,50,609,1,-13.106,-3.869,-1.845,13.789,13.789,-7.688,196.448,0.015,0.017,0.013,32,
1986-01-25 00:23:02.336000+00:00,26855,50,641,1,-13.102,-3.861,-1.849,13.784,13.784,-7.708,196.42,0.008,0.015,0.014,32,
1986-01-25 00:23:04.256000+00:00,26855,50,673,1,-13.099,-3.859,-1.848,13.78,13.78,-7.709,196.415,0.014,0.01,0.011,32,
1986-01-25 00:23:06.176000+00:00,26855,50,705,1,-13.096,-3.869,-1.847,13.78,13.78,-7.703,196.46,0.014,0.013,0.01,32,
1986-01-25 00:23:08.096000+00:00,26855,50,737,1,-13.105,-3.857,-1.837,13.783,13.783,-7.658,196.4,0.013,0.014,0.013,32,
1986-01-25 00:23:10.016000+00:00,26855,50,769,1,-13.1,-3.867,-1.837,13.782,13.782,-7.658,196.444,0.017,0.014,0.013,32,
1986-01-25 00:23:11.936000+00:00,26855,51,1,1,-13.088,-3.868,-1.837,13.771,13.771,-7.666,196.463,0.018,0.015,0.013,32,
1986-01-25 00:23:13.856000+00:00,26855,51,33,1,-13.09,-3.864,-1.839,13.772,13.772,-7.674,196.448,0.011,0.01,0.014,32,
1986-01-25 00:23:15.776000+00:00,26855,51,65,1,-13.089,-3.868,-1.836,13.771,13.771,-7.66,196.464,0.008,0.015,0.006,32,
1986-01-25 00:23:17.696000+00:00,26855,51,97,1,-13.088,-3.871,-1.825,13.77,13.77,-7.615,196.475,0.014,0.015,0.011,32,
1986-01-25 00:23:19.616000+00:00,26855,51,129,1,-13.081,-3.865,-1.823,13.761,13.761,-7.612,196.461,0.011,0.008,0.015,32,
1986-01-25 00:23:21.536000+00:00,26855,51,161,1,-13.083,-3.857,-1.816,13.76,13.76,-7.584,196.425,0.004,0.015,0.011,32,
1986-01-25 00:23:23.456000+00:00,26855,51,193,1,-13.084,-3.861,-1.822,13.763,13.763,-7.606,196.442,0.013,0.013,0.012,32,
1986-01-25 00:23:25.376000+00:00,26855,51,225,1,-13.086,-3.858,-1.826,13.765,13.765,-7.624,196.427,0.015,0.01,0.015,32,
1986-01-25 00:23:27.296000+00:00,26855,51,257,1,-13.086,-3.858,-1.833,13.765,13.765,-7.65,196.428,0.006,0.013,0.011,32,
1986-01-25 00:23:29.216000+00:00,26855,51,289,1,-13.084,-3.856,-1.823,13.762,13.762,-7.613,196.423,0.012,0.011,0.014,32,
1986-01-25 00:23:31.136000+00:00,26855,51,321,1,-13.08,-3.85,-1.813,13.755,13.755,-7.575,196.403,0.01,0.012,0.015,32,
1986-01-25 00:23:33.056000+00:00,26855,51,353,1,-13.077,-3.851,-1.804,13.751,13.751,-7.539,196.408,0.006,0.013,0.008,32,
1986-01-25 00:23:34.976000+00:00,26855,51,385,1,-13.078,-3.867,-1.82,13.759,13.759,-7.6,196.473,0.013,0.01,0.01,32,
1986-01-25 00:23:36.896000+00:00,26855,51,417,1,-13.079,-3.859,-1.814,13.756,13.756,-7.577,196.441,0.011,0.012,0.012,32,
1986-01-25 00:23:38.816000+00:00,26855,51,449,1,-13.073,-3.858,-1.809,13.75,13.75,-7.558,196.44,0.012,0.013,0.011,32,
1986-01-25 00:23:40.736000+00:00,26855,51,481,1,-13.071,-3.854,-1.814,13.748,13.748,-7.584,196.429,0.016,0.012,0.013,32,
1986-01-25 00:23:42.656000+00:00,26855,51,513,1,-13.065,-3.861,-1.81,13.743,13.743,-7.569,196.464,0.011,0.01,0.015,32,
1986-01-25 00:23:44.576000+00:00,26855,51,545,1,-13.064,-3.86,-1.807,13.742,13.742,-7.557,196.46,0.011,0.012,0.007,32,
1986-01-25 00:23:46.496000+00:00,26855,51,577,1,-13.051,-3.857,-1.815,13.729,13.729,-7.595,196.462,0.012,0.01,0.012,32,
1986-01-25 00:23:48.416000+00:00,26855,51,609,1,-13.057,-3.855,-1.802,13.733,13.733,-7.539,196.449,0.013,0.011,0.01,32,
1986-01-25 00:23:50.336000+00:00,26855,51,641,1,-13.054,-3.853,-1.8,13.729,13.729,-7.534,196.446,0.008,0.015,0.007,32,
1986-01-25 00:23:52.256000+00:00,26855,51,673,1,-13.059,-3.852,-1.801,13.733,13.733,-7.536,196.434,0.015,0.012,0.011,32,
1986-01-25 00:23:54.176000+00:00,26855,51,705,1,-13.049,-3.856,-1.803,13.726,13.726,-7.55,196.463,0.013,0.016,0.013,32,
1986-01-25 00:23:56.096000+00:00,26855,51,737,1,-13.053,-3.853,-1.795,13.727,13.727,-7.512,196.445,0.008,0.015,0.008,32,
1986-01-25 00:23:58.016000+00:00,26855,51,769,1,-13.042,-3.854,-1.802,13.719,13.719,-7.55,196.461,0.011,0.01,0.017,32,
1986-01-25 00:23:59.936000+00:00,26855,52,1,1,-13.041,-3.854,-1.799,13.717,13.717,-7.535,196.463,0.014,0.009,0.014,32,
1986-01-25 00:24:01.856000+00:00,26855,52,33,1,-13.042,-3.852,-1.792,13.717,13.717,-7.506,196.455,0.009,0.015,0.012,32,
1986-01-25 00:24:03.776000+00:00,26855,52,65,1,-13.047,-3.849,-1.788,13.72,13.72,-7.489,196.436,0.013,0.012,0.008,32,
1986-01-25 00:24:05.696000+00:00,26855,52,97,1,-13.044,-3.853,-1.79,13.718,13.718,-7.499,196.455,0.01,0.008,0.013,32,
1986-01-25 00:24:07.616000+00:00,26855,52,129,1,-13.037,-3.847,-1.788,13.71,13.71,-7.492,196.441,0.008,0.009,0.013,32,
1986-01-25 00:24:09.536000+00:00,26855,52,161,1,-13.033,-3.848,-1.783,13.705,13.705,-7.477,196.449,0.011,0.013,0.008,32,
1986-01-25 00:24:11.456000+00:00,26855,52,193,1,-13.026,-3.849,-1.791,13.7,13.7,-7.512,196.463,0.009,0.009,0.012,32,
1986-01-25 00:24:13.376000+00:00,26855,52,225,1,-13.026,-3.85,-1.787,13.7,13.7,-7.496,196.464,0.006,0.01,0.015,32,
1986-01-25 00:24:15.296000+00:00,26855,52,257,1,-13.027,-3.84,-1.78,13.697,13.697,-7.466,196.423,0.01,0.015,0.009,32,
1986-01-25 00:24:17.216000+00:00,26855,52,289,1,-13.009,-3.844,-1.773,13.681,13.681,-7.446,196.46,0.01,0.008,0.01,32,
1986-01-25 00:24:19.136000+00:00,26855,52,321,1,-13.011,-3.844,-1.77,13.682,13.682,-7.435,196.459,0.009,0.016,0.012,32,
1986-01-25 00:24:21.056000+00:00,26855,52,353,1,-13.024,-3.849,-1.768,13.695,13.695,-7.417,196.462,0.015,0.014,0.008,32,
1986-01-25 00:24:22.976000+00:00,26855,52,385,1,-13.019,-3.847,-1.771,13.691,13.691,-7.432,196.461,0.007,0.008,0.008,32,
1986-01-25 00:24:24.896000+00:00,26855,52,417,1,-13.016,-3.851,-1.77,13.689,13.689,-7.428,196.483,0.007,0.017,0.01,32,
1986-01-25 00:24:26.816000+00:00,26855,52,449,1,-13.013,-3.849,-1.77,13.685,13.685,-7.431,196.475,0.011,0.011,0.008,32,
1986-01-25 00:24:28.736000+00:00,26855,52,481,1,-13.009,-3.844,-1.765,13.679,13.679,-7.414,196.463,0.01,0.004,0.01,32,
1986-01-25 00:24:30.656000+00:00,26855,52,513,1,-13.003,-3.841,-1.763,13.672,13.672,-7.407,196.458,0.008,0.017,0.011,32,
1986-01-25 00:24:32.576000+00:00,26855,52,545,1,-12.994,-3.846,-1.774,13.667,13.667,-7.46,196.486,0.015,0.014,0.007,32,
1986-01-25 00:24:34.496000+00:00,26855,52,577,1,-12.996,-3.839,-1.766,13.665,13.665,-7.424,196.459,0.011,0.007,0.004,32,
1986-01-25 00:24:36.416000+00:00,26855,52,609,1,-12.994,-3.844,-1.771,13.665,13.665,-7.445,196.479,0.009,0.012,0.012,32,
1986-01-25 00:24:38.336000+00:00,26855,52,641,1,-12.988,-3.845,-1.771,13.661,13.661,-7.448,196.489,0.013,0.017,0.005,32,
1986-01-25 00:24:40.256000+00:00,26855,52,673,1,-12.986,-3.842,-1.775,13.659,13.659,-7.466,196.483,0.008,0.008,0.009,32,
1986-01-25 00:24:42.176000+00:00,26855,52,705,1,-12.984,-3.84,-1.764,13.654,13.654,-7.423,196.474,0.009,0.015,0.015,32,
1986-01-25 00:24:44.096000+00:00,26855,52,737,1,-12.988,-3.845,-1.765,13.66,13.66,-7.425,196.493,0.014,0.015,0.007,32,
1986-01-25 00:24:46.016000+00:00,26855,52,769,1,-12.993,-3.841,-1.76,13.662,13.662,-7.4,196.468,0.014,0.007,0.012,32,
1986-01-25 00:24:47.936000+00:00,26855,53,1,1,-12.982,-3.836,-1.757,13.65,13.65,-7.394,196.461,0.015,0.007,0.009,32,
1986-01-25 00:24:49.856000+00:00,26855,53,33,1,-12.975,-3.839,-1.752,13.645,13.645,-7.379,196.483,0.008,0.008,0.016,32,
1986-01-25 00:24:51.776000+00:00,26855,53,65,1,-12.975,-3.837,-1.754,13.644,13.644,-7.385,196.473,0.007,0.018,0.007,32,
1986-01-25 00:24:53.696000+00:00,26855,53,97,1,-12.976,-3.835,-1.75,13.644,13.644,-7.367,196.466,0.015,0.006,0.014,32,
1986-01-25 00:24:55.616000+00:00,26855,53,129,1,-12.98,-3.834,-1.744,13.646,13.646,-7.343,196.457,0.005,0.008,0.013,32,
1986-01-25 00:24:57.536000+00:00,26855,53,161,1,-12.974,-3.835,-1.754,13.643,13.643,-7.388,196.467,0.007,0.024,0.005,32,
1986-01-25 00:24:59.456000+00:00,26855,53,193,1,-12.979,-3.838,-1.746,13.646,13.646,-7.353,196.472,0.014,0.008,0.014,32,
1986-01-25 00:25:01.376000+00:00,26855,53,225,1,-12.977,-3.834,-1.744,13.643,13.643,-7.344,196.459,0.006,0.009,0.014,32,
1986-01-25 00:25:03.296000+00:00,26855,53,257,1,-12.98,-3.831,-1.742,13.645,13.645,-7.335,196.442,0.009,0.013,0.005,32,
1986-01-25 00:25:05.216000+00:00,26855,53,289,1,-12.976,-3.831,-1.742,13.641,13.641,-7.338,196.451,0.015,0.008,0.015,32,
1986-01-25 00:25:07.136000+00:00,26855,53,321,1,-12.976,-3.833,-1.75,13.643,13.643,-7.371,196.456,0.006,0.007,0.015,32,
1986-01-25 00:25:09.056000+00:00,26855,53,353,1,-12.977,-3.824,-1.729,13.638,13.639,-7.282,196.418,0.007,0.013,0.007,32,
1986-01-25 00:25:10.976000+00:00,26855,53,385,1,-12.972,-3.829,-1.737,13.636,13.636,-7.319,196.445,0.016,0.006,0.014,32,
1986-01-25 00:25:12.896000+00:00,26855,53,417,1,-12.977,-3.825,-1.728,13.639,13.639,-7.28,196.424,0.005,0.015,0.013,32,
1986-01-25 00:25:14.816000+00:00,26855,53,449,1,-12.972,-3.828,-1.729,13.635,13.635,-7.283,196.442,0.007,0.015,0.006,32,
1986-01-25 00:25:16.736000+00:00,26855,53,481,1,-12.966,-3.828,-1.736,13.63,13.63,-7.319,196.45,0.017,0.008,0.015,32,
1986-01-25 00:25:18.656000+00:00,26855,53,513,1,-12.973,-3.825,-1.732,13.636,13.636,-7.299,196.426,0.007,0.011,0.018,32,
1986-01-25 00:25:20.576000+00:00,26855,53,545,1,-12.967,-3.824,-1.732,13.629,13.63,-7.301,196.429,0.01,0.017,0.006,32,
1986-01-25 00:25:22.496000+00:00,26855,53,577,1,-12.961,-3.831,-1.735,13.626,13.626,-7.314,196.465,0.016,0.004,0.016,32,
1986-01-25 00:25:24.416000+00:00,26855,53,609,1,-12.951,-3.825,-1.732,13.614,13.614,-7.308,196.456,0.005,0.011,0.018,32,
1986-01-25 00:25:26.336000+00:00,26855,53,641,1,-12.947,-3.815,-1.722,13.606,13.606,-7.269,196.417,0.01,0.012,0.007,32,
1986-01-25 00:25:28.256000+00:00,26855,53,673,1,-12.945,-3.818,-1.722,13.606,13.606,-7.273,196.433,0.021,0.007,0.014,32,
1986-01-25 00:25:30.176000+00:00,26855,53,705,1,-12.956,-3.822,-1.717,13.617,13.617,-7.245,196.435,0.004,0.014,0.016,32,
1986-01-25 00:25:32.096000+00:00,26855,53,737,1,-12.948,-3.814,-1.707,13.606,13.606,-7.206,196.413,0.01,0.015,0.008,32,
1986-01-25 00:25:34.016000+00:00,26855,53,769,1,-12.945,-3.807,-1.707,13.601,13.601,-7.209,196.39,0.016,0.007,0.011,32,
1986-01-25 00:25:35.936000+00:00,26855,54,1,1,-12.937,-3.811,-1.706,13.594,13.594,-7.209,196.413,0.017,0.008,0.01,32,
1986-01-25 00:25:37.856000+00:00,26855,54,33,1,-12.932,-3.809,-1.703,13.589,13.589,-7.201,196.41,0.004,0.01,0.018,32,
1986-01-25 00:25:39.776000+00:00,26855,54,65,1,-12.925,-3.816,-1.713,13.585,13.585,-7.244,196.45,0.008,0.013,0.01,32,
1986-01-25 00:25:41.696000+00:00,26855,54,97,1,-12.931,-3.814,-1.711,13.59,13.59,-7.234,196.435,0.019,0.009,0.008,32,
1986-01-25 00:25:43.616000+00:00,26855,54,129,1,-12.929,-3.817,-1.713,13.589,13.589,-7.24,196.45,0.006,0.015,0.012,32,
1986-01-25 00:25:45.536000+00:00,26855,54,161,1,-12.932,-3.816,-1.711,13.591,13.591,-7.233,196.441,0.007,0.017,0.011,32,
1986-01-25 00:25:47.456000+00:00,26855,54,193,1,-12.933,-3.806,-1.688,13.586,13.586,-7.139,196.401,0.016,0.011,0.013,32,
1986-01-25 00:25:49.376000+00:00,26855,54,225,1,-12.93,-3.811,-1.696,13.586,13.586,-7.173,196.421,0.007,0.013,0.011,32,
1986-01-25 00:25:51.296000+00:00,26855,54,257,1,-12.925,-3.806,-1.693,13.58,13.58,-7.162,196.408,0.015,0.014,0.012,32,
1986-01-25 00:25:53.216000+00:00,26855,54,289,1,-12.918,-3.797,-1.677,13.569,13.569,-7.101,196.379,0.015,0.008,0.011,32,
1986-01-25 00:25:55.136000+00:00,26855,54,321,1,-12.914,-3.804,-1.684,13.567,13.567,-7.129,196.413,0.005,0.013,0.014,32,
1986-01-25 00:25:57.056000+00:00,26855,54,353,1,-12.908,-3.803,-1.691,13.562,13.562,-7.163,196.416,0.01,0.014,0.011,32,
1986-01-25 00:25:58.976000+00:00,26855,54,385,1,-12.903,-3.807,-1.689,13.559,13.559,-7.154,196.439,0.017,0.009,0.009,32,
1986-01-25 00:26:00.896000+00:00,26855,54,417,1,-12.917,-3.805,-1.684,13.571,13.571,-7.13,196.414,0.007,0.009,0.016,32,
1986-01-25 00:26:02.816000+00:00,26855,54,449,1,-12.916,-3.807,-1.687,13.571,13.571,-7.142,196.423,0.01,0.009,0.01,32,
1986-01-25 00:26:04.736000+00:00,26855,54,481,1,-12.904,-3.812,-1.692,13.562,13.562,-7.168,196.458,0.018,0.011,0.007,32,
1986-01-25 00:26:06.656000+00:00,26855,54,513,1,-12.899,-3.802,-1.683,13.553,13.553,-7.132,196.425,0.007,0.014,0.012,32,
1986-01-25 00:26:08.576000+00:00,26855,54,545,1,-12.903,-3.806,-1.68,13.557,13.557,-7.117,196.433,0.008,0.018,0.009,32,
1986-01-25 00:26:10.496000+00:00,26855,54,577,1,-12.9,-3.812,-1.685,13.557,13.557,-7.138,196.462,0.014,0.01,0.01,32,
1986-01-25 00:26:12.416000+00:00,26855,54,609,1,-12.895,-3.812,-1.669,13.549,13.549,-7.075,196.469,0.008,0.017,0.014,32,
1986-01-25 00:26:14.336000+00:00,26855,54,641,1,-12.891,-3.816,-1.677,13.549,13.549,-7.109,196.49,0.013,0.017,0.01,32,
1986-01-25 00:26:16.256000+00:00,26855,54,673,1,-12.891,-3.817,-1.681,13.549,13.549,-7.127,196.493,0.016,0.009,0.008,32,
1986-01-25 00:26:18.176000+00:00,26855,54,705,1,-12.892,-3.813,-1.68,13.549,13.549,-7.123,196.477,0.008,0.01,0.016,32,
1986-01-25 00:26:20.096000+00:00,26855,54,737,1,-12.894,-3.809,-1.68,13.55,13.55,-7.124,196.46,0.009,0.013,0.011,32,
1986-01-25 00:26:22.016000+00:00,26855,54,769,1,-12.892,-3.81,-1.683,13.548,13.548,-7.136,196.463,0.019,0.013,0.008,32,
1986-01-25 00:26:23.936000+00:00,26855,55,1,1,-12.889,-3.8,-1.674,13.542,13.542,-7.101,196.428,0.01,0.01,0.013,32,
1986-01-25 00:26:25.856000+00:00,26855,55,33,1,-12.88,-3.803,-1.681,13.534,13.534,-7.135,196.451,0.01,0.011,0.016,32,
1986-01-25 00:26:27.776000+00:00,26855,55,65,1,-12.887,-3.801,-1.679,13.54,13.54,-7.125,196.432,0.01,0.013,0.01,32,
1986-01-25 00:26:29.696000+00:00,26855,55,97,1,-12.881,-3.806,-1.686,13.536,13.536,-7.153,196.46,0.014,0.008,0.013,32,
1986-01-25 00:26:31.616000+00:00,26855,55,129,1,-12.879,-3.797,-1.669,13.53,13.53,-7.085,196.429,0.011,0.011,0.009,32,
1986-01-25 00:26:33.536000+00:00,26855,55,161,1,-12.867,-3.802,-1.671,13.521,13.521,-7.099,196.459,0.012,0.012,0.012,32,
1986-01-25 00:26:35.456000+00:00,26855,55,193,1,-12.868,-3.806,-1.665,13.522,13.522,-7.073,196.478,0.01,0.011,0.014,32,
1986-01-25 00:26:37.376000+00:00,26855,55,225,1,-12.864,-3.814,-1.665,13.52,13.52,-7.073,196.515,0.009,0.01,0.011,32,
1986-01-25 00:26:39.296000+00:00,26855,55,257,1,-12.862,-3.816,-1.667,13.519,13.519,-7.083,196.524,0.007,0.011,0.013,32,
1986-01-25 00:26:41.216000+00:00,26855,55,289,1,-12.854,-3.809,-1.67,13.51,13.51,-7.099,196.506,0.013,0.014,0.012,32,
1986-01-25 00:26:43.136000+00:00,26855,55,321,1,-12.856,-3.807,-1.661,13.51,13.51,-7.062,196.496,0.012,0.011,0.012,32,
1986-01-25 00:26:45.056000+00:00,26855,55,353,1,-12.863,-3.801,-1.662,13.515,13.515,-7.063,196.464,0.009,0.016,0.011,32,
1986-01-25 00:26:46.976000+00:00,26855,55,385,1,-12.859,-3.813,-1.668,13.515,13.515,-7.09,196.516,0.013,0.007,0.011,32,
1986-01-25 00:26:48.896000+00:00,26855,55,417,1,-12.864,-3.806,-1.664,13.518,13.518,-7.069,196.48,0.011,0.013,0.01,32,
1986-01-25 00:26:50.816000+00:00,26855,55,449,1,-12.86,-3.81,-1.663,13.515,13.515,-7.067,196.502,0.009,0.013,0.007,32,
1986-01-25 00:26:52.736000+00:00,26855,55,481,1,-12.853,-3.805,-1.654,13.506,13.506,-7.033,196.492,0.011,0.014,0.011,32,
1986-01-25 00:26:54.656000+00:00,26855,55,513,1,-12.848,-3.808,-1.658,13.502,13.502,-7.055,196.508,0.012,0.009,0.015,32,
1986-01-25 00:26:56.576000+00:00,26855,55,545,1,-12.849,-3.804,-1.645,13.501,13.501,-6.999,196.491,0.011,0.013,0.012,32,
1986-01-25 00:26:58.496000+00:00,26855,55,577,1,-12.846,-3.808,-1.647,13.499,13.499,-7.006,196.511,0.013,0.012,0.008,32,
1986-01-25 00:27:00.416000+00:00,26855,55,609,1,-12.849,-3.808,-1.638,13.501,13.501,-6.969,196.508,0.012,0.014,0.013,32,
1986-01-25 00:27:02.336000+00:00,26855,55,641,1,-12.833,-3.801,-1.645,13.485,13.485,-7.008,196.499,0.013,0.01,0.011,32,
1986-01-25 00:27:04.256000+00:00,26855,55,673,1,-12.83,-3.804,-1.646,13.483,13.483,-7.013,196.514,0.013,0.009,0.011,32,
1986-01-25 00:27:06.176000+00:00,26855,55,705,1,-12.829,-3.793,-1.651,13.48,13.48,-7.034,196.47,0.01,0.015,0.011,32,
1986-01-25 00:27:08.096000+00:00,26855,55,737,1,-12.829,-3.794,-1.649,13.479,13.479,-7.025,196.473,0.011,0.013,0.009,32,
1986-01-25 00:27:10.016000+00:00,26855,55,769,1,-12.834,-3.794,-1.648,13.484,13.484,-7.019,196.468,0.018,0.014,0.008,32,
1986-01-25 00:27:11.935000+00:00,26855,56,1,1,-12.832,-3.798,-1.636,13.481,13.481,-6.97,196.489,0.017,0.009,0.01,32,
1986-01-25 00:27:13.855000+00:00,26855,56,33,1,-12.837,-3.79,-1.631,13.484,13.484,-6.948,196.447,0.01,0.012,0.014,32,
1986-01-25 00:27:15.775000+00:00,26855,56,65,1,-12.832,-3.788,-1.628,13.478,13.478,-6.936,196.446,0.013,0.017,0.01,32,
1986-01-25 00:27:17.695000+00:00,26855,56,97,1,-12.827,-3.783,-1.617,13.47,13.47,-6.895,196.432,0.016,0.013,0.013,32,
1986-01-25 00:27:19.615000+00:00,26855,56,129,1,-12.823,-3.801,-1.644,13.475,13.475,-7.006,196.511,0.011,0.013,0.014,32,
1986-01-25 00:27:21.535000+00:00,26855,56,161,1,-12.823,-3.812,-1.643,13.478,13.478,-7.001,196.557,0.008,0.018,0.014,32,
1986-01-25 00:27:23.455000+00:00,26855,56,193,1,-12.819,-3.802,-1.64,13.471,13.471,-6.993,196.519,0.019,0.011,0.011,32,
1986-01-25 00:27:25.375000+00:00,26855,56,225,1,-12.821,-3.797,-1.631,13.47,13.47,-6.955,196.496,0.01,0.015,0.012,32,
1986-01-25 00:27:27.295000+00:00,26855,56,257,1,-12.816,-3.802,-1.635,13.468,13.468,-6.972,196.524,0.014,0.014,0.013,32,
1986-01-25 00:27:29.215000+00:00,26855,56,289,1,-12.821,-3.8,-1.627,13.47,13.47,-6.936,196.508,0.013,0.013,0.014,32,
1986-01-25 00:27:31.135000+00:00,26855,56,321,1,-12.814,-3.793,-1.63,13.463,13.463,-6.953,196.487,0.01,0.012,0.018,32,
1986-01-25 00:27:33.055000+00:00,26855,56,353,1,-12.797,-3.804,-1.639,13.451,13.451,-6.997,196.554,0.01,0.014,0.015,32,
1986-01-25 00:27:34.975000+00:00,26855,56,385,1,-12.799,-3.807,-1.637,13.453,13.453,-6.991,196.564,0.012,0.012,0.012,32,
1986-01-25 00:27:36.895000+00:00,26855,56,417,1,-12.794,-3.806,-1.641,13.449,13.449,-7.007,196.568,0.015,0.012,0.015,32,
1986-01-25 00:27:38.815000+00:00,26855,56,449,1,-12.795,-3.806,-1.625,13.447,13.447,-6.942,196.567,0.01,0.015,0.014,32,
1986-01-25 00:27:40.735000+00:00,26855,56,481,1,-12.788,-3.8,-1.621,13.439,13.439,-6.926,196.549,0.013,0.013,0.008,32,
1986-01-25 00:27:42.655000+00:00,26855,56,513,1,-12.792,-3.786,-1.614,13.438,13.438,-6.899,196.485,0.014,0.012,0.017,32,
1986-01-25 00:27:44.575000+00:00,26855,56,545,1,-12.794,-3.786,-1.621,13.441,13.441,-6.925,196.485,0.013,0.017,0.014,32,
1986-01-25 00:27:46.495000+00:00,26855,56,577,1,-12.791,-3.798,-1.611,13.44,13.44,-6.886,196.537,0.015,0.014,0.009,32,
1986-01-25 00:27:48.415000+00:00,26855,56,609,1,-12.788,-3.793,-1.608,13.436,13.436,-6.874,196.521,0.011,0.014,0.014,32,
1986-01-25 00:27:50.335000+00:00,26855,56,641,1,-12.788,-3.785,-1.605,13.432,13.432,-6.864,196.49,0.011,0.015,0.012,32,
1986-01-25 00:27:52.255000+00:00,26855,56,673,1,-12.787,-3.788,-1.605,13.432,13.432,-6.862,196.502,0.016,0.014,0.009,32,
1986-01-25 00:27:54.175000+00:00,26855,56,705,1,-12.79,-3.787,-1.6,13.435,13.435,-6.841,196.494,0.014,0.011,0.014,32,
1986-01-25 00:27:56.095000+00:00,26855,56,737,1,-12.788,-3.78,-1.597,13.43,13.43,-6.831,196.468,0.011,0.017,0.009,32,
1986-01-25 00:27:58.015000+00:00,26855,56,769,1,-12.785,-3.788,-1.595,13.429,13.429,-6.821,196.504,0.014,0.011,0.011,32,
1986-01-25 00:27:59.935000+00:00,26855,57,1,1,-12.776,-3.795,-1.604,13.424,13.424,-6.864,196.545,0.019,0.009,0.014,32,
1986-01-25 00:28:01.855000+00:00,26855,57,33,1,-12.771,-3.793,-1.601,13.418,13.418,-6.852,196.541,0.011,0.015,0.016,32,
1986-01-25 00:28:03.775000+00:00,26855,57,65,1,-12.769,-3.775,-1.597,13.411,13.411,-6.838,196.471,0.008,0.013,0.011,32,
1986-01-25 00:28:05.695000+00:00,26855,57,97,1,-12.772,-3.775,-1.586,13.412,13.412,-6.793,196.465,0.011,0.012,0.016,32,
1986-01-25 00:28:07.615000+00:00,26855,57,129,1,-12.773,-3.786,-1.585,13.416,13.416,-6.785,196.51,0.011,0.01,0.016,32,
1986-01-25 00:28:09.535000+00:00,26855,57,161,1,-12.765,-3.785,-1.589,13.408,13.408,-6.806,196.515,0.009,0.013,0.007,32,
1986-01-25 00:28:11.455000+00:00,26855,57,193,1,-12.772,-3.789,-1.583,13.416,13.416,-6.775,196.523,0.013,0.013,0.011,32,
1986-01-25 00:28:13.375000+00:00,26855,57,225,1,-12.769,-3.786,-1.58,13.412,13.412,-6.763,196.517,0.012,0.012,0.012,32,
1986-01-25 00:28:15.295000+00:00,26855,57,257,1,-12.765,-3.793,-1.578,13.41,13.41,-6.757,196.551,0.012,0.013,0.012,32,
1986-01-25 00:28:17.215000+00:00,26855,57,289,1,-12.76,-3.784,-1.583,13.403,13.403,-6.782,196.517,0.014,0.009,0.013,32,
1986-01-25 00:28:19.135000+00:00,26855,57,321,1,-12.758,-3.784,-1.587,13.401,13.401,-6.801,196.521,0.013,0.015,0.012,32,
1986-01-25 00:28:21.055000+00:00,26855,57,353,1,-12.744,-3.781,-1.566,13.385,13.385,-6.719,196.527,0.009,0.014,0.012,32,
1986-01-25 00:28:22.975000+00:00,26855,57,385,1,-12.74,-3.784,-1.578,13.383,13.383,-6.772,196.543,0.011,0.013,0.016,32,
1986-01-25 00:28:24.895000+00:00,26855,57,417,1,-12.737,-3.778,-1.578,13.379,13.379,-6.775,196.52,0.01,0.016,0.018,32,
1986-01-25 00:28:26.815000+00:00,26855,57,449,1,-12.745,-3.792,-1.567,13.389,13.389,-6.719,196.567,0.01,0.012,0.011,32,
1986-01-25 00:28:28.735000+00:00,26855,57,481,1,-12.731,-3.789,-1.578,13.376,13.376,-6.773,196.572,0.015,0.013,0.016,32,
1986-01-25 00:28:30.655000+00:00,26855,57,513,1,-12.736,-3.784,-1.568,13.379,13.379,-6.733,196.547,0.01,0.014,0.012,32,
1986-01-25 00:28:32.575000+00:00,26855,57,545,1,-12.73,-3.781,-1.571,13.372,13.372,-6.746,196.542,0.01,0.014,0.01,32,
1986-01-25 00:28:34.495000+00:00,26855,57,577,1,-12.723,-3.771,-1.559,13.361,13.361,-6.7,196.508,0.015,0.009,0.007,32,
1986-01-25 00:28:36.415000+00:00,26855,57,609,1,-12.73,-3.774,-1.565,13.37,13.37,-6.721,196.514,0.01,0.014,0.012,32,
1986-01-25 00:28:38.335000+00:00,26855,57,641,1,-12.732,-3.777,-1.568,13.373,13.373,-6.735,196.522,0.011,0.015,0.012,32,
1986-01-25 00:28:40.255000+00:00,26855,57,673,1,-12.729,-3.77,-1.566,13.367,13.367,-6.729,196.5,0.014,0.011,0.014,32,
1986-01-25 00:28:42.175000+00:00,26855,57,705,1,-12.716,-3.772,-1.563,13.356,13.356,-6.719,196.523,0.011,0.015,0.015,32,
1986-01-25 00:28:44.095000+00:00,26855,57,737,1,-12.723,-3.756,-1.561,13.357,13.357,-6.712,196.448,0.01,0.013,0.013,32,
1986-01-25 00:28:46.015000+00:00,26855,57,769,1,-12.716,-3.769,-1.561,13.354,13.354,-6.713,196.511,0.015,0.009,0.009,32,
1986-01-25 00:28:47.935000+00:00,26855,58,1,1,-12.71,-3.775,-1.562,13.351,13.351,-6.718,196.543,0.016,0.01,0.005,32,
1986-01-25 00:28:49.855000+00:00,26855,58,33,1,-12.721,-3.766,-1.541,13.356,13.356,-6.624,196.491,0.014,0.012,0.012,32,
1986-01-25 00:28:51.775000+00:00,26855,58,65,1,-12.71,-3.772,-1.546,13.348,13.348,-6.65,196.53,0.008,0.012,0.007,32,
1986-01-25 00:28:53.695000+00:00,26855,58,97,1,-12.704,-3.77,-1.541,13.341,13.341,-6.633,196.531,0.009,0.007,0.011,32,
1986-01-25 00:28:55.615000+00:00,26855,58,129,1,-12.707,-3.763,-1.533,13.341,13.341,-6.599,196.496,0.011,0.012,0.011,32,
1986-01-25 00:28:57.535000+00:00,26855,58,161,1,-12.706,-3.772,-1.545,13.344,13.344,-6.649,196.535,0.009,0.009,0.009,32,
1986-01-25 00:28:59.455000+00:00,26855,58,193,1,-12.712,-3.775,-1.541,13.35,13.35,-6.629,196.538,0.014,0.009,0.011,32,
1986-01-25 00:29:01.375000+00:00,26855,58,225,1,-12.708,-3.773,-1.537,13.345,13.345,-6.614,196.535,0.013,0.014,0.008,32,
1986-01-25 00:29:03.295000+00:00,26855,58,257,1,-12.711,-3.768,-1.53,13.346,13.346,-6.585,196.513,0.008,0.012,0.01,32,
1986-01-25 00:29:05.215000+00:00,26855,58,289,1,-12.702,-3.779,-1.538,13.341,13.341,-6.621,196.57,0.015,0.008,0.012,32,
1986-01-25 00:29:07.135000+00:00,26855,58,321,1,-12.7,-3.775,-1.535,13.338,13.338,-6.607,196.555,0.01,0.007,0.012,32,
1986-01-25 00:29:09.055000+00:00,26855,58,353,1,-12.713,-3.771,-1.53,13.348,13.348,-6.583,196.52,0.012,0.013,0.01,32,
1986-01-25 00:29:10.975000+00:00,26855,58,385,1,-12.695,-3.77,-1.528,13.331,13.331,-6.583,196.538,0.012,0.006,0.008,32,
1986-01-25 00:29:12.895000+00:00,26855,58,417,1,-12.689,-3.77,-1.531,13.325,13.325,-6.597,196.549,0.01,0.013,0.009,32,
1986-01-25 00:29:14.815000+00:00,26855,58,449,1,-12.687,-3.766,-1.535,13.323,13.323,-6.616,196.535,0.013,0.013,0.01,32,
1986-01-25 00:29:16.735000+00:00,26855,58,481,1,-12.689,-3.769,-1.535,13.325,13.325,-6.614,196.542,0.01,0.008,0.008,32,
1986-01-25 00:29:18.655000+00:00,26855,58,513,1,-12.675,-3.768,-1.529,13.311,13.311,-6.598,196.555,0.009,0.012,0.01,32,
1986-01-25 00:29:20.575000+00:00,26855,58,545,1,-12.685,-3.767,-1.521,13.32,13.32,-6.557,196.541,0.013,0.011,0.013,32,
1986-01-25 00:29:22.495000+00:00,26855,58,577,1,-12.69,-3.773,-1.524,13.326,13.326,-6.568,196.558,0.012,0.01,0.008,32,
1986-01-25 00:29:24.415000+00:00,26855,58,609,1,-12.682,-3.757,-1.528,13.315,13.315,-6.589,196.501,0.009,0.012,0.009,32,
1986-01-25 00:29:26.335000+00:00,26855,58,641,1,-12.682,-3.756,-1.524,13.314,13.314,-6.575,196.5,0.008,0.011,0.012,32,
1986-01-25 00:29:28.255000+00:00,26855,58,673,1,-12.68,-3.754,-1.526,13.312,13.312,-6.583,196.492,0.012,0.009,0.008,32,
1986-01-25 00:29:30.175000+00:00,26855,58,705,1,-12.681,-3.751,-1.527,13.312,13.312,-6.589,196.48,0.008,0.013,0.015,32,
1986-01-25 00:29:32.095000+00:00,26855,58,737,1,-12.676,-3.759,-1.532,13.31,13.31,-6.608,196.516,0.01,0.009,0.007,32,
1986-01-25 00:29:34.015000+00:00,26855,58,769,1,-12.673,-3.762,-1.518,13.306,13.306,-6.553,196.534,0.01,0.009,0.011,32,
1986-01-25 00:29:35.935000+00:00,26855,59,1,1,-12.66,-3.763,-1.523,13.295,13.295,-6.577,196.554,0.011,0.008,0.014,32,
1986-01-25 00:29:37.855000+00:00,26855,59,33,1,-12.667,-3.761,-1.511,13.3,13.3,-6.525,196.538,0.007,0.009,0.015,32,
1986-01-25 00:29:39.775000+00:00,26855,59,65,1,-12.673,-3.763,-1.518,13.307,13.307,-6.55,196.539,0.011,0.012,0.012,32,
1986-01-25 00:29:41.695000+00:00,26855,59,97,1,-12.662,-3.759,-1.514,13.295,13.295,-6.538,196.534,0.016,0.008,0.007,32,
1986-01-25 00:29:43.615000+00:00,26855,59,129,1,-12.664,-3.762,-1.516,13.298,13.298,-6.545,196.544,0.007,0.014,0.016,32,
1986-01-25 00:29:45.535000+00:00,26855,59,161,1,-12.66,-3.749,-1.502,13.289,13.289,-6.492,196.495,0.012,0.016,0.012,32,
1986-01-25 00:29:47.455000+00:00,26855,59,193,1,-12.665,-3.755,-1.51,13.296,13.296,-6.521,196.515,0.01,0.008,0.011,32,
1986-01-25 00:29:49.375000+00:00,26855,59,225,1,-12.667,-3.747,-1.495,13.294,13.294,-6.459,196.481,0.006,0.007,0.016,32,
1986-01-25 00:29:51.295000+00:00,26855,59,257,1,-12.668,-3.756,-1.503,13.298,13.298,-6.489,196.515,0.006,0.013,0.008,32,
1986-01-25 00:29:53.215000+00:00,26855,59,289,1,-12.647,-3.754,-1.493,13.276,13.277,-6.457,196.531,0.014,0.008,0.009,32,
1986-01-25 00:29:55.135000+00:00,26855,59,321,1,-12.656,-3.749,-1.486,13.283,13.283,-6.424,196.502,0.008,0.011,0.012,32,
1986-01-25 00:29:57.055000+00:00,26855,59,353,1,-12.653,-3.748,-1.493,13.281,13.281,-6.453,196.5,0.012,0.014,0.013,32,
1986-01-25 00:29:58.975000+00:00,26855,59,385,1,-12.655,-3.753,-1.49,13.284,13.284,-6.44,196.517,0.015,0.009,0.013,32,
1986-01-25 00:30:00.895000+00:00,26855,59,417,1,-12.647,-3.746,-1.491,13.274,13.274,-6.449,196.5,0.007,0.009,0.018,32,
1986-01-25 00:30:02.815000+00:00,26855,59,449,1,-12.64,-3.748,-1.482,13.267,13.267,-6.413,196.516,0.012,0.011,0.011,32,
1986-01-25 00:30:04.735000+00:00,26855,59,481,1,-12.648,-3.743,-1.48,13.273,13.273,-6.401,196.484,0.015,0.004,0.011,32,
1986-01-25 00:30:06.655000+00:00,26855,59,513,1,-12.642,-3.748,-1.474,13.268,13.268,-6.38,196.512,0.007,0.016,0.012,32,
1986-01-25 00:30:08.575000+00:00,26855,59,545,1,-12.649,-3.752,-1.467,13.275,13.275,-6.344,196.519,0.011,0.013,0.011,32,
1986-01-25 00:30:10.495000+00:00,26855,59,577,1,-12.647,-3.747,-1.469,13.272,13.272,-6.355,196.503,0.014,0.008,0.014,32,
1986-01-25 00:30:12.415000+00:00,26855,59,609,1,-12.648,-3.74,-1.474,13.272,13.272,-6.376,196.47,0.007,0.015,0.02,32,
1986-01-25 00:30:14.335000+00:00,26855,59,641,1,-12.635,-3.752,-1.47,13.262,13.262,-6.362,196.54,0.01,0.009,0.012,32,
1986-01-25 00:30:16.255000+00:00,26855,59,673,1,-12.633,-3.74,-1.465,13.256,13.256,-6.346,196.492,0.011,0.008,0.013,32,
1986-01-25 00:30:18.175000+00:00,26855,59,705,1,-12.628,-3.748,-1.469,13.255,13.255,-6.365,196.53,0.011,0.012,0.021,32,
1986-01-25 00:30:20.095000+00:00,26855,59,737,1,-12.629,-3.744,-1.463,13.253,13.253,-6.339,196.512,0.011,0.011,0.012,32,
1986-01-25 00:30:22.015000+00:00,26855,59,769,1,-12.627,-3.743,-1.465,13.251,13.251,-6.346,196.511,0.016,0.012,0.009,32,
1986-01-25 00:30:23.935000+00:00,26856,0,1,1,-12.626,-3.727,-1.454,13.245,13.245,-6.305,196.444,0.018,0.011,0.007,32,
1986-01-25 00:30:25.855000+00:00,26856,0,33,1,-12.619,-3.725,-1.454,13.238,13.238,-6.306,196.445,0.009,0.009,0.015,32,
1986-01-25 00:30:27.775000+00:00,26856,0,65,1,-12.624,-3.732,-1.46,13.244,13.244,-6.33,196.468,0.011,0.017,0.012,32,
1986-01-25 00:30:29.695000+00:00,26856,0,97,1,-12.624,-3.735,-1.46,13.246,13.246,-6.327,196.484,0.018,0.011,0.011,32,
1986-01-25 00:30:31.615000+00:00,26856,0,129,1,-12.623,-3.731,-1.461,13.244,13.244,-6.332,196.466,0.009,0.015,0.014,32,
1986-01-25 00:30:33.535000+00:00,26856,0,161,1,-12.611,-3.729,-1.46,13.232,13.232,-6.336,196.471,0.012,0.019,0.01,32,
1986-01-25 00:30:35.455000+00:00,26856,0,193,1,-12.608,-3.724,-1.453,13.226,13.226,-6.305,196.454,0.016,0.011,0.012,32,
1986-01-25 00:30:37.375000+00:00,26856,0,225,1,-12.614,-3.724,-1.44,13.231,13.231,-6.247,196.447,0.011,0.013,0.014,32,
1986-01-25 00:30:39.295000+00:00,26856,0,257,1,-12.613,-3.735,-1.457,13.235,13.235,-6.32,196.497,0.007,0.014,0.011,32,
1986-01-25 00:30:41.215000+00:00,26856,0,289,1,-12.604,-3.729,-1.45,13.224,13.224,-6.294,196.482,0.013,0.012,0.011,32,
1986-01-25 00:30:43.135000+00:00,26856,0,321,1,-12.604,-3.729,-1.451,13.224,13.224,-6.299,196.481,0.01,0.01,0.016,32,
1986-01-25 00:30:45.055000+00:00,26856,0,353,1,-12.608,-3.729,-1.436,13.226,13.226,-6.232,196.477,0.01,0.016,0.013,32,
1986-01-25 00:30:46.975000+00:00,26856,0,385,1,-12.602,-3.74,-1.448,13.224,13.224,-6.285,196.53,0.019,0.014,0.011,32,
1986-01-25 00:30:48.895000+00:00,26856,0,417,1,-12.601,-3.731,-1.429,13.219,13.219,-6.207,196.491,0.008,0.011,0.015,32,
1986-01-25 00:30:50.815000+00:00,26856,0,449,1,-12.596,-3.734,-1.432,13.216,13.216,-6.222,196.51,0.009,0.011,0.012,32,
1986-01-25 00:30:52.735000+00:00,26856,0,481,1,-12.581,-3.717,-1.436,13.197,13.197,-6.245,196.459,0.018,0.012,0.011,32,
1986-01-25 00:30:54.655000+00:00,26856,0,513,1,-12.58,-3.726,-1.444,13.199,13.199,-6.282,196.498,0.01,0.02,0.016,32,
1986-01-25 00:30:56.575000+00:00,26856,0,545,1,-12.582,-3.724,-1.43,13.199,13.199,-6.221,196.485,0.013,0.01,0.013,32,
1986-01-25 00:30:58.495000+00:00,26856,0,577,1,-12.577,-3.725,-1.432,13.195,13.195,-6.232,196.496,0.017,0.013,0.011,32,
1986-01-25 00:31:00.415000+00:00,26856,0,609,1,-12.573,-3.722,-1.434,13.19,13.19,-6.239,196.49,0.008,0.011,0.015,32,
1986-01-25 00:31:02.335000+00:00,26856,0,641,1,-12.566,-3.725,-1.439,13.186,13.186,-6.264,196.512,0.012,0.01,0.013,32,
1986-01-25 00:31:04.255000+00:00,26856,0,673,1,-12.565,-3.739,-1.447,13.189,13.189,-6.298,196.57,0.018,0.013,0.011,32,
1986-01-25 00:31:06.175000+00:00,26856,0,705,1,-12.564,-3.728,-1.447,13.185,13.185,-6.3,196.525,0.013,0.011,0.015,32,
1986-01-25 00:31:08.095000+00:00,26856,0,737,1,-12.567,-3.729,-1.436,13.187,13.187,-6.253,196.526,0.013,0.015,0.012,32,
1986-01-25 00:31:10.015000+00:00,26856,0,769,1,-12.566,-3.728,-1.434,13.185,13.185,-6.246,196.525,0.016,0.011,0.011,32,
1986-01-25 00:31:11.935000+00:00,26856,1,1,1,-12.559,-3.724,-1.447,13.179,13.179,-6.302,196.516,0.017,0.011,0.016,32,
1986-01-25 00:31:13.855000+00:00,26856,1,33,1,-12.558,-3.709,-1.425,13.172,13.172,-6.211,196.454,0.011,0.007,0.009,32,
1986-01-25 00:31:15.775000+00:00,26856,1,65,1,-12.565,-3.714,-1.426,13.179,13.179,-6.212,196.465,0.008,0.007,0.01,32,
1986-01-25 00:31:17.695000+00:00,26856,1,97,1,-12.563,-3.725,-1.427,13.181,13.181,-6.213,196.514,0.008,0.01,0.013,32,
1986-01-25 00:31:19.615000+00:00,26856,1,129,1,-12.563,-3.716,-1.425,13.179,13.179,-6.207,196.479,0.012,0.004,0.013,32,
1986-01-25 00:31:21.535000+00:00,26856,1,161,1,-12.558,-3.724,-1.423,13.175,13.175,-6.202,196.517,0.006,0.013,0.009,32,
1986-01-25 00:31:23.455000+00:00,26856,1,193,1,-12.559,-3.722,-1.422,13.176,13.176,-6.196,196.509,0.01,0.013,0.013,32,
1986-01-25 00:31:25.375000+00:00,26856,1,225,1,-12.555,-3.716,-1.42,13.171,13.171,-6.189,196.489,0.012,0.005,0.015,32,
1986-01-25 00:31:27.295000+00:00,26856,1,257,1,-12.557,-3.718,-1.408,13.172,13.172,-6.136,196.493,0.011,0.009,0.007,32,
1986-01-25 00:31:29.215000+00:00,26856,1,289,1,-12.557,-3.722,-1.411,13.173,13.173,-6.149,196.51,0.013,0.011,0.013,32,
1986-01-25 00:31:31.135000+00:00,26856,1,321,1,-12.557,-3.715,-1.417,13.172,13.172,-6.176,196.481,0.014,0.009,0.008,32,
1986-01-25 00:31:33.055000+00:00,26856,1,353,1,-12.551,-3.716,-1.41,13.165,13.165,-6.149,196.491,0.01,0.012,0.008,32,
1986-01-25 00:31:34.975000+00:00,26856,1,385,1,-12.551,-3.718,-1.412,13.166,13.166,-6.158,196.502,0.01,0.011,0.015,32,
1986-01-25 00:31:36.895000+00:00,26856,1,417,1,-12.537,-3.723,-1.411,13.155,13.155,-6.16,196.541,0.012,0.011,0.009,32,
1986-01-25 00:31:38.815000+00:00,26856,1,449,1,-12.537,-3.714,-1.4,13.15,13.15,-6.113,196.503,0.007,0.008,0.007,32,
1986-01-25 00:31:40.735000+00:00,26856,1,481,1,-12.545,-3.717,-1.402,13.159,13.159,-6.115,196.506,0.014,0.012,0.017,32,
1986-01-25 00:31:42.655000+00:00,26856,1,513,1,-12.54,-3.718,-1.407,13.156,13.156,-6.139,196.516,0.014,0.014,0.013,32,
1986-01-25 00:31:44.575000+00:00,26856,1,545,1,-12.534,-3.723,-1.409,13.151,13.151,-6.149,196.543,0.008,0.013,0.01,32,
1986-01-25 00:31:46.495000+00:00,26856,1,577,1,-12.512,-3.721,-1.404,13.129,13.129,-6.137,196.562,0.01,0.011,0.01,32,
1986-01-25 00:31:48.415000+00:00,26856,1,609,1,-12.526,-3.712,-1.392,13.139,13.139,-6.08,196.508,0.011,0.012,0.011,32,
1986-01-25 00:31:50.335000+00:00,26856,1,641,1,-12.53,-3.722,-1.402,13.146,13.146,-6.12,196.544,0.007,0.009,0.008,32,
1986-01-25 00:31:52.255000+00:00,26856,1,673,1,-12.524,-3.717,-1.405,13.139,13.139,-6.138,196.53,0.01,0.01,0.013,32,
1986-01-25 00:31:54.175000+00:00,26856,1,705,1,-12.51,-3.714,-1.398,13.125,13.125,-6.114,196.537,0.014,0.009,0.014,32,
1986-01-25 00:31:56.095000+00:00,26856,1,737,1,-12.516,-3.716,-1.396,13.131,13.131,-6.103,196.538,0.007,0.008,0.01,32,
1986-01-25 00:31:58.015000+00:00,26856,1,769,1,-12.516,-3.71,-1.388,13.128,13.128,-6.069,196.51,0.012,0.012,0.014,32,
1986-01-25 00:31:59.935000+00:00,26856,2,1,1,-12.508,-3.713,-1.386,13.121,13.121,-6.064,196.534,0.018,0.01,0.014,32,
1986-01-25 00:32:01.855000+00:00,26856,2,33,1,-12.512,-3.721,-1.389,13.127,13.128,-6.073,196.562,0.008,0.009,0.016,32,
1986-01-25 00:32:03.775000+00:00,26856,2,65,1,-12.508,-3.713,-1.384,13.121,13.121,-6.056,196.533,0.009,0.016,0.01,32,
1986-01-25 00:32:05.695000+00:00,26856,2,97,1,-12.507,-3.708,-1.379,13.118,13.118,-6.035,196.512,0.013,0.01,0.013,32,
1986-01-25 00:32:07.615000+00:00,26856,2,129,1,-12.505,-3.708,-1.384,13.116,13.116,-6.056,196.516,0.008,0.011,0.015,32,
1986-01-25 00:32:09.535000+00:00,26856,2,161,1,-12.509,-3.706,-1.383,13.12,13.12,-6.052,196.504,0.012,0.013,0.007,32,
1986-01-25 00:32:11.455000+00:00,26856,2,193,1,-12.505,-3.708,-1.385,13.117,13.117,-6.059,196.516,0.013,0.008,0.015,32,
1986-01-25 00:32:13.375000+00:00,26856,2,225,1,-12.504,-3.713,-1.392,13.118,13.118,-6.094,196.538,0.007,0.011,0.015,32,
1986-01-25 00:32:15.295000+00:00,26856,2,257,1,-12.509,-3.705,-1.37,13.118,13.118,-5.994,196.498,0.01,0.014,0.009,32,
1986-01-25 00:32:17.215000+00:00,26856,2,289,1,-12.5,-3.703,-1.373,13.109,13.109,-6.012,196.499,0.019,0.006,0.015,32,
1986-01-25 00:32:19.135000+00:00,26856,2,321,1,-12.502,-3.711,-1.379,13.114,13.114,-6.037,196.531,0.008,0.011,0.016,32,
1986-01-25 00:32:21.055000+00:00,26856,2,353,1,-12.495,-3.707,-1.382,13.106,13.106,-6.053,196.526,0.01,0.013,0.007,32,
1986-01-25 00:32:22.975000+00:00,26856,2,385,1,-12.499,-3.708,-1.373,13.11,13.11,-6.012,196.525,0.015,0.008,0.012,32,
1986-01-25 00:32:24.895000+00:00,26856,2,417,1,-12.5,-3.705,-1.367,13.109,13.109,-5.984,196.511,0.011,0.009,0.013,32,
1986-01-25 00:32:26.815000+00:00,26856,2,449,1,-12.492,-3.71,-1.367,13.103,13.103,-5.989,196.541,0.009,0.016,0.008,32,
1986-01-25 00:32:28.735000+00:00,26856,2,481,1,-12.494,-3.71,-1.378,13.106,13.106,-6.035,196.539,0.014,0.009,0.016,32,
1986-01-25 00:32:30.655000+00:00,26856,2,513,1,-12.486,-3.696,-1.371,13.094,13.094,-6.01,196.491,0.012,0.008,0.012,32,
1986-01-25 00:32:32.575000+00:00,26856,2,545,1,-12.477,-3.699,-1.376,13.087,13.087,-6.037,196.513,0.008,0.015,0.008,32,
1986-01-25 00:32:34.495000+00:00,26856,2,577,1,-12.47,-3.696,-1.369,13.078,13.078,-6.009,196.509,0.016,0.006,0.015,32,
1986-01-25 00:32:36.415000+00:00,26856,2,609,1,-12.489,-3.694,-1.359,13.094,13.094,-5.959,196.477,0.01,0.012,0.017,32,
1986-01-25 00:32:38.335000+00:00,26856,2,641,1,-12.482,-3.702,-1.371,13.091,13.091,-6.01,196.518,0.007,0.018,0.01,32,
1986-01-25 00:32:40.255000+00:00,26856,2,673,1,-12.472,-3.699,-1.367,13.081,13.081,-5.999,196.521,0.013,0.01,0.015,32,
1986-01-25 00:32:42.175000+00:00,26856,2,705,1,-12.469,-3.702,-1.369,13.079,13.078,-6.007,196.535,0.01,0.011,0.018,32,
1986-01-25 00:32:44.095000+00:00,26856,2,737,1,-12.469,-3.705,-1.371,13.08,13.08,-6.018,196.551,0.011,0.017,0.009,32,
1986-01-25 00:32:46.015000+00:00,26856,2,769,1,-12.468,-3.701,-1.366,13.077,13.078,-5.997,196.534,0.016,0.008,0.014,32,
1986-01-25 00:32:47.935000+00:00,26856,3,1,1,-12.467,-3.69,-1.359,13.072,13.072,-5.966,196.488,0.018,0.007,0.006,32,
1986-01-25 00:32:49.855000+00:00,26856,3,33,1,-12.454,-3.692,-1.358,13.061,13.061,-5.967,196.513,0.01,0.008,0.014,32,
1986-01-25 00:32:51.775000+00:00,26856,3,65,1,-12.456,-3.694,-1.348,13.062,13.062,-5.924,196.518,0.01,0.015,0.009,32,
1986-01-25 00:32:53.695000+00:00,26856,3,97,1,-12.469,-3.688,-1.347,13.073,13.073,-5.916,196.477,0.023,0.009,0.013,32,
1986-01-25 00:32:55.615000+00:00,26856,3,129,1,-12.462,-3.691,-1.354,13.068,13.068,-5.947,196.496,0.008,0.005,0.014,32,
1986-01-25 00:32:57.535000+00:00,26856,3,161,1,-12.464,-3.687,-1.343,13.067,13.067,-5.899,196.479,0.011,0.016,0.007,32,
1986-01-25 00:32:59.455000+00:00,26856,3,193,1,-12.461,-3.694,-1.347,13.067,13.067,-5.917,196.512,0.021,0.01,0.011,32,
1986-01-25 00:33:01.375000+00:00,26856,3,225,1,-12.466,-3.698,-1.355,13.073,13.073,-5.951,196.521,0.006,0.007,0.018,32,
1986-01-25 00:33:03.295000+00:00,26856,3,257,1,-12.458,-3.69,-1.34,13.062,13.062,-5.89,196.5,0.009,0.014,0.006,32,
1986-01-25 00:33:05.215000+00:00,26856,3,289,1,-12.454,-3.69,-1.347,13.059,13.059,-5.921,196.504,0.015,0.01,0.01,32,
1986-01-25 00:33:07.135000+00:00,26856,3,321,1,-12.45,-3.689,-1.354,13.056,13.056,-5.953,196.506,0.008,0.011,0.014,32,
1986-01-25 00:33:09.055000+00:00,26856,3,353,1,-12.455,-3.684,-1.35,13.058,13.058,-5.934,196.477,0.014,0.011,0.005,32,
1986-01-25 00:33:10.975000+00:00,26856,3,385,1,-12.459,-3.685,-1.334,13.061,13.061,-5.863,196.478,0.014,0.007,0.008,32,
1986-01-25 00:33:12.895000+00:00,26856,3,417,1,-12.457,-3.682,-1.329,13.057,13.057,-5.841,196.467,0.007,0.011,0.01,32,
1986-01-25 00:33:14.815000+00:00,26856,3,449,1,-12.454,-3.684,-1.321,13.054,13.054,-5.809,196.478,0.011,0.015,0.005,32,
1986-01-25 00:33:16.735000+00:00,26856,3,481,1,-12.446,-3.687,-1.329,13.049,13.049,-5.845,196.501,0.012,0.007,0.011,32,
1986-01-25 00:33:18.655000+00:00,26856,3,513,1,-12.45,-3.689,-1.332,13.053,13.053,-5.856,196.504,0.009,0.008,0.015,32,
1986-01-25 00:33:20.575000+00:00,26856,3,545,1,-12.442,-3.676,-1.322,13.041,13.041,-5.818,196.462,0.011,0.016,0.007,32,
1986-01-25 00:33:22.495000+00:00,26856,3,577,1,-12.443,-3.683,-1.323,13.044,13.044,-5.822,196.488,0.016,0.005,0.012,32,
1986-01-25 00:33:24.415000+00:00,26856,3,609,1,-12.445,-3.689,-1.335,13.049,13.049,-5.874,196.511,0.008,0.008,0.012,32,
1986-01-25 00:33:26.335000+00:00,26856,3,641,1,-12.45,-3.685,-1.326,13.051,13.051,-5.831,196.49,0.012,0.011,0.007,32,
1986-01-25 00:33:28.255000+00:00,26856,3,673,1,-12.44,-3.684,-1.326,13.042,13.042,-5.833,196.497,0.02,0.005,0.012,32,
1986-01-25 00:33:30.175000+00:00,26856,3,705,1,-12.434,-3.686,-1.329,13.037,13.037,-5.849,196.514,0.008,0.009,0.013,32,
1986-01-25 00:33:32.095000+00:00,26856,3,737,1,-12.424,-3.681,-1.323,13.025,13.025,-5.828,196.503,0.011,0.015,0.006,32,
1986-01-25 00:33:34.015000+00:00,26856,3,769,1,-12.435,-3.681,-1.325,13.035,13.035,-5.833,196.488,0.015,0.003,0.01,32,
1986-01-25 00:33:35.935000+00:00,26856,4,1,1,-12.424,-3.681,-1.327,13.026,13.026,-5.845,196.503,0.01,0.003,0.009,32,
1986-01-25 00:33:37.855000+00:00,26856,4,33,1,-12.432,-3.682,-1.323,13.033,13.033,-5.826,196.496,0.005,0.01,0.014,32,
1986-01-25 00:33:39.775000+00:00,26856,4,65,1,-12.431,-3.675,-1.315,13.029,13.029,-5.794,196.468,0.016,0.015,0.008,32,
1986-01-25 00:33:41.695000+00:00,26856,4,97,1,-12.424,-3.666,-1.303,13.019,13.019,-5.744,196.44,0.012,0.01,0.01,32,
1986-01-25 00:33:43.615000+00:00,26856,4,129,1,-12.431,-3.671,-1.315,13.028,13.028,-5.793,196.454,0.007,0.013,0.02,32,
1986-01-25 00:33:45.535000+00:00,26856,4,161,1,-12.414,-3.666,-1.301,13.009,13.009,-5.741,196.454,0.012,0.014,0.008,32,
1986-01-25 00:33:47.455000+00:00,26856,4,193,1,-12.411,-3.674,-1.312,13.01,13.01,-5.789,196.489,0.015,0.01,0.014,32,
1986-01-25 00:33:49.375000+00:00,26856,4,225,1,-12.406,-3.676,-1.317,13.006,13.006,-5.81,196.507,0.007,0.013,0.01,32,
1986-01-25 00:33:51.295000+00:00,26856,4,257,1,-12.41,-3.674,-1.312,13.008,13.008,-5.788,196.491,0.01,0.011,0.008,32,
1986-01-25 00:33:53.215000+00:00,26856,4,289,1,-12.405,-3.677,-1.307,13.004,13.004,-5.768,196.51,0.015,0.007,0.012,32,
1986-01-25 00:33:55.135000+00:00,26856,4,321,1,-12.4,-3.684,-1.315,13.003,13.003,-5.805,196.545,0.007,0.011,0.014,32,
1986-01-25 00:33:57.055000+00:00,26856,4,353,1,-12.406,-3.679,-1.316,13.007,13.007,-5.806,196.516,0.01,0.014,0.006,32,
1986-01-25 00:33:58.975000+00:00,26856,4,385,1,-12.405,-3.675,-1.304,13.004,13.004,-5.755,196.502,0.016,0.008,0.014,32,
1986-01-25 00:34:00.895000+00:00,26856,4,417,1,-12.403,-3.672,-1.302,13.001,13.001,-5.746,196.493,0.007,0.01,0.012,32,
1986-01-25 00:34:02.815000+00:00,26856,4,449,1,-12.403,-3.674,-1.301,13.001,13.001,-5.744,196.5,0.012,0.014,0.009,32,
1986-01-25 00:34:04.735000+00:00,26856,4,481,1,-12.392,-3.671,-1.304,12.99,12.99,-5.759,196.503,0.015,0.009,0.012,32,
1986-01-25 00:34:06.655000+00:00,26856,4,513,1,-12.391,-3.68,-1.301,12.991,12.991,-5.748,196.539,0.0,0.013,0.012,32,
1986-01-25 00:34:08.575000+00:00,26856,4,545,1,-12.404,-3.676,-1.303,13.002,13.002,-5.752,196.506,0.011,0.014,0.004,32,
1986-01-25 00:34:10.495000+00:00,26856,4,577,1,-12.383,-3.665,-1.291,12.978,12.978,-5.709,196.486,0.018,0.008,0.011,32,
1986-01-25 00:34:12.415000+00:00,26856,4,609,1,-12.383,-3.663,-1.287,12.978,12.978,-5.692,196.478,0.006,0.01,0.016,32,
1986-01-25 00:34:14.335000+00:00,26856,4,641,1,-12.379,-3.659,-1.289,12.973,12.973,-5.703,196.467,0.009,0.014,0.007,32,
1986-01-25 00:34:16.255000+00:00,26856,4,673,1,-12.378,-3.666,-1.299,12.974,12.974,-5.744,196.499,0.015,0.009,0.014,32,
1986-01-25 00:34:18.175000+00:00,26856,4,705,1,-12.398,-3.662,-1.29,12.992,12.992,-5.7,196.457,0.008,0.014,0.013,32,
1986-01-25 00:34:20.095000+00:00,26856,4,737,1,-12.384,-3.662,-1.292,12.979,12.979,-5.715,196.472,0.011,0.013,0.009,32,
1986-01-25 00:34:22.015000+00:00,26856,4,769,1,-12.373,-3.659,-1.282,12.966,12.966,-5.673,196.476,0.016,0.011,0.01,32,
1986-01-25 00:34:23.935000+00:00,26856,5,1,1,-12.366,-3.655,-1.281,12.958,12.958,-5.673,196.465,0.013,0.01,0.01,32,
1986-01-25 00:34:25.855000+00:00,26856,5,33,1,-12.374,-3.656,-1.28,12.966,12.966,-5.665,196.458,0.007,0.013,0.011,32,
1986-01-25 00:34:27.775000+00:00,26856,5,65,1,-12.376,-3.661,-1.27,12.968,12.968,-5.619,196.48,0.009,0.013,0.01,32,
1986-01-25 00:34:29.695000+00:00,26856,5,97,1,-12.369,-3.659,-1.28,12.963,12.963,-5.667,196.478,0.014,0.009,0.01,32,
1986-01-25 00:34:31.615000+00:00,26856,5,129,1,-12.371,-3.656,-1.28,12.963,12.963,-5.665,196.465,0.009,0.007,0.014,32,
1986-01-25 00:34:33.535000+00:00,26856,5,161,1,-12.365,-3.655,-1.28,12.957,12.957,-5.668,196.467,0.013,0.011,0.01,32,
1986-01-25 00:34:35.455000+00:00,26856,5,193,1,-12.365,-3.659,-1.271,12.958,12.958,-5.631,196.485,0.012,0.009,0.009,32,
1986-01-25 00:34:37.375000+00:00,26856,5,225,1,-12.369,-3.662,-1.271,12.962,12.962,-5.626,196.49,0.01,0.008,0.01,32,
1986-01-25 00:34:39.295000+00:00,26856,5,257,1,-12.371,-3.653,-1.263,12.961,12.961,-5.594,196.451,0.011,0.014,0.012,32,
1986-01-25 00:34:41.215000+00:00,26856,5,289,1,-12.359,-3.66,-1.26,12.951,12.951,-5.581,196.496,0.014,0.012,0.01,32,
1986-01-25 00:34:43.135000+00:00,26856,5,321,1,-12.359,-3.65,-1.267,12.949,12.949,-5.616,196.455,0.009,0.01,0.013,32,
1986-01-25 00:34:45.055000+00:00,26856,5,353,1,-12.369,-3.648,-1.252,12.956,12.956,-5.547,196.43,0.009,0.016,0.009,32,
1986-01-25 00:34:46.975000+00:00,26856,5,385,1,-12.363,-3.65,-1.262,12.952,12.952,-5.589,196.447,0.014,0.011,0.01,32,
1986-01-25 00:34:48.895000+00:00,26856,5,417,1,-12.361,-3.654,-1.263,12.951,12.951,-5.598,196.469,0.009,0.007,0.011,32,
1986-01-25 00:34:50.815000+00:00,26856,5,449,1,-12.356,-3.663,-1.264,12.949,12.949,-5.602,196.512,0.011,0.013,0.009,32,
1986-01-25 00:34:52.735000+00:00,26856,5,481,1,-12.351,-3.66,-1.258,12.943,12.943,-5.576,196.505,0.015,0.01,0.011,32,
1986-01-25 00:34:54.655000+00:00,26856,5,513,1,-12.352,-3.665,-1.273,12.947,12.947,-5.644,196.524,0.008,0.008,0.016,32,
1986-01-25 00:34:56.575000+00:00,26856,5,545,1,-12.353,-3.656,-1.263,12.944,12.944,-5.599,196.487,0.007,0.011,0.011,32,
1986-01-25 00:34:58.495000+00:00,26856,5,577,1,-12.35,-3.653,-1.266,12.941,12.941,-5.613,196.478,0.016,0.008,0.012,32,
1986-01-25 00:35:00.415000+00:00,26856,5,609,1,-12.344,-3.65,-1.257,12.934,12.934,-5.576,196.474,0.011,0.007,0.013,32,
1986-01-25 00:35:02.335000+00:00,26856,5,641,1,-12.34,-3.66,-1.263,12.933,12.933,-5.603,196.521,0.009,0.012,0.012,32,
1986-01-25 00:35:04.255000+00:00,26856,5,673,1,-12.331,-3.66,-1.259,12.924,12.925,-5.591,196.533,0.013,0.012,0.012,32,
1986-01-25 00:35:06.175000+00:00,26856,5,705,1,-12.337,-3.652,-1.245,12.926,12.926,-5.528,196.492,0.011,0.011,0.014,32,
1986-01-25 00:35:08.095000+00:00,26856,5,737,1,-12.343,-3.651,-1.249,12.932,12.933,-5.543,196.479,0.009,0.013,0.011,32,
1986-01-25 00:35:10.015000+00:00,26856,5,769,1,-12.344,-3.659,-1.25,12.936,12.936,-5.545,196.511,0.012,0.012,0.011,32,
1986-01-25 00:35:11.935000+00:00,26856,6,1,1,-12.338,-3.655,-1.246,12.928,12.928,-5.532,196.501,0.013,0.011,0.009,32,
1986-01-25 00:35:13.855000+00:00,26856,6,33,1,-12.332,-3.646,-1.246,12.92,12.92,-5.534,196.469,0.012,0.017,0.014,32,
1986-01-25 00:35:15.775000+00:00,26856,6,65,1,-12.319,-3.643,-1.246,12.907,12.907,-5.538,196.475,0.008,0.014,0.011,32,
1986-01-25 00:35:17.695000+00:00,26856,6,97,1,-12.317,-3.645,-1.24,12.905,12.905,-5.513,196.486,0.013,0.012,0.006,32,
1986-01-25 00:35:19.615000+00:00,26856,6,129,1,-12.318,-3.647,-1.24,12.907,12.907,-5.514,196.492,0.013,0.011,0.016,32,
1986-01-25 00:35:21.535000+00:00,26856,6,161,1,-12.317,-3.646,-1.237,12.904,12.904,-5.499,196.489,0.016,0.016,0.01,32,
1986-01-25 00:35:23.455000+00:00,26856,6,193,1,-12.321,-3.646,-1.231,12.908,12.908,-5.473,196.486,0.012,0.011,0.011,32,
1986-01-25 00:35:25.375000+00:00,26856,6,225,1,-12.306,-3.638,-1.232,12.891,12.891,-5.482,196.47,0.01,0.012,0.016,32,
1986-01-25 00:35:27.295000+00:00,26856,6,257,1,-12.316,-3.64,-1.228,12.901,12.901,-5.46,196.466,0.013,0.012,0.01,32,
1986-01-25 00:35:29.215000+00:00,26856,6,289,1,-12.301,-3.636,-1.234,12.887,12.887,-5.493,196.468,0.015,0.014,0.008,32,
1986-01-25 00:35:31.135000+00:00,26856,6,321,1,-12.302,-3.645,-1.235,12.89,12.89,-5.497,196.504,0.012,0.012,0.015,32,
1986-01-25 00:35:33.055000+00:00,26856,6,353,1,-12.296,-3.645,-1.235,12.884,12.884,-5.5,196.513,0.013,0.014,0.01,32,
1986-01-25 00:35:34.975000+00:00,26856,6,385,1,-12.294,-3.643,-1.225,12.881,12.881,-5.456,196.507,0.012,0.013,0.011,32,
1986-01-25 00:35:36.895000+00:00,26856,6,417,1,-12.291,-3.636,-1.221,12.876,12.876,-5.442,196.479,0.008,0.006,0.012,32,
1986-01-25 00:35:38.815000+00:00,26856,6,449,1,-12.294,-3.64,-1.228,12.88,12.88,-5.471,196.493,0.014,0.014,0.013,32,
1986-01-25 00:35:40.735000+00:00,26856,6,481,1,-12.299,-3.641,-1.245,12.887,12.887,-5.544,196.49,0.015,0.01,0.011,32,
1986-01-25 00:35:42.655000+00:00,26856,6,513,1,-12.288,-3.64,-1.23,12.875,12.875,-5.483,196.502,0.011,0.008,0.014,32,
1986-01-25 00:35:44.575000+00:00,26856,6,545,1,-12.295,-3.627,-1.219,12.877,12.877,-5.432,196.437,0.016,0.013,0.01,32,
1986-01-25 00:35:46.495000+00:00,26856,6,577,1,-12.298,-3.631,-1.211,12.88,12.88,-5.394,196.449,0.016,0.012,0.013,32,
1986-01-25 00:35:48.415000+00:00,26856,6,609,1,-12.298,-3.625,-1.206,12.878,12.878,-5.373,196.425,0.009,0.009,0.014,32,
1986-01-25 00:35:50.335000+00:00,26856,6,641,1,-12.296,-3.632,-1.21,12.878,12.878,-5.393,196.459,0.012,0.015,0.011,32,
1986-01-25 00:35:52.255000+00:00,26856,6,673,1,-12.297,-3.627,-1.212,12.878,12.878,-5.4,196.434,0.015,0.009,0.013,32,
1986-01-25 00:35:54.175000+00:00,26856,6,705,1,-12.281,-3.633,-1.214,12.865,12.865,-5.413,196.481,0.012,0.012,0.014,32,
1986-01-25 00:35:56.095000+00:00,26856,6,737,1,-12.277,-3.638,-1.204,12.861,12.861,-5.373,196.506,0.013,0.016,0.01,32,
1986-01-25 00:35:58.015000+00:00,26856,6,769,1,-12.261,-3.634,-1.205,12.845,12.845,-5.384,196.509,0.012,0.012,0.013,32,
1986-01-25 00:35:59.935000+00:00,26856,7,1,1,-12.271,-3.644,-1.207,12.857,12.857,-5.388,196.538,0.013,0.013,0.004,32,
1986-01-25 00:36:01.855000+00:00,26856,7,33,1,-12.268,-3.628,-1.206,12.85,12.85,-5.384,196.472,0.012,0.011,0.011,32,
1986-01-25 00:36:03.775000+00:00,26856,7,65,1,-12.275,-3.634,-1.211,12.859,12.859,-5.405,196.491,0.014,0.017,0.011,32,
1986-01-25 00:36:05.695000+00:00,26856,7,97,1,-12.272,-3.627,-1.2,12.853,12.853,-5.356,196.467,0.014,0.01,0.008,32,
1986-01-25 00:36:07.615000+00:00,26856,7,129,1,-12.265,-3.628,-1.2,12.846,12.846,-5.362,196.48,0.014,0.009,0.016,32,
1986-01-25 00:36:09.535000+00:00,26856,7,161,1,-12.276,-3.635,-1.208,12.86,12.86,-5.392,196.494,0.016,0.016,0.01,32,
1986-01-25 00:36:11.455000+00:00,26856,7,193,1,-12.269,-3.635,-1.206,12.853,12.853,-5.386,196.503,0.017,0.011,0.006,32,
1986-01-25 00:36:13.375000+00:00,26856,7,225,1,-12.25,-3.631,-1.205,12.834,12.834,-5.388,196.509,0.011,0.006,0.015,32,
1986-01-25 00:36:15.295000+00:00,26856,7,257,1,-12.259,-3.625,-1.197,12.839,12.839,-5.351,196.475,0.014,0.014,0.011,32,
1986-01-25 00:36:17.215000+00:00,26856,7,289,1,-12.247,-3.619,-1.194,12.826,12.826,-5.339,196.46,0.016,0.013,0.007,32,
1986-01-25 00:36:19.135000+00:00,26856,7,321,1,-12.244,-3.622,-1.183,12.823,12.823,-5.295,196.48,0.011,0.011,0.017,32,
1986-01-25 00:36:21.055000+00:00,26856,7,353,1,-12.251,-3.63,-1.199,12.833,12.833,-5.36,196.503,0.01,0.017,0.011,32,
1986-01-25 00:36:22.975000+00:00,26856,7,385,1,-12.247,-3.628,-1.191,12.829,12.829,-5.328,196.5,0.016,0.012,0.013,32,
1986-01-25 00:36:24.895000+00:00,26856,7,417,1,-12.244,-3.632,-1.199,12.827,12.827,-5.363,196.522,0.013,0.008,0.017,32,
1986-01-25 00:36:26.815000+00:00,26856,7,449,1,-12.255,-3.613,-1.173,12.83,12.83,-5.246,196.427,0.013,0.014,0.011,32,
1986-01-25 00:36:28.735000+00:00,26856,7,481,1,-12.243,-3.619,-1.186,12.821,12.821,-5.307,196.466,0.018,0.012,0.012,32,
1986-01-25 00:36:30.655000+00:00,26856,7,513,1,-12.242,-3.617,-1.179,12.82,12.82,-5.277,196.461,0.007,0.008,0.019,32,
1986-01-25 00:36:32.575000+00:00,26856,7,545,1,-12.245,-3.611,-1.173,12.821,12.821,-5.25,196.432,0.014,0.017,0.011,32,
1986-01-25 00:36:34.495000+00:00,26856,7,577,1,-12.241,-3.613,-1.173,12.817,12.817,-5.253,196.444,0.014,0.008,0.01,32,
1986-01-25 00:36:36.415000+00:00,26856,7,609,1,-12.24,-3.615,-1.17,12.816,12.816,-5.237,196.453,0.011,0.011,0.019,32,
1986-01-25 00:36:38.335000+00:00,26856,7,641,1,-12.227,-3.615,-1.173,12.804,12.804,-5.256,196.471,0.016,0.018,0.014,32,
1986-01-25 00:36:40.255000+00:00,26856,7,673,1,-12.226,-3.619,-1.191,12.806,12.806,-5.335,196.49,0.012,0.013,0.011,32,
1986-01-25 00:36:42.175000+00:00,26856,7,705,1,-12.224,-3.624,-1.184,12.805,12.805,-5.307,196.514,0.009,0.005,0.016,32,
1986-01-25 00:36:44.095000+00:00,26856,7,737,1,-12.23,-3.624,-1.182,12.811,12.811,-5.292,196.507,0.012,0.016,0.009,32,
1986-01-25 00:36:46.015000+00:00,26856,7,769,1,-12.234,-3.618,-1.177,12.812,12.812,-5.272,196.477,0.013,0.01,0.01,32,
1986-01-25 00:36:47.935000+00:00,26856,8,1,1,-12.225,-3.62,-1.188,12.805,12.805,-5.324,196.496,0.017,0.012,0.013,32,
1986-01-25 00:36:49.855000+00:00,26856,8,33,1,-12.22,-3.621,-1.18,12.8,12.8,-5.288,196.506,0.009,0.012,0.013,32,
1986-01-25 00:36:51.775000+00:00,26856,8,65,1,-12.214,-3.612,-1.168,12.791,12.791,-5.237,196.474,0.011,0.012,0.012,32,
1986-01-25 00:36:53.695000+00:00,26856,8,97,1,-12.21,-3.61,-1.163,12.786,12.786,-5.219,196.472,0.019,0.014,0.012,32,
1986-01-25 00:36:55.615000+00:00,26856,8,129,1,-12.209,-3.614,-1.166,12.786,12.786,-5.23,196.489,0.01,0.011,0.009,32,
1986-01-25 00:36:57.535000+00:00,26856,8,161,1,-12.206,-3.616,-1.167,12.784,12.784,-5.237,196.503,0.011,0.014,0.013,32,
1986-01-25 00:36:59.455000+00:00,26856,8,193,1,-12.208,-3.621,-1.169,12.787,12.787,-5.246,196.52,0.015,0.014,0.014,32,
1986-01-25 00:37:01.375000+00:00,26856,8,225,1,-12.201,-3.615,-1.173,12.779,12.779,-5.265,196.505,0.012,0.009,0.009,32,
1986-01-25 00:37:03.295000+00:00,26856,8,257,1,-12.211,-3.607,-1.161,12.785,12.785,-5.208,196.456,0.014,0.012,0.008,32,
1986-01-25 00:37:05.215000+00:00,26856,8,289,1,-12.202,-3.612,-1.166,12.778,12.779,-5.235,196.489,0.016,0.013,0.012,32,
1986-01-25 00:37:07.135000+00:00,26856,8,321,1,-12.196,-3.616,-1.161,12.774,12.774,-5.214,196.513,0.011,0.013,0.013,32,
1986-01-25 00:37:09.055000+00:00,26856,8,353,1,-12.204,-3.611,-1.154,12.779,12.779,-5.181,196.483,0.012,0.013,0.012,32,
1986-01-25 00:37:10.975000+00:00,26856,8,385,1,-12.205,-3.612,-1.155,12.781,12.781,-5.184,196.487,0.014,0.012,0.016,32,
1986-01-25 00:37:12.895000+00:00,26856,8,417,1,-12.203,-3.609,-1.146,12.777,12.777,-5.145,196.476,0.012,0.01,0.012,32,
1986-01-25 00:37:14.815000+00:00,26856,8,449,1,-12.2,-3.616,-1.14,12.776,12.776,-5.121,196.511,0.011,0.01,0.011,32,
1986-01-25 00:37:16.735000+00:00,26856,8,481,1,-12.199,-3.612,-1.15,12.774,12.774,-5.164,196.492,0.012,0.015,0.013,32,
1986-01-25 00:37:18.655000+00:00,26856,8,513,1,-12.199,-3.607,-1.143,12.772,12.772,-5.133,196.472,0.012,0.011,0.011,32,
1986-01-25 00:37:20.575000+00:00,26856,8,545,1,-12.195,-3.609,-1.14,12.769,12.769,-5.124,196.484,0.01,0.014,0.013,32,
1986-01-25 00:37:22.495000+00:00,26856,8,577,1,-12.195,-3.603,-1.134,12.767,12.767,-5.094,196.461,0.019,0.011,0.014,32,
1986-01-25 00:37:24.415000+00:00,26856,8,609,1,-12.192,-3.609,-1.128,12.765,12.765,-5.07,196.491,0.012,0.013,0.011,32,
1986-01-25 00:37:26.335000+00:00,26856,8,641,1,-12.175,-3.599,-1.124,12.745,12.745,-5.059,196.468,0.014,0.009,0.012,32,
1986-01-25 00:37:28.255000+00:00,26856,8,673,1,-12.174,-3.602,-1.134,12.746,12.746,-5.106,196.483,0.015,0.016,0.011,32,
1986-01-25 00:37:30.175000+00:00,26856,8,705,1,-12.176,-3.601,-1.141,12.749,12.749,-5.133,196.475,0.011,0.011,0.012,32,
1986-01-25 00:37:32.095000+00:00,26856,8,737,1,-12.189,-3.616,-1.139,12.765,12.765,-5.121,196.523,0.014,0.011,0.007,32,
1986-01-25 00:37:34.015000+00:00,26856,8,769,1,-12.172,-3.617,-1.13,12.748,12.748,-5.087,196.55,0.012,0.013,0.013,32,
1986-01-25 00:37:35.935000+00:00,26856,9,1,1,-12.17,-3.617,-1.14,12.747,12.747,-5.132,196.552,0.017,0.013,0.012,32,
1986-01-25 00:37:37.855000+00:00,26856,9,33,1,-12.175,-3.617,-1.135,12.752,12.752,-5.106,196.546,0.011,0.012,0.015,32,
1986-01-25 00:37:39.775000+00:00,26856,9,65,1,-12.174,-3.624,-1.143,12.754,12.754,-5.143,196.578,0.015,0.007,0.01,32,
1986-01-25 00:37:41.695000+00:00,26856,9,97,1,-12.169,-3.61,-1.122,12.743,12.743,-5.053,196.524,0.014,0.011,0.008,32,
1986-01-25 00:37:43.615000+00:00,26856,9,129,1,-12.166,-3.608,-1.126,12.74,12.74,-5.069,196.52,0.008,0.011,0.016,32,
1986-01-25 00:37:45.535000+00:00,26856,9,161,1,-12.163,-3.611,-1.126,12.738,12.738,-5.072,196.536,0.013,0.009,0.012,32,
1986-01-25 00:37:47.455000+00:00,26856,9,193,1,-12.163,-3.612,-1.129,12.738,12.738,-5.086,196.539,0.011,0.008,0.012,32,
1986-01-25 00:37:49.375000+00:00,26856,9,225,1,-12.154,-3.609,-1.143,12.729,12.729,-5.153,196.538,0.008,0.013,0.012,32,
1986-01-25 00:37:51.295000+00:00,26856,9,257,1,-12.166,-3.616,-1.139,12.742,12.742,-5.127,196.552,0.017,0.014,0.004,32,
1986-01-25 00:37:53.215000+00:00,26856,9,289,1,-12.156,-3.607,-1.127,12.729,12.729,-5.078,196.526,0.013,0.011,0.011,32,
1986-01-25 00:37:55.135000+00:00,26856,9,321,1,-12.148,-3.611,-1.125,12.723,12.723,-5.074,196.554,0.008,0.011,0.016,32,
1986-01-25 00:37:57.055000+00:00,26856,9,353,1,-12.141,-3.608,-1.127,12.716,12.716,-5.085,196.548,0.013,0.014,0.008,32,
1986-01-25 00:37:58.975000+00:00,26856,9,385,1,-12.147,-3.61,-1.127,12.722,12.722,-5.084,196.553,0.009,0.011,0.01,32,
1986-01-25 00:38:00.895000+00:00,26856,9,417,1,-12.143,-3.6,-1.122,12.715,12.715,-5.061,196.513,0.011,0.011,0.015,32,
1986-01-25 00:38:02.815000+00:00,26856,9,449,1,-12.139,-3.599,-1.118,12.711,12.711,-5.048,196.514,0.015,0.009,0.007,32,
1986-01-25 00:38:04.735000+00:00,26856,9,481,1,-12.14,-3.599,-1.11,12.711,12.711,-5.009,196.513,0.01,0.012,0.007,32,
1986-01-25 00:38:06.655000+00:00,26856,9,513,1,-12.141,-3.597,-1.101,12.711,12.711,-4.969,196.504,0.009,0.013,0.017,32,
1986-01-25 00:38:08.575000+00:00,26856,9,545,1,-12.142,-3.584,-1.093,12.707,12.707,-4.933,196.447,0.014,0.011,0.01,32,
1986-01-25 00:38:10.495000+00:00,26856,9,577,1,-12.146,-3.591,-1.106,12.714,12.714,-4.991,196.469,0.01,0.011,0.008,32,
1986-01-25 00:38:12.415000+00:00,26856,9,609,1,-12.145,-3.6,-1.102,12.716,12.716,-4.972,196.511,0.01,0.011,0.013,32,
1986-01-25 00:38:14.335000+00:00,26856,9,641,1,-12.137,-3.602,-1.109,12.709,12.709,-5.005,196.53,0.014,0.012,0.007,32,
1986-01-25 00:38:16.255000+00:00,26856,9,673,1,-12.134,-3.597,-1.102,12.704,12.704,-4.975,196.512,0.014,0.008,0.009,32,
1986-01-25 00:38:18.175000+00:00,26856,9,705,1,-12.132,-3.6,-1.112,12.704,12.704,-5.022,196.529,0.011,0.011,0.018,32,
1986-01-25 00:38:20.095000+00:00,26856,9,737,1,-12.124,-3.6,-1.108,12.696,12.696,-5.007,196.537,0.015,0.017,0.011,32,
1986-01-25 00:38:22.015000+00:00,26856,9,769,1,-12.128,-3.591,-1.102,12.697,12.697,-4.981,196.493,0.011,0.006,0.008,32,
1986-01-25 00:38:23.935000+00:00,26856,10,1,1,-12.118,-3.6,-1.11,12.69,12.69,-5.017,196.545,0.013,0.006,0.011,32,
1986-01-25 00:38:25.855000+00:00,26856,10,33,1,-12.125,-3.591,-1.098,12.693,12.693,-4.962,196.497,0.007,0.016,0.016,32,
1986-01-25 00:38:27.775000+00:00,26856,10,65,1,-12.127,-3.6,-1.107,12.698,12.698,-5.002,196.536,0.007,0.012,0.006,32,
1986-01-25 00:38:29.695000+00:00,26856,10,97,1,-12.126,-3.604,-1.106,12.698,12.698,-4.996,196.551,0.015,0.008,0.011,32,
1986-01-25 00:38:31.615000+00:00,26856,10,129,1,-12.126,-3.604,-1.111,12.699,12.699,-5.018,196.552,0.008,0.017,0.015,32,
1986-01-25 00:38:33.535000+00:00,26856,10,161,1,-12.128,-3.601,-1.105,12.7,12.7,-4.992,196.538,0.011,0.015,0.008,32,
1986-01-25 00:38:35.455000+00:00,26856,10,193,1,-12.109,-3.6,-1.107,12.682,12.682,-5.007,196.558,0.013,0.007,0.009,32,
1986-01-25 00:38:37.375000+00:00,26856,10,225,1,-12.118,-3.594,-1.091,12.687,12.687,-4.933,196.52,0.008,0.015,0.012,32,
1986-01-25 00:38:39.295000+00:00,26856,10,257,1,-12.111,-3.588,-1.08,12.677,12.677,-4.888,196.503,0.007,0.019,0.008,32,
1986-01-25 00:38:41.215000+00:00,26856,10,289,1,-12.109,-3.588,-1.087,12.676,12.676,-4.918,196.503,0.012,0.008,0.011,32,
1986-01-25 00:38:43.135000+00:00,26856,10,321,1,-12.088,-3.579,-1.081,12.653,12.653,-4.9,196.491,0.005,0.01,0.011,32,
1986-01-25 00:38:45.055000+00:00,26856,10,353,1,-12.083,-3.587,-1.089,12.651,12.651,-4.937,196.535,0.01,0.014,0.007,32,
1986-01-25 00:38:46.975000+00:00,26856,10,385,1,-12.088,-3.582,-1.085,12.654,12.654,-4.918,196.505,0.012,0.01,0.011,32,
1986-01-25 00:38:48.895000+00:00,26856,10,417,1,-12.088,-3.581,-1.077,12.653,12.653,-4.881,196.504,0.008,0.014,0.017,32,
1986-01-25 00:38:50.815000+00:00,26856,10,449,1,-12.1,-3.588,-1.082,12.667,12.667,-4.901,196.518,0.008,0.011,0.005,32,
1986-01-25 00:38:52.735000+00:00,26856,10,481,1,-12.087,-3.584,-1.083,12.653,12.653,-4.909,196.516,0.015,0.008,0.009,32,
1986-01-25 00:38:54.655000+00:00,26856,10,513,1,-12.079,-3.581,-1.08,12.645,12.645,-4.901,196.514,0.006,0.013,0.01,32,
1986-01-25 00:38:56.575000+00:00,26856,10,545,1,-12.077,-3.58,-1.077,12.642,12.642,-4.888,196.51,0.008,0.017,0.007,32,
1986-01-25 00:38:58.495000+00:00,26856,10,577,1,-12.076,-3.584,-1.083,12.643,12.643,-4.914,196.53,0.015,0.008,0.011,32,
1986-01-25 00:39:00.415000+00:00,26856,10,609,1,-12.076,-3.578,-1.071,12.641,12.641,-4.86,196.505,0.005,0.015,0.011,32,
1986-01-25 00:39:02.335000+00:00,26856,10,641,1,-12.077,-3.577,-1.065,12.641,12.641,-4.834,196.497,0.014,0.017,0.009,32,
1986-01-25 00:39:04.255000+00:00,26856,10,673,1,-12.08,-3.576,-1.07,12.643,12.643,-4.853,196.492,0.015,0.005,0.009,32,
1986-01-25 00:39:06.175000+00:00,26856,10,705,1,-12.079,-3.579,-1.068,12.643,12.643,-4.845,196.506,0.005,0.01,0.011,32,
1986-01-25 00:39:08.095000+00:00,26856,10,737,1,-12.08,-3.573,-1.056,12.642,12.642,-4.792,196.478,0.014,0.016,0.008,32,
1986-01-25 00:39:10.015000+00:00,26856,10,769,1,-12.078,-3.572,-1.06,12.639,12.639,-4.812,196.475,0.017,0.005,0.009,32,
1986-01-25 00:39:11.935000+00:00,26856,11,1,1,-12.076,-3.571,-1.051,12.637,12.637,-4.77,196.475,0.013,0.006,0.013,32,
1986-01-25 00:39:13.855000+00:00,26856,11,33,1,-12.079,-3.571,-1.065,12.641,12.641,-4.835,196.469,0.008,0.016,0.013,32,
1986-01-25 00:39:15.775000+00:00,26856,11,65,1,-12.073,-3.572,-1.056,12.634,12.634,-4.794,196.481,0.014,0.013,0.01,32,
1986-01-25 00:39:17.695000+00:00,26856,11,97,1,-12.074,-3.577,-1.054,12.637,12.637,-4.783,196.503,0.015,0.008,0.007,32,
1986-01-25 00:39:19.615000+00:00,26856,11,129,1,-12.08,-3.573,-1.056,12.642,12.642,-4.792,196.475,0.008,0.008,0.015,32,
1986-01-25 00:39:21.535000+00:00,26856,11,161,1,-12.077,-3.569,-1.059,12.638,12.638,-4.805,196.462,0.009,0.009,0.009,32,
1986-01-25 00:39:23.455000+00:00,26856,11,193,1,-12.067,-3.571,-1.061,12.628,12.628,-4.819,196.484,0.015,0.012,0.01,32,
1986-01-25 00:39:25.375000+00:00,26856,11,225,1,-12.061,-3.561,-1.043,12.619,12.619,-4.739,196.449,0.007,0.009,0.013,32,
1986-01-25 00:39:27.295000+00:00,26856,11,257,1,-12.057,-3.563,-1.047,12.616,12.616,-4.758,196.463,0.01,0.015,0.015,32,
1986-01-25 00:39:29.215000+00:00,26856,11,289,1,-12.057,-3.565,-1.043,12.617,12.617,-4.743,196.472,0.013,0.009,0.007,32,
1986-01-25 00:39:31.135000+00:00,26856,11,321,1,-12.052,-3.565,-1.036,12.611,12.611,-4.713,196.481,0.009,0.014,0.021,32,
1986-01-25 00:39:33.055000+00:00,26856,11,353,1,-12.065,-3.566,-1.046,12.624,12.624,-4.754,196.465,0.011,0.013,0.014,32,
1986-01-25 00:39:34.975000+00:00,26856,11,385,1,-12.065,-3.574,-1.044,12.626,12.626,-4.742,196.499,0.016,0.014,0.012,32,
1986-01-25 00:39:36.895000+00:00,26856,11,417,1,-12.06,-3.57,-1.052,12.621,12.621,-4.782,196.488,0.006,0.014,0.013,32,
1986-01-25 00:39:38.815000+00:00,26856,11,449,1,-12.055,-3.559,-1.047,12.613,12.613,-4.761,196.449,0.01,0.015,0.006,32,
1986-01-25 00:39:40.735000+00:00,26856,11,481,1,-12.051,-3.561,-1.045,12.61,12.61,-4.754,196.462,0.013,0.008,0.004,32,
1986-01-25 00:39:42.655000+00:00,26856,11,513,1,-12.05,-3.567,-1.047,12.61,12.61,-4.762,196.491,0.007,0.012,0.016,32,
1986-01-25 00:39:44.575000+00:00,26856,11,545,1,-12.041,-3.565,-1.044,12.601,12.601,-4.754,196.492,0.011,0.011,0.01,32,
1986-01-25 00:39:46.495000+00:00,26856,11,577,1,-12.042,-3.57,-1.054,12.604,12.604,-4.796,196.511,0.018,0.006,0.01,32,
1986-01-25 00:39:48.415000+00:00,26856,11,609,1,-12.038,-3.575,-1.046,12.601,12.601,-4.761,196.54,0.007,0.014,0.015,32,
1986-01-25 00:39:50.335000+00:00,26856,11,641,1,-12.044,-3.579,-1.056,12.608,12.608,-4.802,196.548,0.014,0.014,0.013,32,
1986-01-25 00:39:52.255000+00:00,26856,11,673,1,-12.038,-3.572,-1.06,12.602,12.602,-4.825,196.527,0.014,0.008,0.01,32,
1986-01-25 00:39:54.175000+00:00,26856,11,705,1,-12.033,-3.567,-1.043,12.594,12.594,-4.752,196.511,0.009,0.011,0.015,32,
1986-01-25 00:39:56.095000+00:00,26856,11,737,1,-12.027,-3.566,-1.041,12.587,12.587,-4.745,196.513,0.014,0.015,0.013,32,
1986-01-25 00:39:58.015000+00:00,26856,11,769,1,-12.023,-3.566,-1.03,12.583,12.583,-4.696,196.52,0.016,0.008,0.01,32,
1986-01-25 00:39:59.935000+00:00,26856,12,1,1,-12.026,-3.556,-1.031,12.583,12.583,-4.701,196.473,0.009,0.011,0.011,32,
1986-01-25 00:40:01.855000+00:00,26856,12,33,1,-12.023,-3.566,-1.019,12.582,12.583,-4.647,196.52,0.011,0.011,0.012,32,
1986-01-25 00:40:03.775000+00:00,26856,12,65,1,-12.026,-3.566,-1.032,12.586,12.586,-4.705,196.514,0.011,0.007,0.012,32,
1986-01-25 00:40:05.695000+00:00,26856,12,97,1,-12.025,-3.565,-1.033,12.585,12.585,-4.708,196.515,0.012,0.012,0.01,32,
1986-01-25 00:40:07.615000+00:00,26856,12,129,1,-12.028,-3.57,-1.03,12.589,12.589,-4.692,196.532,0.015,0.012,0.011,32,
1986-01-25 00:40:09.535000+00:00,26856,12,161,1,-12.022,-3.565,-1.039,12.583,12.583,-4.739,196.516,0.01,0.008,0.014,32,
1986-01-25 00:40:11.455000+00:00,26856,12,193,1,-12.032,-3.558,-1.028,12.589,12.589,-4.685,196.476,0.014,0.011,0.015,32,
1986-01-25 00:40:13.375000+00:00,26856,12,225,1,-12.034,-3.56,-1.028,12.591,12.592,-4.684,196.482,0.012,0.013,0.009,32,
1986-01-25 00:40:15.295000+00:00,26856,12,257,1,-12.028,-3.56,-1.023,12.585,12.585,-4.664,196.489,0.012,0.005,0.015,32,
1986-01-25 00:40:17.215000+00:00,26856,12,289,1,-12.019,-3.562,-1.024,12.577,12.577,-4.669,196.506,0.013,0.014,0.009,32,
1986-01-25 00:40:19.135000+00:00,26856,12,321,1,-12.019,-3.556,-1.028,12.576,12.576,-4.688,196.482,0.012,0.014,0.012,32,
1986-01-25 00:40:21.055000+00:00,26856,12,353,1,-12.009,-3.556,-1.016,12.565,12.565,-4.64,196.496,0.009,0.009,0.016,32,
1986-01-25 00:40:22.975000+00:00,26856,12,385,1,-12.018,-3.558,-1.019,12.575,12.575,-4.647,196.492,0.015,0.014,0.009,32,
1986-01-25 00:40:24.895000+00:00,26856,12,417,1,-12.002,-3.576,-1.017,12.565,12.565,-4.644,196.59,0.013,0.01,0.011,32,
1986-01-25 00:40:26.815000+00:00,26856,12,449,1,-11.998,-3.552,-1.015,12.554,12.554,-4.636,196.492,0.012,0.015,0.015,32,
1986-01-25 00:40:28.735000+00:00,26856,12,481,1,-12.0,-3.563,-1.016,12.559,12.559,-4.639,196.537,0.017,0.015,0.009,32,
1986-01-25 00:40:30.655000+00:00,26856,12,513,1,-11.987,-3.56,-1.013,12.546,12.546,-4.633,196.542,0.011,0.012,0.012,32,
1986-01-25 00:40:32.575000+00:00,26856,12,545,1,-11.987,-3.555,-0.996,12.542,12.542,-4.556,196.52,0.011,0.011,0.011,32,
1986-01-25 00:40:34.495000+00:00,26856,12,577,1,-11.984,-3.553,-1.006,12.54,12.54,-4.603,196.513,0.012,0.013,0.009,32,
1986-01-25 00:40:36.415000+00:00,26856,12,609,1,-11.979,-3.558,-1.014,12.537,12.537,-4.639,196.542,0.011,0.013,0.015,32,
1986-01-25 00:40:38.335000+00:00,26856,12,641,1,-11.976,-3.558,-1.004,12.533,12.533,-4.594,196.549,0.009,0.012,0.014,32,
1986-01-25 00:40:40.255000+00:00,26856,12,673,1,-11.974,-3.563,-1.004,12.533,12.533,-4.596,196.57,0.008,0.014,0.012,32,
1986-01-25 00:40:42.175000+00:00,26856,12,705,1,-11.969,-3.567,-0.994,12.529,12.529,-4.551,196.593,0.013,0.013,0.015,32,
1986-01-25 00:40:44.095000+00:00,26856,12,737,1,-11.98,-3.564,-0.994,12.539,12.539,-4.546,196.566,0.01,0.012,0.013,32,
1986-01-25 00:40:46.015000+00:00,26856,12,769,1,-11.98,-3.547,-0.984,12.533,12.533,-4.503,196.493,0.01,0.016,0.01,32,
1986-01-25 00:40:47.935000+00:00,26856,13,1,1,-11.973,-3.547,-0.988,12.526,12.526,-4.523,196.501,0.018,0.016,0.009,32,
1986-01-25 00:40:49.855000+00:00,26856,13,33,1,-11.964,-3.555,-1.001,12.521,12.521,-4.587,196.548,0.013,0.015,0.015,32,
1986-01-25 00:40:51.775000+00:00,26856,13,65,1,-11.974,-3.556,-0.984,12.529,12.529,-4.503,196.539,0.013,0.017,0.014,32,
1986-01-25 00:40:53.695000+00:00,26856,13,97,1,-11.974,-3.554,-0.986,12.529,12.529,-4.512,196.533,0.012,0.013,0.011,32,
1986-01-25 00:40:55.615000+00:00,26856,13,129,1,-11.986,-3.551,-0.981,12.539,12.539,-4.489,196.502,0.016,0.014,0.016,32,
1986-01-25 00:40:57.535000+00:00,26856,13,161,1,-11.974,-3.557,-0.988,12.53,12.53,-4.522,196.544,0.015,0.019,0.014,32,
1986-01-25 00:40:59.455000+00:00,26856,13,193,1,-11.968,-3.551,-0.998,12.524,12.524,-4.568,196.527,0.016,0.01,0.008,32,
1986-01-25 00:41:01.375000+00:00,26856,13,225,1,-11.974,-3.559,-0.993,12.531,12.531,-4.543,196.552,0.015,0.012,0.015,32,
1986-01-25 00:41:03.295000+00:00,26856,13,257,1,-11.966,-3.549,-0.981,12.52,12.52,-4.494,196.518,0.013,0.016,0.013,32,
1986-01-25 00:41:05.215000+00:00,26856,13,289,1,-11.963,-3.543,-0.982,12.516,12.516,-4.502,196.499,0.016,0.013,0.014,32,
1986-01-25 00:41:07.135000+00:00,26856,13,321,1,-11.952,-3.556,-0.979,12.508,12.508,-4.488,196.568,0.013,0.012,0.016,32,
1986-01-25 00:41:09.055000+00:00,26856,13,353,1,-11.951,-3.548,-0.976,12.504,12.504,-4.476,196.536,0.013,0.015,0.012,32,
1986-01-25 00:41:10.975000+00:00,26856,13,385,1,-11.952,-3.537,-0.971,12.503,12.503,-4.456,196.485,0.016,0.016,0.013,32,
1986-01-25 00:41:12.895000+00:00,26856,13,417,1,-11.952,-3.539,-0.968,12.502,12.502,-4.439,196.494,0.016,0.014,0.015,32,
1986-01-25 00:41:14.815000+00:00,26856,13,449,1,-11.939,-3.551,-0.99,12.495,12.495,-4.546,196.566,0.016,0.018,0.012,32,
1986-01-25 00:41:16.735000+00:00,26856,13,481,1,-11.94,-3.548,-0.992,12.496,12.496,-4.554,196.551,0.015,0.014,0.011,32,
1986-01-25 00:41:18.655000+00:00,26856,13,513,1,-11.945,-3.536,-0.975,12.495,12.495,-4.474,196.492,0.015,0.013,0.015,32,
1986-01-25 00:41:20.575000+00:00,26856,13,545,1,-11.949,-3.536,-0.973,12.499,12.499,-4.465,196.487,0.013,0.015,0.016,32,
1986-01-25 00:41:22.495000+00:00,26856,13,577,1,-11.941,-3.535,-0.974,12.492,12.492,-4.473,196.492,0.017,0.014,0.011,32,
1986-01-25 00:41:24.415000+00:00,26856,13,609,1,-11.941,-3.546,-0.984,12.495,12.495,-4.517,196.539,0.016,0.012,0.014,32,
1986-01-25 00:41:26.335000+00:00,26856,13,641,1,-11.946,-3.542,-0.98,12.498,12.498,-4.496,196.515,0.012,0.018,0.014,32,
1986-01-25 00:41:28.255000+00:00,26856,13,673,1,-11.94,-3.539,-0.989,12.493,12.493,-4.539,196.508,0.015,0.014,0.009,32,
1986-01-25 00:41:30.175000+00:00,26856,13,705,1,-11.938,-3.545,-0.984,12.492,12.492,-4.518,196.538,0.015,0.01,0.016,32,
1986-01-25 00:41:32.095000+00:00,26856,13,737,1,-11.943,-3.538,-0.972,12.494,12.494,-4.461,196.502,0.01,0.019,0.012,32,
1986-01-25 00:41:34.015000+00:00,26856,13,769,1,-11.932,-3.541,-0.968,12.484,12.484,-4.449,196.531,0.018,0.013,0.009,32,
1986-01-25 00:41:35.934000+00:00,26856,14,1,1,-11.934,-3.534,-0.962,12.484,12.484,-4.419,196.497,0.011,0.012,0.011,32,
1986-01-25 00:41:37.854000+00:00,26856,14,33,1,-11.937,-3.532,-0.972,12.486,12.486,-4.466,196.481,0.015,0.009,0.017,32,
1986-01-25 00:41:39.774000+00:00,26856,14,65,1,-11.933,-3.544,-0.963,12.486,12.486,-4.425,196.543,0.011,0.013,0.013,32,
1986-01-25 00:41:41.694000+00:00,26856,14,97,1,-11.935,-3.537,-0.958,12.485,12.485,-4.399,196.509,0.013,0.014,0.01,32,
1986-01-25 00:41:43.614000+00:00,26856,14,129,1,-11.93,-3.539,-0.975,12.482,12.482,-4.48,196.522,0.016,0.009,0.017,32,
1986-01-25 00:41:45.534000+00:00,26856,14,161,1,-11.929,-3.537,-0.957,12.48,12.48,-4.4,196.515,0.009,0.019,0.011,32,
1986-01-25 00:41:47.454000+00:00,26856,14,193,1,-11.921,-3.536,-0.954,12.471,12.471,-4.387,196.523,0.014,0.01,0.012,32,
1986-01-25 00:41:49.374000+00:00,26856,14,225,1,-11.91,-3.528,-0.959,12.458,12.458,-4.414,196.5,0.011,0.014,0.016,32,
1986-01-25 00:41:51.294000+00:00,26856,14,257,1,-11.912,-3.53,-0.964,12.461,12.461,-4.435,196.506,0.011,0.014,0.011,32,
1986-01-25 00:41:53.214000+00:00,26856,14,289,1,-11.918,-3.537,-0.954,12.469,12.469,-4.388,196.531,0.012,0.008,0.019,32,
1986-01-25 00:41:55.134000+00:00,26856,14,321,1,-11.908,-3.536,-0.942,12.457,12.457,-4.336,196.54,0.014,0.012,0.013,32,
1986-01-25 00:41:57.054000+00:00,26856,14,353,1,-11.906,-3.543,-0.946,12.458,12.458,-4.357,196.571,0.011,0.01,0.007,32,
1986-01-25 00:41:58.974000+00:00,26856,14,385,1,-11.909,-3.538,-0.948,12.46,12.46,-4.365,196.545,0.012,0.011,0.015,32,
1986-01-25 00:42:00.894000+00:00,26856,14,417,1,-11.916,-3.533,-0.937,12.464,12.464,-4.311,196.516,0.014,0.013,0.021,32,
1986-01-25 00:42:02.814000+00:00,26856,14,449,1,-11.917,-3.537,-0.947,12.467,12.467,-4.356,196.53,0.009,0.015,0.008,32,
1986-01-25 00:42:04.734000+00:00,26856,14,481,1,-11.915,-3.538,-0.935,12.464,12.464,-4.304,196.538,0.013,0.009,0.018,32,
1986-01-25 00:42:06.654000+00:00,26856,14,513,1,-11.912,-3.539,-0.931,12.461,12.461,-4.287,196.547,0.015,0.011,0.014,32,
1986-01-25 00:42:08.574000+00:00,26856,14,545,1,-11.909,-3.535,-0.937,12.458,12.458,-4.316,196.531,0.009,0.017,0.008,32,
1986-01-25 00:42:10.494000+00:00,26856,14,577,1,-11.913,-3.527,-0.936,12.459,12.459,-4.308,196.492,0.011,0.014,0.018,32,
1986-01-25 00:42:12.414000+00:00,26856,14,609,1,-11.901,-3.533,-0.934,12.45,12.45,-4.305,196.533,0.012,0.012,0.014,32,
1986-01-25 00:42:14.334000+00:00,26856,14,641,1,-11.882,-3.529,-0.934,12.43,12.43,-4.308,196.543,0.011,0.015,0.011,32,
1986-01-25 00:42:16.254000+00:00,26856,14,673,1,-11.891,-3.53,-0.92,12.438,12.438,-4.243,196.534,0.011,0.007,0.018,32,
1986-01-25 00:42:18.174000+00:00,26856,14,705,1,-11.898,-3.521,-0.912,12.441,12.441,-4.203,196.488,0.015,0.012,0.015,32,
1986-01-25 00:42:20.094000+00:00,26856,14,737,1,-11.885,-3.52,-0.91,12.429,12.429,-4.197,196.496,0.012,0.013,0.007,32,
1986-01-25 00:42:22.014000+00:00,26856,14,769,1,-11.891,-3.524,-0.909,12.436,12.436,-4.192,196.508,0.017,0.006,0.015,32,
1986-01-25 00:42:23.934000+00:00,26856,15,1,1,-11.881,-3.523,-0.923,12.426,12.426,-4.259,196.516,0.017,0.008,0.014,32,
1986-01-25 00:42:25.854000+00:00,26856,15,33,1,-11.878,-3.517,-0.917,12.422,12.422,-4.235,196.494,0.007,0.011,0.02,32,
1986-01-25 00:42:27.774000+00:00,26856,15,65,1,-11.878,-3.52,-0.913,12.422,12.422,-4.216,196.507,0.012,0.017,0.007,32,
1986-01-25 00:42:29.694000+00:00,26856,15,97,1,-11.886,-3.526,-0.919,12.432,12.432,-4.239,196.521,0.016,0.009,0.012,32,
1986-01-25 00:42:31.614000+00:00,26856,15,129,1,-11.871,-3.522,-0.92,12.416,12.416,-4.249,196.524,0.008,0.009,0.016,32,
1986-01-25 00:42:33.534000+00:00,26856,15,161,1,-11.871,-3.514,-0.912,12.414,12.414,-4.214,196.489,0.014,0.012,0.009,32,
1986-01-25 00:42:35.454000+00:00,26856,15,193,1,-11.871,-3.519,-0.925,12.416,12.416,-4.271,196.512,0.017,0.008,0.014,32,
1986-01-25 00:42:37.374000+00:00,26856,15,225,1,-11.871,-3.524,-0.933,12.418,12.418,-4.31,196.533,0.009,0.012,0.015,32,
1986-01-25 00:42:39.294000+00:00,26856,15,257,1,-11.872,-3.529,-0.916,12.419,12.419,-4.232,196.557,0.013,0.015,0.009,32,
1986-01-25 00:42:41.214000+00:00,26856,15,289,1,-11.865,-3.525,-0.917,12.412,12.412,-4.239,196.544,0.018,0.011,0.014,32,
1986-01-25 00:42:43.134000+00:00,26856,15,321,1,-11.856,-3.513,-0.909,12.399,12.399,-4.206,196.502,0.008,0.014,0.017,32,
1986-01-25 00:42:45.054000+00:00,26856,15,353,1,-11.846,-3.524,-0.918,12.393,12.393,-4.246,196.568,0.016,0.018,0.011,32,
1986-01-25 00:42:46.974000+00:00,26856,15,385,1,-11.855,-3.523,-0.919,12.401,12.401,-4.25,196.552,0.021,0.007,0.006,32,
1986-01-25 00:42:48.894000+00:00,26856,15,417,1,-11.841,-3.522,-0.922,12.388,12.388,-4.269,196.563,0.012,0.012,0.014,32,
1986-01-25 00:42:50.814000+00:00,26856,15,449,1,-11.84,-3.515,-0.902,12.384,12.384,-4.175,196.535,0.006,0.019,0.01,32,
1986-01-25 00:42:52.734000+00:00,26856,15,481,1,-11.853,-3.509,-0.906,12.395,12.395,-4.19,196.491,0.012,0.01,0.015,32,
1986-01-25 00:42:54.654000+00:00,26856,15,513,1,-11.855,-3.518,-0.91,12.399,12.399,-4.207,196.526,0.009,0.012,0.017,32,
1986-01-25 00:42:56.574000+00:00,26856,15,545,1,-11.847,-3.523,-0.916,12.394,12.394,-4.239,196.563,0.007,0.013,0.008,32,
1986-01-25 00:42:58.494000+00:00,26856,15,577,1,-11.852,-3.515,-0.916,12.396,12.396,-4.239,196.519,0.015,0.01,0.013,32,
1986-01-25 00:43:00.414000+00:00,26856,15,609,1,-11.841,-3.515,-0.913,12.385,12.385,-4.226,196.533,0.011,0.011,0.014,32,
1986-01-25 00:43:02.334000+00:00,26856,15,641,1,-11.825,-3.514,-0.91,12.37,12.37,-4.219,196.551,0.01,0.012,0.011,32,
1986-01-25 00:43:04.254000+00:00,26856,15,673,1,-11.836,-3.513,-0.901,12.379,12.379,-4.174,196.534,0.018,0.008,0.008,32,
1986-01-25 00:43:06.174000+00:00,26856,15,705,1,-11.831,-3.521,-0.913,12.378,12.378,-4.232,196.571,0.013,0.012,0.012,32,
1986-01-25 00:43:08.094000+00:00,26856,15,737,1,-11.833,-3.522,-0.904,12.379,12.379,-4.189,196.573,0.009,0.015,0.007,32,
1986-01-25 00:43:10.014000+00:00,26856,15,769,1,-11.828,-3.511,-0.897,12.371,12.371,-4.16,196.533,0.017,0.009,0.01,32,
1986-01-25 00:43:11.934000+00:00,26856,16,1,1,-11.828,-3.512,-0.898,12.371,12.371,-4.162,196.536,0.012,0.008,0.011,32,
1986-01-25 00:43:13.854000+00:00,26856,16,33,1,-11.822,-3.517,-0.915,12.368,12.368,-4.24,196.565,0.007,0.014,0.011,32,
1986-01-25 00:43:15.774000+00:00,26856,16,65,1,-11.829,-3.515,-0.904,12.373,12.373,-4.189,196.55,0.009,0.01,0.009,32,
1986-01-25 00:43:17.694000+00:00,26856,16,97,1,-11.826,-3.509,-0.903,12.369,12.369,-4.188,196.528,0.016,0.01,0.011,32,
1986-01-25 00:43:19.614000+00:00,26856,16,129,1,-11.822,-3.516,-0.906,12.367,12.367,-4.201,196.565,0.01,0.01,0.009,32,
1986-01-25 00:43:21.534000+00:00,26856,16,161,1,-11.819,-3.508,-0.893,12.361,12.361,-4.144,196.533,0.009,0.014,0.01,32,
1986-01-25 00:43:23.454000+00:00,26856,16,193,1,-11.819,-3.512,-0.895,12.362,12.362,-4.152,196.55,0.014,0.009,0.012,32,
1986-01-25 00:43:25.374000+00:00,26856,16,225,1,-11.819,-3.515,-0.897,12.363,12.363,-4.158,196.563,0.011,0.008,0.013,32,
1986-01-25 00:43:27.294000+00:00,26856,16,257,1,-11.807,-3.508,-0.892,12.349,12.349,-4.143,196.547,0.007,0.012,0.009,32,
1986-01-25 00:43:29.214000+00:00,26856,16,289,1,-11.803,-3.514,-0.886,12.347,12.347,-4.115,196.581,0.012,0.01,0.014,32,
1986-01-25 00:43:31.134000+00:00,26856,16,321,1,-11.801,-3.513,-0.894,12.346,12.346,-4.154,196.579,0.008,0.012,0.011,32,
1986-01-25 00:43:33.054000+00:00,26856,16,353,1,-11.817,-3.511,-0.88,12.359,12.359,-4.085,196.545,0.004,0.006,0.01,32,
1986-01-25 00:43:34.974000+00:00,26856,16,385,1,-11.82,-3.509,-0.881,12.361,12.361,-4.086,196.536,0.011,0.011,0.014,32,
1986-01-25 00:43:36.894000+00:00,26856,16,417,1,-11.801,-3.498,-0.886,12.341,12.341,-4.115,196.51,0.011,0.011,0.01,32,
1986-01-25 00:43:38.814000+00:00,26856,16,449,1,-11.806,-3.502,-0.883,12.346,12.346,-4.102,196.523,0.007,0.01,0.009,32,
1986-01-25 00:43:40.734000+00:00,26856,16,481,1,-11.801,-3.503,-0.884,12.341,12.341,-4.108,196.532,0.012,0.007,0.014,32,
1986-01-25 00:43:42.654000+00:00,26856,16,513,1,-11.793,-3.506,-0.893,12.336,12.336,-4.153,196.556,0.01,0.011,0.008,32,
1986-01-25 00:43:44.574000+00:00,26856,16,545,1,-11.795,-3.503,-0.882,12.336,12.336,-4.101,196.542,0.012,0.009,0.008,32,
1986-01-25 00:43:46.494000+00:00,26856,16,577,1,-11.799,-3.508,-0.891,12.342,12.342,-4.142,196.556,0.011,0.01,0.014,32,
1986-01-25 00:43:48.414000+00:00,26856,16,609,1,-11.797,-3.51,-0.89,12.34,12.34,-4.138,196.568,0.013,0.011,0.013,32,
1986-01-25 00:43:50.334000+00:00,26856,16,641,1,-11.787,-3.504,-0.88,12.328,12.328,-4.091,196.557,0.009,0.01,0.009,32,
1986-01-25 00:43:52.254000+00:00,26856,16,673,1,-11.788,-3.503,-0.883,12.329,12.329,-4.107,196.55,0.018,0.01,0.012,32,
1986-01-25 00:43:54.174000+00:00,26856,16,705,1,-11.785,-3.501,-0.884,12.325,12.325,-4.112,196.544,0.009,0.009,0.012,32,
1986-01-25 00:43:56.094000+00:00,26856,16,737,1,-11.78,-3.504,-0.888,12.323,12.323,-4.13,196.567,0.01,0.015,0.009,32,
1986-01-25 00:43:58.014000+00:00,26856,16,769,1,-11.784,-3.496,-0.873,12.323,12.323,-4.064,196.525,0.012,0.01,0.013,32,
1986-01-25 00:43:59.934000+00:00,26856,17,1,1,-11.784,-3.505,-0.873,12.325,12.325,-4.06,196.563,0.01,0.01,0.012,32,
1986-01-25 00:44:01.854000+00:00,26856,17,33,1,-11.782,-3.499,-0.88,12.322,12.322,-4.097,196.538,0.01,0.008,0.016,32,
1986-01-25 00:44:03.774000+00:00,26856,17,65,1,-11.792,-3.502,-0.877,12.333,12.333,-4.076,196.541,0.013,0.013,0.007,32,
1986-01-25 00:44:05.694000+00:00,26856,17,97,1,-11.79,-3.498,-0.872,12.329,12.329,-4.055,196.525,0.013,0.009,0.013,32,
1986-01-25 00:44:07.614000+00:00,26856,17,129,1,-11.784,-3.496,-0.871,12.323,12.323,-4.052,196.525,0.009,0.01,0.013,32,
1986-01-25 00:44:09.534000+00:00,26856,17,161,1,-11.788,-3.499,-0.873,12.328,12.328,-4.063,196.532,0.012,0.011,0.01,32,
1986-01-25 00:44:11.454000+00:00,26856,17,193,1,-11.778,-3.508,-0.863,12.32,12.32,-4.018,196.586,0.012,0.011,0.015,32,
1986-01-25 00:44:13.374000+00:00,26856,17,225,1,-11.781,-3.502,-0.86,12.321,12.321,-4.003,196.553,0.01,0.013,0.018,32,
1986-01-25 00:44:15.294000+00:00,26856,17,257,1,-11.775,-3.496,-0.852,12.313,12.313,-3.967,196.537,0.013,0.014,0.01,32,
1986-01-25 00:44:17.214000+00:00,26856,17,289,1,-11.775,-3.501,-0.862,12.314,12.314,-4.013,196.557,0.011,0.01,0.012,32,
1986-01-25 00:44:19.134000+00:00,26856,17,321,1,-11.764,-3.501,-0.871,12.305,12.305,-4.058,196.574,0.011,0.013,0.017,32,
1986-01-25 00:44:21.054000+00:00,26856,17,353,1,-11.772,-3.508,-0.865,12.315,12.315,-4.03,196.595,0.012,0.019,0.008,32,
1986-01-25 00:44:22.974000+00:00,26856,17,385,1,-11.778,-3.498,-0.86,12.317,12.317,-4.004,196.541,0.012,0.01,0.014,32,
1986-01-25 00:44:24.894000+00:00,26856,17,417,1,-11.774,-3.499,-0.855,12.313,12.313,-3.982,196.55,0.01,0.011,0.015,32,
1986-01-25 00:44:26.814000+00:00,26856,17,449,1,-11.77,-3.489,-0.829,12.304,12.304,-3.866,196.511,0.012,0.014,0.009,32,
1986-01-25 00:44:28.734000+00:00,26856,17,481,1,-11.751,-3.485,-0.84,12.286,12.286,-3.919,196.519,0.012,0.01,0.012,32,
1986-01-25 00:44:30.654000+00:00,26856,17,513,1,-11.753,-3.501,-0.856,12.293,12.293,-3.995,196.588,0.009,0.009,0.014,32,
1986-01-25 00:44:32.574000+00:00,26856,17,545,1,-11.751,-3.496,-0.842,12.288,12.288,-3.927,196.567,0.014,0.016,0.009,32,
1986-01-25 00:44:34.494000+00:00,26856,17,577,1,-11.753,-3.49,-0.845,12.289,12.289,-3.944,196.539,0.013,0.01,0.01,32,
1986-01-25 00:44:36.414000+00:00,26856,17,609,1,-11.762,-3.49,-0.837,12.297,12.297,-3.902,196.529,0.009,0.016,0.012,32,
1986-01-25 00:44:38.334000+00:00,26856,17,641,1,-11.738,-3.501,-0.854,12.279,12.279,-3.99,196.608,0.013,0.019,0.003,32,
1986-01-25 00:44:40.254000+00:00,26856,17,673,1,-11.735,-3.491,-0.841,12.272,12.272,-3.928,196.567,0.012,0.009,0.013,32,
1986-01-25 00:44:42.174000+00:00,26856,17,705,1,-11.729,-3.491,-0.845,12.267,12.267,-3.95,196.574,0.011,0.014,0.019,32,
1986-01-25 00:44:44.094000+00:00,26856,17,737,1,-11.727,-3.495,-0.836,12.265,12.265,-3.91,196.594,0.012,0.016,0.007,32,
1986-01-25 00:44:46.014000+00:00,26856,17,769,1,-11.726,-3.492,-0.84,12.264,12.264,-3.927,196.585,0.017,0.009,0.014,32,
1986-01-25 00:44:47.934000+00:00,26856,18,1,1,-11.735,-3.489,-0.849,12.272,12.272,-3.965,196.559,0.016,0.009,0.007,32,
1986-01-25 00:44:49.854000+00:00,26856,18,33,1,-11.73,-3.487,-0.844,12.266,12.266,-3.947,196.554,0.011,0.015,0.013,32,
1986-01-25 00:44:51.774000+00:00,26856,18,65,1,-11.73,-3.48,-0.839,12.264,12.264,-3.924,196.525,0.012,0.017,0.008,32,
1986-01-25 00:44:53.694000+00:00,26856,18,97,1,-11.728,-3.487,-0.83,12.264,12.264,-3.883,196.556,0.013,0.007,0.01,32,
1986-01-25 00:44:55.614000+00:00,26856,18,129,1,-11.716,-3.489,-0.834,12.253,12.253,-3.904,196.582,0.009,0.013,0.015,32,
1986-01-25 00:44:57.534000+00:00,26856,18,161,1,-11.72,-3.486,-0.832,12.256,12.256,-3.893,196.567,0.015,0.016,0.008,32,
1986-01-25 00:44:59.454000+00:00,26856,18,193,1,-11.717,-3.486,-0.842,12.254,12.254,-3.941,196.568,0.017,0.01,0.006,32,
1986-01-25 00:45:01.374000+00:00,26856,18,225,1,-11.719,-3.485,-0.842,12.255,12.255,-3.941,196.561,0.01,0.012,0.018,32,
1986-01-25 00:45:03.294000+00:00,26856,18,257,1,-11.72,-3.488,-0.831,12.257,12.257,-3.89,196.571,0.009,0.018,0.008,32,
1986-01-25 00:45:05.214000+00:00,26856,18,289,1,-11.719,-3.487,-0.83,12.255,12.255,-3.882,196.573,0.013,0.011,0.006,32,
1986-01-25 00:45:07.134000+00:00,26856,18,321,1,-11.714,-3.482,-0.834,12.249,12.249,-3.906,196.554,0.008,0.011,0.013,32,
1986-01-25 00:45:09.054000+00:00,26856,18,353,1,-11.712,-3.48,-0.831,12.246,12.246,-3.892,196.549,0.012,0.014,0.008,32,
1986-01-25 00:45:10.974000+00:00,26856,18,385,1,-11.716,-3.472,-0.816,12.247,12.247,-3.819,196.505,0.013,0.011,0.007,32,
1986-01-25 00:45:12.894000+00:00,26856,18,417,1,-11.708,-3.461,-0.829,12.237,12.237,-3.883,196.467,0.008,0.01,0.015,32,
1986-01-25 00:45:14.814000+00:00,26856,18,449,1,-11.71,-3.463,-0.816,12.239,12.239,-3.824,196.474,0.011,0.017,0.005,32,
1986-01-25 00:45:16.734000+00:00,26856,18,481,1,-11.704,-3.467,-0.819,12.234,12.234,-3.839,196.503,0.02,0.011,0.007,32,
1986-01-25 00:45:18.654000+00:00,26856,18,513,1,-11.705,-3.473,-0.812,12.237,12.237,-3.803,196.528,0.007,0.006,0.013,32,
1986-01-25 00:45:20.574000+00:00,26856,18,545,1,-11.707,-3.478,-0.817,12.24,12.24,-3.827,196.547,0.012,0.019,0.009,32,
1986-01-25 00:45:22.494000+00:00,26856,18,577,1,-11.705,-3.476,-0.816,12.237,12.237,-3.823,196.538,0.017,0.01,0.008,32,
1986-01-25 00:45:24.414000+00:00,26856,18,609,1,-11.706,-3.47,-0.808,12.236,12.237,-3.784,196.512,0.01,0.007,0.014,32,
1986-01-25 00:45:26.334000+00:00,26856,18,641,1,-11.702,-3.474,-0.802,12.234,12.234,-3.759,196.535,0.013,0.013,0.01,32,
1986-01-25 00:45:28.254000+00:00,26856,18,673,1,-11.704,-3.472,-0.803,12.235,12.235,-3.762,196.524,0.021,0.009,0.006,32,
1986-01-25 00:45:30.174000+00:00,26856,18,705,1,-11.706,-3.465,-0.801,12.234,12.234,-3.756,196.489,0.01,0.007,0.014,32,
1986-01-25 00:45:32.094000+00:00,26856,18,737,1,-11.712,-3.463,-0.801,12.239,12.239,-3.751,196.473,0.01,0.013,0.008,32,
1986-01-25 00:45:34.014000+00:00,26856,18,769,1,-11.704,-3.467,-0.804,12.233,12.233,-3.767,196.499,0.014,0.008,0.011,32,
1986-01-25 00:45:35.934000+00:00,26856,19,1,1,-11.704,-3.459,-0.796,12.23,12.23,-3.729,196.465,0.014,0.006,0.01,32,
1986-01-25 00:45:37.854000+00:00,26856,19,33,1,-11.698,-3.462,-0.799,12.225,12.225,-3.749,196.486,0.009,0.013,0.01,32,
1986-01-25 00:45:39.774000+00:00,26856,19,65,1,-11.691,-3.458,-0.801,12.218,12.218,-3.761,196.478,0.007,0.013,0.01,32,
1986-01-25 00:45:41.694000+00:00,26856,19,97,1,-11.686,-3.463,-0.797,12.214,12.214,-3.741,196.505,0.013,0.006,0.014,32,
1986-01-25 00:45:43.614000+00:00,26856,19,129,1,-11.682,-3.454,-0.785,12.207,12.207,-3.685,196.47,0.01,0.017,0.012,32,
1986-01-25 00:45:45.534000+00:00,26856,19,161,1,-11.693,-3.463,-0.803,12.222,12.222,-3.768,196.499,0.012,0.013,0.006,32,
1986-01-25 00:45:47.454000+00:00,26856,19,193,1,-11.68,-3.465,-0.796,12.209,12.209,-3.739,196.524,0.014,0.007,0.011,32,
1986-01-25 00:45:49.374000+00:00,26856,19,225,1,-11.675,-3.465,-0.793,12.204,12.204,-3.725,196.528,0.011,0.012,0.013,32,
1986-01-25 00:45:51.294000+00:00,26856,19,257,1,-11.684,-3.456,-0.782,12.209,12.209,-3.672,196.477,0.011,0.014,0.005,32,
1986-01-25 00:45:53.214000+00:00,26856,19,289,1,-11.674,-3.465,-0.794,12.204,12.204,-3.728,196.533,0.015,0.008,0.008,32,
1986-01-25 00:45:55.134000+00:00,26856,19,321,1,-11.664,-3.454,-0.781,12.189,12.19,-3.672,196.497,0.009,0.009,0.014,32,
1986-01-25 00:45:57.054000+00:00,26856,19,353,1,-11.656,-3.454,-0.781,12.182,12.182,-3.676,196.508,0.015,0.012,0.005,32,
1986-01-25 00:45:58.974000+00:00,26856,19,385,1,-11.648,-3.453,-0.78,12.175,12.175,-3.674,196.513,0.014,0.006,0.012,32,
1986-01-25 00:46:00.894000+00:00,26856,19,417,1,-11.657,-3.445,-0.772,12.18,12.18,-3.632,196.463,0.007,0.012,0.014,32,
1986-01-25 00:46:02.814000+00:00,26856,19,449,1,-11.646,-3.44,-0.775,12.168,12.168,-3.651,196.458,0.018,0.014,0.006,32,
1986-01-25 00:46:04.734000+00:00,26856,19,481,1,-11.655,-3.446,-0.777,12.178,12.178,-3.657,196.469,0.014,0.006,0.013,32,
1986-01-25 00:46:06.654000+00:00,26856,19,513,1,-11.655,-3.446,-0.775,12.178,12.178,-3.647,196.472,0.01,0.006,0.018,32,
1986-01-25 00:46:08.574000+00:00,26856,19,545,1,-11.671,-3.443,-0.777,12.194,12.194,-3.653,196.438,0.013,0.012,0.005,32,
1986-01-25 00:46:10.494000+00:00,26856,19,577,1,-11.657,-3.446,-0.772,12.18,12.18,-3.632,196.469,0.015,0.009,0.011,32,
1986-01-25 00:46:12.414000+00:00,26856,19,609,1,-11.652,-3.449,-0.773,12.176,12.176,-3.64,196.49,0.008,0.013,0.01,32,
1986-01-25 00:46:14.334000+00:00,26856,19,641,1,-11.645,-3.451,-0.777,12.17,12.17,-3.66,196.506,0.014,0.009,0.009,32,
1986-01-25 00:46:16.254000+00:00,26856,19,673,1,-11.645,-3.457,-0.786,12.173,12.173,-3.702,196.537,0.015,0.007,0.01,32,
1986-01-25 00:46:18.174000+00:00,26856,19,705,1,-11.645,-3.455,-0.781,12.172,12.172,-3.678,196.525,0.007,0.016,0.011,32,
1986-01-25 00:46:20.094000+00:00,26856,19,737,1,-11.638,-3.445,-0.769,12.162,12.162,-3.626,196.489,0.016,0.014,0.008,32,
1986-01-25 00:46:22.014000+00:00,26856,19,769,1,-11.65,-3.451,-0.774,12.175,12.175,-3.644,196.499,0.013,0.007,0.011,32,
1986-01-25 00:46:23.934000+00:00,26856,20,1,1,-11.642,-3.446,-0.766,12.165,12.165,-3.608,196.49,0.012,0.006,0.01,32,
1986-01-25 00:46:25.854000+00:00,26856,20,33,1,-11.634,-3.449,-0.767,12.159,12.159,-3.615,196.51,0.004,0.007,0.012,32,
1986-01-25 00:46:27.774000+00:00,26856,20,65,1,-11.628,-3.454,-0.778,12.155,12.155,-3.668,196.542,0.016,0.013,0.005,32,
1986-01-25 00:46:29.694000+00:00,26856,20,97,1,-11.633,-3.448,-0.767,12.158,12.158,-3.618,196.509,0.012,0.005,0.009,32,
1986-01-25 00:46:31.614000+00:00,26856,20,129,1,-11.63,-3.45,-0.771,12.156,12.156,-3.637,196.52,0.006,0.008,0.009,32,
1986-01-25 00:46:33.534000+00:00,26856,20,161,1,-11.626,-3.447,-0.774,12.151,12.151,-3.65,196.513,0.014,0.011,0.007,32,
1986-01-25 00:46:35.454000+00:00,26856,20,193,1,-11.621,-3.44,-0.766,12.144,12.144,-3.617,196.488,0.013,0.005,0.012,32,
1986-01-25 00:46:37.374000+00:00,26856,20,225,1,-11.625,-3.442,-0.764,12.148,12.148,-3.607,196.492,0.006,0.012,0.017,32,
1986-01-25 00:46:39.294000+00:00,26856,20,257,1,-11.617,-3.445,-0.769,12.141,12.141,-3.63,196.516,0.014,0.012,0.007,32,
1986-01-25 00:46:41.214000+00:00,26856,20,289,1,-11.618,-3.44,-0.761,12.14,12.14,-3.593,196.493,0.012,0.006,0.015,32,
1986-01-25 00:46:43.134000+00:00,26856,20,321,1,-11.624,-3.44,-0.759,12.146,12.146,-3.582,196.485,0.006,0.011,0.009,32,
1986-01-25 00:46:45.054000+00:00,26856,20,353,1,-11.621,-3.437,-0.756,12.142,12.142,-3.569,196.479,0.01,0.011,0.006,32,
1986-01-25 00:46:46.974000+00:00,26856,20,385,1,-11.612,-3.439,-0.759,12.134,12.134,-3.587,196.499,0.013,0.007,0.013,32,
1986-01-25 00:46:48.894000+00:00,26856,20,417,1,-11.618,-3.44,-0.759,12.14,12.14,-3.583,196.496,0.005,0.009,0.009,32,
1986-01-25 00:46:50.814000+00:00,26856,20,449,1,-11.611,-3.443,-0.76,12.134,12.134,-3.589,196.518,0.012,0.009,0.009,32,
1986-01-25 00:46:52.734000+00:00,26856,20,481,1,-11.604,-3.444,-0.758,12.128,12.128,-3.585,196.529,0.012,0.008,0.012,32,
1986-01-25 00:46:54.654000+00:00,26856,20,513,1,-11.608,-3.435,-0.752,12.129,12.129,-3.555,196.483,0.004,0.007,0.011,32,
1986-01-25 00:46:56.574000+00:00,26856,20,545,1,-11.607,-3.441,-0.761,12.131,12.131,-3.597,196.514,0.015,0.013,0.008,32,
1986-01-25 00:46:58.494000+00:00,26856,20,577,1,-11.606,-3.444,-0.76,12.13,12.13,-3.593,196.529,0.012,0.007,0.009,32,
1986-01-25 00:47:00.414000+00:00,26856,20,609,1,-11.591,-3.443,-0.763,12.116,12.116,-3.611,196.545,0.008,0.009,0.015,32,
1986-01-25 00:47:02.334000+00:00,26856,20,641,1,-11.599,-3.437,-0.757,12.121,12.121,-3.579,196.507,0.011,0.008,0.008,32,
1986-01-25 00:47:04.254000+00:00,26856,20,673,1,-11.598,-3.444,-0.76,12.123,12.123,-3.593,196.537,0.008,0.008,0.01,32,
1986-01-25 00:47:06.174000+00:00,26856,20,705,1,-11.597,-3.446,-0.762,12.122,12.122,-3.604,196.548,0.005,0.011,0.012,32,
1986-01-25 00:47:08.094000+00:00,26856,20,737,1,-11.601,-3.437,-0.75,12.123,12.123,-3.546,196.503,0.012,0.011,0.007,32,
1986-01-25 00:47:10.014000+00:00,26856,20,769,1,-11.593,-3.435,-0.749,12.115,12.115,-3.544,196.504,0.013,0.006,0.011,32,
1986-01-25 00:47:11.934000+00:00,26856,21,1,1,-11.591,-3.442,-0.75,12.115,12.115,-3.55,196.539,0.013,0.01,0.01,32,
1986-01-25 00:47:13.854000+00:00,26856,21,33,1,-11.587,-3.434,-0.741,12.108,12.108,-3.51,196.507,0.009,0.011,0.017,32,
1986-01-25 00:47:15.774000+00:00,26856,21,65,1,-11.589,-3.432,-0.74,12.109,12.109,-3.504,196.496,0.011,0.017,0.008,32,
1986-01-25 00:47:17.694000+00:00,26856,21,97,1,-11.592,-3.435,-0.739,12.112,12.112,-3.5,196.507,0.01,0.009,0.01,32,
1986-01-25 00:47:19.614000+00:00,26856,21,129,1,-11.589,-3.424,-0.734,12.107,12.107,-3.474,196.459,0.008,0.012,0.015,32,
1986-01-25 00:47:21.534000+00:00,26856,21,161,1,-11.589,-3.438,-0.742,12.112,12.112,-3.511,196.525,0.009,0.016,0.01,32,
1986-01-25 00:47:23.454000+00:00,26856,21,193,1,-11.586,-3.429,-0.731,12.105,12.105,-3.462,196.484,0.015,0.008,0.007,32,
1986-01-25 00:47:25.374000+00:00,26856,21,225,1,-11.588,-3.422,-0.727,12.105,12.105,-3.443,196.45,0.008,0.01,0.017,32,
1986-01-25 00:47:27.294000+00:00,26856,21,257,1,-11.585,-3.421,-0.725,12.101,12.101,-3.436,196.454,0.012,0.016,0.01,32,
1986-01-25 00:47:29.214000+00:00,26856,21,289,1,-11.575,-3.42,-0.726,12.091,12.091,-3.44,196.46,0.018,0.008,0.01,32,
1986-01-25 00:47:31.134000+00:00,26856,21,321,1,-11.563,-3.422,-0.73,12.08,12.081,-3.464,196.487,0.008,0.01,0.013,32,
1986-01-25 00:47:33.054000+00:00,26856,21,353,1,-11.569,-3.42,-0.725,12.086,12.086,-3.441,196.466,0.01,0.012,0.009,32,
1986-01-25 00:47:34.974000+00:00,26856,21,385,1,-11.569,-3.425,-0.73,12.087,12.087,-3.461,196.491,0.015,0.009,0.01,32,
1986-01-25 00:47:36.894000+00:00,26856,21,417,1,-11.578,-3.42,-0.723,12.094,12.094,-3.428,196.455,0.008,0.01,0.015,32,
1986-01-25 00:47:38.814000+00:00,26856,21,449,1,-11.573,-3.419,-0.72,12.089,12.089,-3.415,196.457,0.01,0.014,0.009,32,
1986-01-25 00:47:40.734000+00:00,26856,21,481,1,-11.565,-3.413,-0.716,12.08,12.08,-3.399,196.444,0.014,0.008,0.013,32,
1986-01-25 00:47:42.654000+00:00,26856,21,513,1,-11.562,-3.419,-0.721,12.079,12.079,-3.422,196.472,0.008,0.013,0.016,32,
1986-01-25 00:47:44.574000+00:00,26856,21,545,1,-11.556,-3.42,-0.722,12.073,12.073,-3.43,196.488,0.011,0.014,0.009,32,
1986-01-25 00:47:46.494000+00:00,26856,21,577,1,-11.565,-3.418,-0.712,12.08,12.08,-3.377,196.466,0.014,0.011,0.011,32,
1986-01-25 00:47:48.414000+00:00,26856,21,609,1,-11.559,-3.424,-0.718,12.076,12.076,-3.407,196.499,0.009,0.012,0.012,32,
1986-01-25 00:47:50.334000+00:00,26856,21,641,1,-11.566,-3.411,-0.707,12.079,12.079,-3.356,196.432,0.015,0.014,0.008,32,
1986-01-25 00:47:52.254000+00:00,26856,21,673,1,-11.553,-3.41,-0.706,12.066,12.066,-3.354,196.443,0.017,0.008,0.013,32,
1986-01-25 00:47:54.174000+00:00,26856,21,705,1,-11.553,-3.408,-0.707,12.066,12.066,-3.357,196.436,0.007,0.01,0.013,32,
1986-01-25 00:47:56.094000+00:00,26856,21,737,1,-11.562,-3.407,-0.705,12.074,12.074,-3.348,196.421,0.011,0.015,0.008,32,
1986-01-25 00:47:58.014000+00:00,26856,21,769,1,-11.549,-3.406,-0.7,12.061,12.061,-3.327,196.43,0.015,0.009,0.016,32,
1986-01-25 00:47:59.934000+00:00,26856,22,1,1,-11.537,-3.404,-0.707,12.049,12.049,-3.365,196.44,0.015,0.008,0.008,32,
1986-01-25 00:48:01.854000+00:00,26856,22,33,1,-11.527,-3.394,-0.7,12.037,12.037,-3.334,196.405,0.008,0.011,0.018,32,
1986-01-25 00:48:03.774000+00:00,26856,22,65,1,-11.538,-3.402,-0.707,12.05,12.05,-3.364,196.428,0.015,0.018,0.007,32,
1986-01-25 00:48:05.694000+00:00,26856,22,97,1,-11.533,-3.402,-0.701,12.045,12.045,-3.339,196.436,0.011,0.008,0.01,32,
1986-01-25 00:48:07.614000+00:00,26856,22,129,1,-11.531,-3.409,-0.705,12.045,12.045,-3.355,196.471,0.007,0.01,0.018,32,
1986-01-25 00:48:09.534000+00:00,26856,22,161,1,-11.526,-3.409,-0.691,12.04,12.04,-3.288,196.476,0.011,0.012,0.009,32,
1986-01-25 00:48:11.454000+00:00,26856,22,193,1,-11.524,-3.412,-0.688,12.038,12.038,-3.278,196.493,0.01,0.011,0.008,32,
1986-01-25 00:48:13.374000+00:00,26856,22,225,1,-11.525,-3.41,-0.695,12.039,12.039,-3.308,196.484,0.007,0.01,0.011,32,
1986-01-25 00:48:15.294000+00:00,26856,22,257,1,-11.523,-3.407,-0.7,12.037,12.037,-3.333,196.473,0.016,0.016,0.011,32,
1986-01-25 00:48:17.214000+00:00,26856,22,289,1,-11.526,-3.399,-0.692,12.036,12.036,-3.296,196.433,0.013,0.009,0.009,32,
1986-01-25 00:48:19.134000+00:00,26856,22,321,1,-11.523,-3.405,-0.695,12.035,12.035,-3.309,196.462,0.01,0.01,0.014,32,
1986-01-25 00:48:21.054000+00:00,26856,22,353,1,-11.523,-3.398,-0.683,12.033,12.033,-3.255,196.429,0.014,0.016,0.012,32,
1986-01-25 00:48:22.974000+00:00,26856,22,385,1,-11.517,-3.399,-0.69,12.028,12.028,-3.29,196.442,0.013,0.009,0.01,32,
1986-01-25 00:48:24.894000+00:00,26856,22,417,1,-11.524,-3.396,-0.692,12.034,12.034,-3.297,196.421,0.012,0.01,0.019,32,
1986-01-25 00:48:26.814000+00:00,26856,22,449,1,-11.515,-3.395,-0.689,12.025,12.025,-3.285,196.428,0.015,0.014,0.01,32,
1986-01-25 00:48:28.734000+00:00,26856,22,481,1,-11.511,-3.405,-0.698,12.024,12.024,-3.328,196.48,0.012,0.009,0.009,32,
1986-01-25 00:48:30.654000+00:00,26856,22,513,1,-11.506,-3.392,-0.69,12.015,12.015,-3.294,196.428,0.014,0.014,0.016,32,
1986-01-25 00:48:32.574000+00:00,26856,22,545,1,-11.51,-3.393,-0.692,12.019,12.019,-3.3,196.425,0.012,0.017,0.007,32,
1986-01-25 00:48:34.494000+00:00,26856,22,577,1,-11.517,-3.398,-0.687,12.028,12.028,-3.276,196.435,0.012,0.008,0.01,32,
1986-01-25 00:48:36.414000+00:00,26856,22,609,1,-11.508,-3.412,-0.697,12.024,12.024,-3.323,196.516,0.009,0.006,0.015,32,
1986-01-25 00:48:38.334000+00:00,26856,22,641,1,-11.508,-3.406,-0.693,12.021,12.021,-3.303,196.489,0.011,0.01,0.01,32,
1986-01-25 00:48:40.254000+00:00,26856,22,673,1,-11.504,-3.398,-0.686,12.015,12.015,-3.271,196.457,0.014,0.014,0.012,32,
1986-01-25 00:48:42.174000+00:00,26856,22,705,1,-11.509,-3.384,-0.679,12.015,12.015,-3.239,196.384,0.01,0.01,0.017,32,
1986-01-25 00:48:44.094000+00:00,26856,22,737,1,-11.505,-3.39,-0.676,12.013,12.013,-3.226,196.419,0.013,0.018,0.008,32,
1986-01-25 00:48:46.014000+00:00,26856,22,769,1,-11.497,-3.394,-0.69,12.007,12.007,-3.293,196.447,0.013,0.008,0.013,32,
1986-01-25 00:48:47.934000+00:00,26856,23,1,1,-11.502,-3.388,-0.674,12.009,12.009,-3.217,196.411,0.015,0.015,0.015,32,
1986-01-25 00:48:49.854000+00:00,26856,23,33,1,-11.49,-3.388,-0.676,11.998,11.998,-3.228,196.427,0.007,0.014,0.015,32,
1986-01-25 00:48:51.774000+00:00,26856,23,65,1,-11.49,-3.387,-0.677,11.998,11.998,-3.234,196.424,0.009,0.014,0.011,32,
1986-01-25 00:48:53.694000+00:00,26856,23,97,1,-11.486,-3.392,-0.679,11.995,11.995,-3.246,196.453,0.017,0.009,0.015,32,
1986-01-25 00:48:55.614000+00:00,26856,23,129,1,-11.472,-3.388,-0.677,11.981,11.981,-3.238,196.455,0.01,0.01,0.011,32,
1986-01-25 00:48:57.534000+00:00,26856,23,161,1,-11.481,-3.385,-0.686,11.989,11.989,-3.282,196.425,0.016,0.018,0.014,32,
1986-01-25 00:48:59.454000+00:00,26856,23,193,1,-11.484,-3.391,-0.679,11.993,11.993,-3.244,196.449,0.018,0.012,0.013,32,
1986-01-25 00:49:01.374000+00:00,26856,23,225,1,-11.476,-3.398,-0.682,11.988,11.988,-3.263,196.492,0.01,0.013,0.016,32,
1986-01-25 00:49:03.294000+00:00,26856,23,257,1,-11.48,-3.39,-0.663,11.988,11.988,-3.171,196.451,0.015,0.016,0.013,32,
1986-01-25 00:49:05.214000+00:00,26856,23,289,1,-11.484,-3.39,-0.67,11.993,11.993,-3.203,196.447,0.019,0.008,0.016,32,
1986-01-25 00:49:07.134000+00:00,26856,23,321,1,-11.477,-3.397,-0.678,11.989,11.989,-3.243,196.489,0.007,0.014,0.016,32,
1986-01-25 00:49:09.054000+00:00,26856,23,353,1,-11.468,-3.39,-0.677,11.978,11.978,-3.243,196.467,0.013,0.017,0.016,32,
1986-01-25 00:49:10.974000+00:00,26856,23,385,1,-11.47,-3.393,-0.676,11.98,11.98,-3.234,196.479,0.018,0.012,0.015,32,
1986-01-25 00:49:12.894000+00:00,26856,23,417,1,-11.46,-3.396,-0.663,11.971,11.971,-3.174,196.508,0.01,0.014,0.008,32,
1986-01-25 00:49:14.814000+00:00,26856,23,449,1,-11.473,-3.393,-0.67,11.982,11.982,-3.206,196.475,0.012,0.015,0.009,32,
1986-01-25 00:49:16.734000+00:00,26856,23,481,1,-11.467,-3.392,-0.666,11.977,11.977,-3.19,196.48,0.02,0.013,0.008,32,
1986-01-25 00:49:18.654000+00:00,26856,23,513,1,-11.465,-3.38,-0.653,11.971,11.971,-3.128,196.428,0.007,0.015,0.013,32,
1986-01-25 00:49:20.574000+00:00,26856,23,545,1,-11.466,-3.388,-0.661,11.974,11.974,-3.165,196.463,0.013,0.018,0.012,32,
1986-01-25 00:49:22.494000+00:00,26856,23,577,1,-11.463,-3.391,-0.652,11.972,11.972,-3.121,196.48,0.016,0.009,0.01,32,
1986-01-25 00:49:24.414000+00:00,26856,23,609,1,-11.461,-3.395,-0.652,11.971,11.971,-3.125,196.5,0.009,0.015,0.012,32,
1986-01-25 00:49:26.334000+00:00,26856,23,641,1,-11.451,-3.389,-0.653,11.96,11.96,-3.13,196.485,0.013,0.016,0.012,32,
1986-01-25 00:49:28.254000+00:00,26856,23,673,1,-11.447,-3.376,-0.653,11.953,11.953,-3.133,196.432,0.015,0.011,0.008,32,
1986-01-25 00:49:30.174000+00:00,26856,23,705,1,-11.452,-3.379,-0.652,11.958,11.958,-3.126,196.44,0.012,0.014,0.014,32,
1986-01-25 00:49:32.094000+00:00,26856,23,737,1,-11.45,-3.377,-0.651,11.955,11.955,-3.123,196.434,0.015,0.013,0.011,32,
1986-01-25 00:49:34.014000+00:00,26856,23,769,1,-11.446,-3.373,-0.651,11.95,11.95,-3.121,196.419,0.019,0.009,0.01,32,
1986-01-25 00:49:35.934000+00:00,26856,24,1,1,-11.439,-3.375,-0.644,11.943,11.943,-3.09,196.44,0.013,0.009,0.012,32,
1986-01-25 00:49:37.854000+00:00,26856,24,33,1,-11.442,-3.376,-0.652,11.947,11.947,-3.128,196.438,0.013,0.012,0.01,32,
1986-01-25 00:49:39.774000+00:00,26856,24,65,1,-11.441,-3.372,-0.633,11.945,11.945,-3.036,196.423,0.01,0.013,0.012,32,
1986-01-25 00:49:41.694000+00:00,26856,24,97,1,-11.431,-3.373,-0.63,11.935,11.935,-3.024,196.438,0.022,0.011,0.012,32,
1986-01-25 00:49:43.614000+00:00,26856,24,129,1,-11.439,-3.373,-0.634,11.942,11.942,-3.041,196.43,0.011,0.013,0.011,32,
1986-01-25 00:49:45.534000+00:00,26856,24,161,1,-11.444,-3.384,-0.641,11.951,11.951,-3.077,196.472,0.008,0.013,0.015,32,
1986-01-25 00:49:47.454000+00:00,26856,24,193,1,-11.439,-3.382,-0.642,11.946,11.946,-3.08,196.471,0.011,0.011,0.013,32,
1986-01-25 00:49:49.374000+00:00,26856,24,225,1,-11.433,-3.382,-0.635,11.939,11.939,-3.05,196.479,0.012,0.014,0.011,32,
1986-01-25 00:49:51.294000+00:00,26856,24,257,1,-11.417,-3.385,-0.639,11.926,11.926,-3.074,196.516,0.013,0.013,0.011,32,
1986-01-25 00:49:53.214000+00:00,26856,24,289,1,-11.424,-3.379,-0.649,11.931,11.931,-3.118,196.479,0.014,0.014,0.012,32,
1986-01-25 00:49:55.134000+00:00,26856,24,321,1,-11.432,-3.369,-0.638,11.935,11.935,-3.063,196.421,0.012,0.013,0.014,32,
1986-01-25 00:49:57.054000+00:00,26856,24,353,1,-11.426,-3.375,-0.634,11.931,11.931,-3.048,196.455,0.012,0.01,0.014,32,
1986-01-25 00:49:58.974000+00:00,26856,24,385,1,-11.424,-3.38,-0.622,11.929,11.93,-2.99,196.485,0.014,0.014,0.014,32,
1986-01-25 00:50:00.894000+00:00,26856,24,417,1,-11.432,-3.379,-0.631,11.938,11.938,-3.03,196.466,0.014,0.012,0.011,32,
1986-01-25 00:50:02.814000+00:00,26856,24,449,1,-11.435,-3.376,-0.635,11.94,11.94,-3.049,196.446,0.011,0.016,0.01,32,
1986-01-25 00:50:04.734000+00:00,26856,24,481,1,-11.405,-3.378,-0.624,11.911,11.911,-3.003,196.499,0.016,0.013,0.012,32,
1986-01-25 00:50:06.654000+00:00,26856,24,513,1,-11.409,-3.374,-0.619,11.913,11.914,-2.98,196.473,0.012,0.017,0.013,32,
1986-01-25 00:50:08.574000+00:00,26856,24,545,1,-11.411,-3.368,-0.625,11.914,11.914,-3.005,196.444,0.012,0.015,0.012,32,
1986-01-25 00:50:10.494000+00:00,26856,24,577,1,-11.409,-3.374,-0.618,11.914,11.914,-2.974,196.472,0.014,0.011,0.01,32,
1986-01-25 00:50:12.414000+00:00,26856,24,609,1,-11.408,-3.367,-0.623,11.911,11.911,-2.999,196.444,0.012,0.013,0.013,32,
1986-01-25 00:50:14.334000+00:00,26856,24,641,1,-11.404,-3.371,-0.629,11.908,11.908,-3.026,196.467,0.01,0.016,0.013,32,
1986-01-25 00:50:16.254000+00:00,26856,24,673,1,-11.398,-3.372,-0.627,11.903,11.903,-3.021,196.48,0.014,0.013,0.01,32,
1986-01-25 00:50:18.174000+00:00,26856,24,705,1,-11.394,-3.368,-0.628,11.897,11.897,-3.027,196.467,0.012,0.012,0.014,32,
1986-01-25 00:50:20.094000+00:00,26856,24,737,1,-11.394,-3.377,-0.62,11.9,11.9,-2.988,196.511,0.012,0.008,0.012,32,
1986-01-25 00:50:22.014000+00:00,26856,24,769,1,-11.395,-3.376,-0.624,11.901,11.901,-3.008,196.503,0.017,0.013,0.01,32,
1986-01-25 00:50:23.934000+00:00,26856,25,1,1,-11.397,-3.376,-0.626,11.903,11.903,-3.012,196.501,0.016,0.011,0.011,32,
1986-01-25 00:50:25.854000+00:00,26856,25,33,1,-11.396,-3.374,-0.627,11.902,11.902,-3.018,196.49,0.015,0.008,0.011,32,
1986-01-25 00:50:27.774000+00:00,26856,25,65,1,-11.395,-3.376,-0.627,11.901,11.901,-3.022,196.502,0.012,0.014,0.01,32,
1986-01-25 00:50:29.694000+00:00,26856,25,97,1,-11.385,-3.367,-0.612,11.889,11.889,-2.951,196.475,0.013,0.01,0.013,32,
1986-01-25 00:50:31.614000+00:00,26856,25,129,1,-11.391,-3.363,-0.609,11.893,11.893,-2.933,196.45,0.016,0.01,0.014,32,
1986-01-25 00:50:33.534000+00:00,26856,25,161,1,-11.388,-3.369,-0.619,11.892,11.892,-2.986,196.48,0.011,0.013,0.01,32,
1986-01-25 00:50:35.454000+00:00,26856,25,193,1,-11.386,-3.372,-0.614,11.89,11.89,-2.959,196.495,0.013,0.013,0.012,32,
1986-01-25 00:50:37.374000+00:00,26856,25,225,1,-11.384,-3.369,-0.621,11.889,11.889,-2.996,196.487,0.014,0.009,0.02,32,
1986-01-25 00:50:39.294000+00:00,26856,25,257,1,-11.381,-3.378,-0.62,11.888,11.888,-2.99,196.532,0.011,0.013,0.011,32,
1986-01-25 00:50:41.214000+00:00,26856,25,289,1,-11.386,-3.37,-0.62,11.89,11.89,-2.988,196.49,0.012,0.012,0.012,32,
1986-01-25 00:50:43.134000+00:00,26856,25,321,1,-11.379,-3.361,-0.615,11.881,11.881,-2.967,196.456,0.011,0.013,0.012,32,
1986-01-25 00:50:45.054000+00:00,26856,25,353,1,-11.38,-3.358,-0.619,11.881,11.881,-2.985,196.439,0.01,0.01,0.014,32,
1986-01-25 00:50:46.974000+00:00,26856,25,385,1,-11.382,-3.364,-0.621,11.885,11.885,-2.996,196.466,0.014,0.014,0.017,32,
1986-01-25 00:50:48.894000+00:00,26856,25,417,1,-11.376,-3.362,-0.608,11.878,11.878,-2.932,196.465,0.014,0.009,0.017,32,
1986-01-25 00:50:50.814000+00:00,26856,25,449,1,-11.372,-3.357,-0.608,11.872,11.872,-2.938,196.446,0.006,0.011,0.011,32,
1986-01-25 00:50:52.734000+00:00,26856,25,481,1,-11.372,-3.367,-0.616,11.876,11.876,-2.974,196.495,0.009,0.013,0.009,32,
1986-01-25 00:50:54.654000+00:00,26856,25,513,1,-11.374,-3.364,-0.599,11.876,11.876,-2.894,196.476,0.011,0.012,0.015,32,
1986-01-25 00:50:56.574000+00:00,26856,25,545,1,-11.371,-3.372,-0.602,11.876,11.876,-2.903,196.517,0.006,0.014,0.014,32,
1986-01-25 00:50:58.494000+00:00,26856,25,577,1,-11.37,-3.369,-0.591,11.873,11.873,-2.854,196.506,0.014,0.012,0.014,32,
1986-01-25 00:51:00.414000+00:00,26856,25,609,1,-11.374,-3.36,-0.594,11.875,11.875,-2.866,196.459,0.013,0.014,0.012,32,
1986-01-25 00:51:02.334000+00:00,26856,25,641,1,-11.362,-3.368,-0.602,11.866,11.866,-2.91,196.511,0.007,0.011,0.011,32,
1986-01-25 00:51:04.254000+00:00,26856,25,673,1,-11.356,-3.359,-0.593,11.857,11.857,-2.865,196.476,0.009,0.011,0.011,32,
1986-01-25 00:51:06.174000+00:00,26856,25,705,1,-11.359,-3.354,-0.6,11.859,11.859,-2.899,196.451,0.012,0.012,0.016,32,
1986-01-25 00:51:08.094000+00:00,26856,25,737,1,-11.354,-3.362,-0.595,11.856,11.856,-2.877,196.492,0.007,0.014,0.011,32,
1986-01-25 00:51:10.014000+00:00,26856,25,769,1,-11.367,-3.369,-0.596,11.871,11.871,-2.877,196.508,0.014,0.014,0.014,32,
1986-01-25 00:51:11.934000+00:00,26856,26,1,1,-11.351,-3.362,-0.603,11.854,11.854,-2.915,196.497,0.01,0.011,0.012,32,
1986-01-25 00:51:13.854000+00:00,26856,26,33,1,-11.349,-3.355,-0.598,11.85,11.85,-2.891,196.467,0.011,0.015,0.015,32,
1986-01-25 00:51:15.774000+00:00,26856,26,65,1,-11.341,-3.343,-0.586,11.838,11.838,-2.838,196.422,0.014,0.011,0.01,32,
1986-01-25 00:51:17.694000+00:00,26856,26,97,1,-11.347,-3.349,-0.599,11.846,11.846,-2.9,196.445,0.014,0.014,0.017,32,
1986-01-25 00:51:19.614000+00:00,26856,26,129,1,-11.339,-3.348,-0.588,11.838,11.838,-2.847,196.45,0.012,0.016,0.018,32,
1986-01-25 00:51:21.534000+00:00,26856,26,161,1,-11.335,-3.357,-0.59,11.836,11.836,-2.856,196.499,0.01,0.017,0.012,32,
1986-01-25 00:51:23.454000+00:00,26856,26,193,1,-11.343,-3.358,-0.596,11.845,11.845,-2.886,196.493,0.015,0.01,0.012,32,
1986-01-25 00:51:25.374000+00:00,26856,26,225,1,-11.331,-3.352,-0.591,11.831,11.831,-2.861,196.478,0.011,0.011,0.016,32,
1986-01-25 00:51:27.294000+00:00,26856,26,257,1,-11.326,-3.353,-0.598,11.827,11.827,-2.896,196.489,0.011,0.017,0.009,32,
1986-01-25 00:51:29.214000+00:00,26856,26,289,1,-11.321,-3.35,-0.596,11.821,11.821,-2.891,196.483,0.015,0.014,0.014,32,
1986-01-25 00:51:31.134000+00:00,26856,26,321,1,-11.334,-3.358,-0.586,11.835,11.835,-2.837,196.503,0.014,0.017,0.016,32,
1986-01-25 00:51:33.054000+00:00,26856,26,353,1,-11.329,-3.348,-0.596,11.829,11.829,-2.889,196.465,0.008,0.015,0.01,32,
1986-01-25 00:51:34.974000+00:00,26856,26,385,1,-11.333,-3.354,-0.581,11.833,11.833,-2.816,196.487,0.016,0.013,0.013,32,
1986-01-25 00:51:36.894000+00:00,26856,26,417,1,-11.339,-3.35,-0.572,11.837,11.837,-2.771,196.459,0.011,0.012,0.014,32,
1986-01-25 00:51:38.814000+00:00,26856,26,449,1,-11.33,-3.346,-0.575,11.828,11.828,-2.789,196.452,0.012,0.017,0.009,32,
1986-01-25 00:51:40.734000+00:00,26856,26,481,1,-11.323,-3.337,-0.571,11.818,11.818,-2.768,196.42,0.017,0.008,0.011,32,
1986-01-25 00:51:42.654000+00:00,26856,26,513,1,-11.323,-3.336,-0.564,11.817,11.817,-2.734,196.415,0.013,0.011,0.009,32,
1986-01-25 00:51:44.574000+00:00,26856,26,545,1,-11.309,-3.338,-0.569,11.805,11.805,-2.762,196.446,0.013,0.014,0.011,32,
1986-01-25 00:51:46.494000+00:00,26856,26,577,1,-11.295,-3.339,-0.565,11.792,11.792,-2.748,196.467,0.017,0.013,0.011,32,
1986-01-25 00:51:48.414000+00:00,26856,26,609,1,-11.303,-3.343,-0.559,11.801,11.801,-2.714,196.477,0.011,0.015,0.018,32,
1986-01-25 00:51:50.334000+00:00,26856,26,641,1,-11.304,-3.346,-0.573,11.803,11.803,-2.781,196.488,0.011,0.015,0.011,32,
1986-01-25 00:51:52.254000+00:00,26856,26,673,1,-11.296,-3.349,-0.567,11.795,11.796,-2.757,196.512,0.016,0.011,0.015,32,
1986-01-25 00:51:54.174000+00:00,26856,26,705,1,-11.305,-3.335,-0.562,11.8,11.8,-2.732,196.439,0.013,0.015,0.019,32,
1986-01-25 00:51:56.094000+00:00,26856,26,737,1,-11.317,-3.342,-0.561,11.814,11.814,-2.721,196.451,0.016,0.018,0.013,32,
1986-01-25 00:51:58.014000+00:00,26856,26,769,1,-11.308,-3.336,-0.552,11.803,11.803,-2.682,196.435,0.018,0.012,0.009,32,
1986-01-25 00:51:59.934000+00:00,26856,27,1,1,-11.3,-3.325,-0.554,11.792,11.792,-2.694,196.396,0.015,0.012,0.011,32,
1986-01-25 00:52:01.854000+00:00,26856,27,33,1,-11.294,-3.333,-0.559,11.788,11.789,-2.72,196.444,0.01,0.012,0.012,32,
1986-01-25 00:52:03.774000+00:00,26856,27,65,1,-11.3,-3.332,-0.563,11.795,11.795,-2.738,196.428,0.013,0.013,0.01,32,
1986-01-25 00:52:05.694000+00:00,26856,27,97,1,-11.294,-3.317,-0.551,11.784,11.784,-2.679,196.367,0.019,0.014,0.008,32,
1986-01-25 00:52:07.614000+00:00,26856,27,129,1,-11.288,-3.322,-0.539,11.779,11.779,-2.624,196.398,0.011,0.008,0.014,32,
1986-01-25 00:52:09.534000+00:00,26856,27,161,1,-11.288,-3.322,-0.548,11.779,11.78,-2.668,196.397,0.01,0.015,0.011,32,
1986-01-25 00:52:11.454000+00:00,26856,27,193,1,-11.287,-3.32,-0.556,11.779,11.779,-2.704,196.392,0.011,0.013,0.014,32,
1986-01-25 00:52:13.374000+00:00,26856,27,225,1,-11.291,-3.32,-0.549,11.782,11.782,-2.669,196.386,0.014,0.011,0.009,32,
1986-01-25 00:52:15.294000+00:00,26856,27,257,1,-11.288,-3.321,-0.546,11.78,11.78,-2.656,196.396,0.011,0.016,0.009,32,
1986-01-25 00:52:17.214000+00:00,26856,27,289,1,-11.286,-3.318,-0.552,11.776,11.776,-2.688,196.383,0.015,0.011,0.013,32,
1986-01-25 00:52:19.134000+00:00,26856,27,321,1,-11.285,-3.326,-0.553,11.778,11.778,-2.691,196.42,0.013,0.008,0.011,32,
1986-01-25 00:52:21.054000+00:00,26856,27,353,1,-11.28,-3.322,-0.548,11.771,11.771,-2.667,196.409,0.008,0.014,0.011,32,
1986-01-25 00:52:22.974000+00:00,26856,27,385,1,-11.277,-3.317,-0.538,11.767,11.767,-2.62,196.389,0.015,0.009,0.008,32,
1986-01-25 00:52:24.894000+00:00,26856,27,417,1,-11.281,-3.321,-0.544,11.772,11.772,-2.649,196.403,0.009,0.009,0.011,32,
1986-01-25 00:52:26.814000+00:00,26856,27,449,1,-11.281,-3.317,-0.534,11.771,11.771,-2.6,196.383,0.01,0.013,0.011,32,
1986-01-25 00:52:28.734000+00:00,26856,27,481,1,-11.278,-3.315,-0.535,11.767,11.767,-2.607,196.378,0.015,0.01,0.015,32,
1986-01-25 00:52:30.654000+00:00,26856,27,513,1,-11.277,-3.32,-0.544,11.768,11.768,-2.652,196.407,0.014,0.01,0.01,32,
1986-01-25 00:52:32.574000+00:00,26856,27,545,1,-11.278,-3.315,-0.526,11.767,11.767,-2.563,196.38,0.007,0.015,0.008,32,
1986-01-25 00:52:34.494000+00:00,26856,27,577,1,-11.272,-3.315,-0.525,11.761,11.761,-2.559,196.389,0.013,0.013,0.015,32,
1986-01-25 00:52:36.414000+00:00,26856,27,609,1,-11.275,-3.312,-0.517,11.762,11.762,-2.521,196.37,0.015,0.01,0.013,32,
1986-01-25 00:52:38.334000+00:00,26856,27,641,1,-11.277,-3.322,-0.525,11.768,11.768,-2.555,196.415,0.007,0.013,0.009,32,
1986-01-25 00:52:40.254000+00:00,26856,27,673,1,-11.267,-3.31,-0.52,11.754,11.754,-2.533,196.372,0.012,0.012,0.015,32,
1986-01-25 00:52:42.174000+00:00,26856,27,705,1,-11.257,-3.314,-0.519,11.746,11.746,-2.531,196.402,0.014,0.008,0.011,32,
1986-01-25 00:52:44.094000+00:00,26856,27,737,1,-11.264,-3.317,-0.517,11.754,11.754,-2.523,196.41,0.012,0.019,0.008,32,
1986-01-25 00:52:46.014000+00:00,26856,27,769,1,-11.28,-3.322,-0.522,11.77,11.77,-2.543,196.411,0.014,0.01,0.008,32,
1986-01-25 00:52:47.934000+00:00,26856,28,1,1,-11.271,-3.314,-0.519,11.76,11.76,-2.531,196.385,0.011,0.009,0.006,32,
1986-01-25 00:52:49.854000+00:00,26856,28,33,1,-11.258,-3.309,-0.52,11.745,11.745,-2.536,196.381,0.009,0.017,0.011,32,
1986-01-25 00:52:51.774000+00:00,26856,28,65,1,-11.265,-3.307,-0.517,11.751,11.751,-2.521,196.36,0.012,0.008,0.009,32,
1986-01-25 00:52:53.694000+00:00,26856,28,97,1,-11.254,-3.309,-0.518,11.742,11.742,-2.528,196.382,0.012,0.011,0.01,32,
1986-01-25 00:52:55.614000+00:00,26856,28,129,1,-11.259,-3.318,-0.523,11.75,11.75,-2.551,196.419,0.011,0.015,0.009,32,
1986-01-25 00:52:57.534000+00:00,26856,28,161,1,-11.256,-3.315,-0.51,11.746,11.746,-2.49,196.411,0.015,0.014,0.01,32,
1986-01-25 00:52:59.454000+00:00,26856,28,193,1,-11.249,-3.315,-0.513,11.738,11.738,-2.505,196.421,0.009,0.008,0.013,32,
1986-01-25 00:53:01.374000+00:00,26856,28,225,1,-11.253,-3.321,-0.519,11.744,11.744,-2.534,196.443,0.01,0.016,0.008,32,
1986-01-25 00:53:03.294000+00:00,26856,28,257,1,-11.254,-3.316,-0.521,11.744,11.744,-2.544,196.417,0.017,0.011,0.008,32,
1986-01-25 00:53:05.214000+00:00,26856,28,289,1,-11.252,-3.313,-0.514,11.74,11.74,-2.508,196.406,0.014,0.009,0.009,32,
1986-01-25 00:53:07.134000+00:00,26856,28,321,1,-11.25,-3.318,-0.522,11.741,11.741,-2.55,196.43,0.01,0.012,0.012,32,
1986-01-25 00:53:09.054000+00:00,26856,28,353,1,-11.238,-3.309,-0.508,11.727,11.727,-2.483,196.407,0.017,0.012,0.007,32,
1986-01-25 00:53:10.974000+00:00,26856,28,385,1,-11.236,-3.305,-0.509,11.723,11.723,-2.486,196.391,0.011,0.01,0.012,32,
1986-01-25 00:53:12.894000+00:00,26856,28,417,1,-11.231,-3.309,-0.513,11.719,11.719,-2.508,196.419,0.01,0.009,0.013,32,
1986-01-25 00:53:14.814000+00:00,26856,28,449,1,-11.23,-3.301,-0.505,11.716,11.716,-2.468,196.38,0.015,0.012,0.007,32,
1986-01-25 00:53:16.734000+00:00,26856,28,481,1,-11.233,-3.31,-0.511,11.722,11.722,-2.497,196.418,0.009,0.009,0.016,32,
1986-01-25 00:53:18.654000+00:00,26856,28,513,1,-11.234,-3.307,-0.505,11.722,11.722,-2.472,196.402,0.009,0.009,0.008,32,
1986-01-25 00:53:20.574000+00:00,26856,28,545,1,-11.228,-3.305,-0.501,11.715,11.715,-2.451,196.402,0.02,0.014,0.009,32,
1986-01-25 00:53:22.494000+00:00,26856,28,577,1,-11.225,-3.304,-0.507,11.712,11.712,-2.482,196.403,0.01,0.011,0.015,32,
1986-01-25 00:53:24.414000+00:00,26856,28,609,1,-11.225,-3.313,-0.507,11.715,11.715,-2.482,196.445,0.007,0.013,0.011,32,
1986-01-25 00:53:26.334000+00:00,26856,28,641,1,-11.22,-3.317,-0.503,11.711,11.711,-2.462,196.471,0.014,0.011,0.009,32,
1986-01-25 00:53:28.254000+00:00,26856,28,673,1,-11.22,-3.306,-0.498,11.708,11.708,-2.438,196.417,0.01,0.009,0.015,32,
1986-01-25 00:53:30.174000+00:00,26856,28,705,1,-11.223,-3.304,-0.505,11.71,11.71,-2.473,196.407,0.008,0.007,0.016,32,
1986-01-25 00:53:32.094000+00:00,26856,28,737,1,-11.217,-3.306,-0.501,11.705,11.705,-2.451,196.423,0.014,0.011,0.01,32,
1986-01-25 00:53:34.014000+00:00,26856,28,769,1,-11.209,-3.299,-0.5,11.695,11.695,-2.45,196.397,0.013,0.008,0.015,32,
1986-01-25 00:53:35.934000+00:00,26856,29,1,1,-11.212,-3.301,-0.502,11.698,11.698,-2.46,196.404,0.014,0.008,0.012,32,
1986-01-25 00:53:37.854000+00:00,26856,29,33,1,-11.215,-3.298,-0.494,11.701,11.701,-2.422,196.388,0.009,0.013,0.011,32,
1986-01-25 00:53:39.774000+00:00,26856,29,65,1,-11.199,-3.296,-0.497,11.685,11.685,-2.436,196.4,0.012,0.011,0.007,32,
1986-01-25 00:53:41.694000+00:00,26856,29,97,1,-11.202,-3.3,-0.486,11.688,11.688,-2.383,196.414,0.015,0.009,0.011,32,
1986-01-25 00:53:43.614000+00:00,26856,29,129,1,-11.188,-3.294,-0.487,11.673,11.673,-2.39,196.405,0.008,0.013,0.011,32,
1986-01-25 00:53:45.534000+00:00,26856,29,161,1,-11.204,-3.304,-0.484,11.691,11.691,-2.371,196.428,0.016,0.014,0.01,32,
1986-01-25 00:53:47.454000+00:00,26856,29,193,1,-11.199,-3.308,-0.497,11.688,11.688,-2.436,196.457,0.01,0.008,0.006,32,
1986-01-25 00:53:49.374000+00:00,26856,29,225,1,-11.2,-3.299,-0.489,11.686,11.686,-2.399,196.415,0.008,0.012,0.01,32,
1986-01-25 00:53:51.294000+00:00,26856,29,257,1,-11.2,-3.301,-0.49,11.686,11.686,-2.402,196.42,0.015,0.018,0.007,32,
1986-01-25 00:53:53.214000+00:00,26856,29,289,1,-11.189,-3.308,-0.492,11.678,11.678,-2.417,196.468,0.013,0.007,0.009,32,
1986-01-25 00:53:55.134000+00:00,26856,29,321,1,-11.196,-3.308,-0.496,11.685,11.685,-2.434,196.462,0.007,0.01,0.012,32,
1986-01-25 00:53:57.054000+00:00,26856,29,353,1,-11.186,-3.297,-0.484,11.672,11.672,-2.376,196.423,0.011,0.015,0.009,32,
1986-01-25 00:53:58.974000+00:00,26856,29,385,1,-11.19,-3.299,-0.494,11.676,11.676,-2.427,196.429,0.014,0.008,0.011,32,
1986-01-25 00:54:00.894000+00:00,26856,29,417,1,-11.184,-3.298,-0.496,11.671,11.671,-2.434,196.431,0.008,0.015,0.013,32,
1986-01-25 00:54:02.814000+00:00,26856,29,449,1,-11.186,-3.3,-0.486,11.673,11.673,-2.388,196.438,0.011,0.013,0.01,32,
1986-01-25 00:54:04.734000+00:00,26856,29,481,1,-11.188,-3.303,-0.493,11.676,11.676,-2.419,196.448,0.015,0.007,0.007,32,
1986-01-25 00:54:06.654000+00:00,26856,29,513,1,-11.183,-3.304,-0.498,11.671,11.671,-2.446,196.46,0.008,0.01,0.01,32,
1986-01-25 00:54:08.574000+00:00,26856,29,545,1,-11.183,-3.3,-0.496,11.67,11.67,-2.436,196.441,0.01,0.013,0.008,32,
1986-01-25 00:54:10.494000+00:00,26856,29,577,1,-11.176,-3.299,-0.497,11.663,11.663,-2.442,196.449,0.011,0.008,0.006,32,
1986-01-25 00:54:12.414000+00:00,26856,29,609,1,-11.176,-3.304,-0.5,11.664,11.664,-2.456,196.468,0.01,0.012,0.015,32,
1986-01-25 00:54:14.334000+00:00,26856,29,641,1,-11.167,-3.297,-0.493,11.654,11.654,-2.424,196.448,0.016,0.013,0.007,32,
1986-01-25 00:54:16.254000+00:00,26856,29,673,1,-11.168,-3.288,-0.487,11.652,11.652,-2.396,196.403,0.012,0.008,0.008,32,
1986-01-25 00:54:18.174000+00:00,26856,29,705,1,-11.173,-3.301,-0.491,11.661,11.661,-2.412,196.458,0.006,0.013,0.016,32,
1986-01-25 00:54:20.094000+00:00,26856,29,737,1,-11.172,-3.301,-0.485,11.66,11.66,-2.384,196.461,0.013,0.008,0.009,32,
1986-01-25 00:54:22.014000+00:00,26856,29,769,1,-11.173,-3.3,-0.484,11.66,11.66,-2.379,196.454,0.017,0.01,0.008,32,
1986-01-25 00:54:23.934000+00:00,26856,30,1,1,-11.171,-3.298,-0.485,11.658,11.658,-2.382,196.446,0.014,0.011,0.01,32,
1986-01-25 00:54:25.854000+00:00,26856,30,33,1,-11.164,-3.294,-0.489,11.65,11.65,-2.404,196.438,0.006,0.013,0.015,32,
1986-01-25 00:54:27.774000+00:00,26856,30,65,1,-11.165,-3.29,-0.486,11.649,11.649,-2.389,196.418,0.008,0.018,0.009,32,
1986-01-25 00:54:29.694000+00:00,26856,30,97,1,-11.165,-3.286,-0.478,11.648,11.648,-2.352,196.4,0.015,0.008,0.008,32,
1986-01-25 00:54:31.614000+00:00,26856,30,129,1,-11.168,-3.282,-0.464,11.65,11.65,-2.284,196.375,0.007,0.014,0.015,32,
1986-01-25 00:54:33.534000+00:00,26856,30,161,1,-11.165,-3.29,-0.472,11.649,11.65,-2.324,196.417,0.009,0.016,0.008,32,
1986-01-25 00:54:35.454000+00:00,26856,30,193,1,-11.169,-3.286,-0.461,11.651,11.651,-2.267,196.396,0.012,0.01,0.009,32,
1986-01-25 00:54:37.374000+00:00,26856,30,225,1,-11.15,-3.295,-0.46,11.636,11.636,-2.267,196.461,0.011,0.011,0.011,32,
1986-01-25 00:54:39.294000+00:00,26856,30,257,1,-11.148,-3.296,-0.474,11.635,11.635,-2.333,196.47,0.011,0.017,0.012,32,
1986-01-25 00:54:41.214000+00:00,26856,30,289,1,-11.144,-3.292,-0.472,11.63,11.63,-2.327,196.46,0.015,0.008,0.014,32,
1986-01-25 00:54:43.134000+00:00,26856,30,321,1,-11.138,-3.29,-0.471,11.623,11.623,-2.323,196.454,0.007,0.009,0.013,32,
1986-01-25 00:54:45.054000+00:00,26856,30,353,1,-11.138,-3.286,-0.469,11.622,11.622,-2.312,196.436,0.012,0.015,0.012,32,
1986-01-25 00:54:46.974000+00:00,26856,30,385,1,-11.149,-3.281,-0.457,11.631,11.631,-2.251,196.4,0.013,0.009,0.012,32,
1986-01-25 00:54:48.894000+00:00,26856,30,417,1,-11.146,-3.281,-0.45,11.628,11.628,-2.218,196.402,0.008,0.013,0.016,32,
1986-01-25 00:54:50.814000+00:00,26856,30,449,1,-11.144,-3.283,-0.46,11.627,11.627,-2.267,196.413,0.007,0.02,0.012,32,
1986-01-25 00:54:52.734000+00:00,26856,30,481,1,-11.139,-3.277,-0.447,11.619,11.619,-2.206,196.393,0.019,0.009,0.011,32,
1986-01-25 00:54:54.654000+00:00,26856,30,513,1,-11.131,-3.277,-0.454,11.612,11.612,-2.24,196.405,0.007,0.014,0.016,32,
1986-01-25 00:54:56.574000+00:00,26856,30,545,1,-11.131,-3.277,-0.454,11.612,11.612,-2.239,196.404,0.008,0.02,0.011,32,
1986-01-25 00:54:58.494000+00:00,26856,30,577,1,-11.141,-3.276,-0.451,11.622,11.622,-2.225,196.385,0.013,0.007,0.015,32,
1986-01-25 00:55:00.414000+00:00,26856,30,609,1,-11.141,-3.277,-0.44,11.621,11.621,-2.168,196.391,0.007,0.011,0.013,32,
1986-01-25 00:55:02.334000+00:00,26856,30,641,1,-11.133,-3.276,-0.436,11.613,11.613,-2.153,196.398,0.015,0.01,0.012,32,
1986-01-25 00:55:04.254000+00:00,26856,30,673,1,-11.127,-3.28,-0.433,11.609,11.609,-2.136,196.423,0.017,0.009,0.014,32,
1986-01-25 00:55:06.174000+00:00,26856,30,705,1,-11.117,-3.271,-0.437,11.597,11.597,-2.16,196.398,0.013,0.011,0.016,32,
1986-01-25 00:55:08.094000+00:00,26856,30,737,1,-11.127,-3.276,-0.444,11.608,11.608,-2.194,196.407,0.014,0.015,0.012,32,
1986-01-25 00:55:10.014000+00:00,26856,30,769,1,-11.125,-3.28,-0.438,11.606,11.606,-2.16,196.426,0.015,0.009,0.014,32,
1986-01-25 00:55:11.934000+00:00,26856,31,1,1,-11.115,-3.277,-0.442,11.597,11.597,-2.186,196.426,0.01,0.012,0.008,32,
1986-01-25 00:55:13.854000+00:00,26856,31,33,1,-11.107,-3.28,-0.448,11.59,11.59,-2.216,196.452,0.013,0.01,0.011,32,
1986-01-25 00:55:15.774000+00:00,26856,31,65,1,-11.116,-3.279,-0.435,11.598,11.598,-2.151,196.433,0.012,0.017,0.013,32,
1986-01-25 00:55:17.694000+00:00,26856,31,97,1,-11.125,-3.286,-0.432,11.608,11.608,-2.134,196.454,0.011,0.012,0.01,32,
1986-01-25 00:55:19.614000+00:00,26856,31,129,1,-11.124,-3.285,-0.436,11.607,11.607,-2.153,196.451,0.012,0.008,0.012,32,
1986-01-25 00:55:21.534000+00:00,26856,31,161,1,-11.117,-3.284,-0.436,11.6,11.601,-2.154,196.457,0.012,0.018,0.013,32,
1986-01-25 00:55:23.454000+00:00,26856,31,193,1,-11.114,-3.275,-0.423,11.594,11.594,-2.091,196.421,0.013,0.014,0.01,32,
1986-01-25 00:55:25.374000+00:00,26856,31,225,1,-11.101,-3.272,-0.422,11.581,11.581,-2.089,196.425,0.013,0.015,0.013,32,
1986-01-25 00:55:27.294000+00:00,26856,31,257,1,-11.099,-3.265,-0.428,11.577,11.577,-2.118,196.394,0.014,0.013,0.013,32,
1986-01-25 00:55:29.214000+00:00,26856,31,289,1,-11.097,-3.267,-0.424,11.576,11.576,-2.099,196.403,0.016,0.011,0.009,32,
1986-01-25 00:55:31.134000+00:00,26856,31,321,1,-11.104,-3.268,-0.42,11.582,11.582,-2.08,196.398,0.01,0.012,0.017,32,
1986-01-25 00:55:33.054000+00:00,26856,31,353,1,-11.107,-3.267,-0.43,11.585,11.585,-2.126,196.392,0.012,0.012,0.009,32,
1986-01-25 00:55:34.974000+00:00,26856,31,385,1,-11.1,-3.27,-0.432,11.58,11.58,-2.136,196.413,0.013,0.016,0.01,32,
1986-01-25 00:55:36.894000+00:00,26856,31,417,1,-11.087,-3.283,-0.429,11.57,11.57,-2.127,196.496,0.013,0.011,0.015,32,
1986-01-25 00:55:38.814000+00:00,26856,31,449,1,-11.087,-3.273,-0.441,11.568,11.568,-2.183,196.45,0.009,0.012,0.011,32,
1986-01-25 00:55:40.734000+00:00,26856,31,481,1,-11.094,-3.261,-0.432,11.571,11.571,-2.141,196.379,0.006,0.012,0.009,32,
1986-01-25 00:55:42.654000+00:00,26856,31,513,1,-11.089,-3.267,-0.428,11.569,11.569,-2.122,196.416,0.012,0.011,0.013,32,
1986-01-25 00:55:44.574000+00:00,26856,31,545,1,-11.091,-3.276,-0.431,11.572,11.572,-2.136,196.454,0.015,0.014,0.013,32,
1986-01-25 00:55:46.494000+00:00,26856,31,577,1,-11.086,-3.274,-0.426,11.567,11.567,-2.113,196.456,0.014,0.012,0.009,32,
1986-01-25 00:55:48.414000+00:00,26856,31,609,1,-11.09,-3.271,-0.43,11.571,11.571,-2.132,196.434,0.013,0.01,0.016,32,
1986-01-25 00:55:50.334000+00:00,26856,31,641,1,-11.076,-3.273,-0.42,11.557,11.558,-2.082,196.463,0.014,0.016,0.013,32,
1986-01-25 00:55:52.254000+00:00,26856,31,673,1,-11.081,-3.276,-0.429,11.562,11.563,-2.125,196.468,0.017,0.01,0.01,32,
1986-01-25 00:55:54.174000+00:00,26856,31,705,1,-11.07,-3.269,-0.431,11.55,11.55,-2.139,196.454,0.011,0.01,0.016,32,
1986-01-25 00:55:56.094000+00:00,26856,31,737,1,-11.076,-3.263,-0.42,11.554,11.554,-2.085,196.414,0.011,0.013,0.014,32,
1986-01-25 00:55:58.014000+00:00,26856,31,769,1,-11.081,-3.26,-0.411,11.558,11.558,-2.038,196.394,0.016,0.012,0.012,32,
1986-01-25 00:55:59.934000+00:00,26856,32,1,1,-11.078,-3.272,-0.422,11.559,11.559,-2.091,196.456,0.018,0.013,0.012,32,
1986-01-25 00:56:01.854000+00:00,26856,32,33,1,-11.076,-3.273,-0.423,11.557,11.557,-2.096,196.461,0.011,0.014,0.018,32,
1986-01-25 00:56:03.774000+00:00,26856,32,65,1,-11.074,-3.267,-0.407,11.553,11.553,-2.021,196.439,0.008,0.019,0.01,32,
1986-01-25 00:56:05.694000+00:00,26856,32,97,1,-11.076,-3.267,-0.404,11.555,11.555,-2.006,196.435,0.014,0.011,0.015,32,
1986-01-25 00:56:07.614000+00:00,26856,32,129,1,-11.075,-3.263,-0.394,11.553,11.553,-1.953,196.418,0.012,0.013,0.013,32,
1986-01-25 00:56:09.534000+00:00,26856,32,161,1,-11.067,-3.272,-0.418,11.548,11.549,-2.072,196.472,0.009,0.018,0.013,32,
1986-01-25 00:56:11.454000+00:00,26856,32,193,1,-11.064,-3.26,-0.417,11.541,11.541,-2.068,196.418,0.019,0.012,0.011,32,
1986-01-25 00:56:13.374000+00:00,26856,32,225,1,-11.063,-3.257,-0.418,11.54,11.54,-2.077,196.405,0.011,0.01,0.015,32,
1986-01-25 00:56:15.294000+00:00,26856,32,257,1,-11.064,-3.257,-0.403,11.541,11.541,-2.001,196.404,0.01,0.017,0.011,32,
1986-01-25 00:56:17.214000+00:00,26856,32,289,1,-11.059,-3.267,-0.409,11.539,11.539,-2.031,196.457,0.018,0.01,0.012,32,
1986-01-25 00:56:19.134000+00:00,26856,32,321,1,-11.063,-3.267,-0.41,11.543,11.543,-2.035,196.454,0.012,0.012,0.015,32,
1986-01-25 00:56:21.054000+00:00,26856,32,353,1,-11.061,-3.256,-0.404,11.538,11.538,-2.007,196.403,0.011,0.016,0.014,32,
1986-01-25 00:56:22.974000+00:00,26856,32,385,1,-11.061,-3.255,-0.402,11.537,11.537,-1.998,196.398,0.014,0.011,0.016,32,
1986-01-25 00:56:24.894000+00:00,26856,32,417,1,-11.049,-3.261,-0.408,11.528,11.528,-2.028,196.443,0.01,0.012,0.012,32,
1986-01-25 00:56:26.814000+00:00,26856,32,449,1,-11.05,-3.261,-0.401,11.529,11.529,-1.994,196.444,0.011,0.018,0.013,32,
1986-01-25 00:56:28.734000+00:00,26856,32,481,1,-11.049,-3.251,-0.402,11.524,11.524,-1.999,196.397,0.018,0.011,0.014,32,
1986-01-25 00:56:30.654000+00:00,26856,32,513,1,-11.061,-3.247,-0.394,11.534,11.534,-1.958,196.359,0.011,0.016,0.018,32,
1986-01-25 00:56:32.574000+00:00,26856,32,545,1,-11.046,-3.262,-0.406,11.525,11.525,-2.021,196.451,0.01,0.015,0.01,32,
1986-01-25 00:56:34.494000+00:00,26856,32,577,1,-11.059,-3.257,-0.393,11.536,11.536,-1.955,196.41,0.015,0.01,0.012,32,
1986-01-25 00:56:36.414000+00:00,26856,32,609,1,-11.052,-3.257,-0.395,11.528,11.528,-1.964,196.423,0.013,0.013,0.012,32,
1986-01-25 00:56:38.334000+00:00,26856,32,641,1,-11.045,-3.254,-0.403,11.521,11.521,-2.003,196.417,0.012,0.016,0.012,32,
1986-01-25 00:56:40.254000+00:00,26856,32,673,1,-11.044,-3.245,-0.397,11.517,11.517,-1.977,196.376,0.016,0.011,0.015,32,
1986-01-25 00:56:42.174000+00:00,26856,32,705,1,-11.036,-3.255,-0.396,11.513,11.513,-1.97,196.434,0.012,0.012,0.011,32,
1986-01-25 00:56:44.094000+00:00,26856,32,737,1,-11.041,-3.251,-0.394,11.516,11.516,-1.961,196.406,0.011,0.013,0.012,32,
1986-01-25 00:56:46.014000+00:00,26856,32,769,1,-11.038,-3.245,-0.392,11.512,11.512,-1.95,196.383,0.016,0.014,0.016,32,
1986-01-25 00:56:47.933000+00:00,26856,33,1,1,-11.033,-3.237,-0.398,11.505,11.505,-1.981,196.352,0.01,0.007,0.012,32,
1986-01-25 00:56:49.853000+00:00,26856,33,33,1,-11.025,-3.244,-0.401,11.499,11.499,-1.999,196.396,0.011,0.009,0.015,32,
1986-01-25 00:56:51.773000+00:00,26856,33,65,1,-11.025,-3.243,-0.389,11.499,11.499,-1.937,196.39,0.013,0.014,0.011,32,
1986-01-25 00:56:53.693000+00:00,26856,33,97,1,-11.023,-3.245,-0.388,11.497,11.497,-1.934,196.403,0.016,0.01,0.013,32,
1986-01-25 00:56:55.613000+00:00,26856,33,129,1,-11.026,-3.247,-0.381,11.5,11.5,-1.897,196.408,0.012,0.01,0.012,32,
1986-01-25 00:56:57.533000+00:00,26856,33,161,1,-11.024,-3.251,-0.395,11.5,11.501,-1.971,196.432,0.012,0.012,0.011,32,
1986-01-25 00:56:59.453000+00:00,26856,33,193,1,-11.021,-3.245,-0.393,11.495,11.495,-1.96,196.407,0.011,0.012,0.014,32,
1986-01-25 00:57:01.373000+00:00,26856,33,225,1,-11.016,-3.255,-0.388,11.494,11.494,-1.936,196.459,0.013,0.011,0.009,32,
1986-01-25 00:57:03.293000+00:00,26856,33,257,1,-11.015,-3.252,-0.382,11.491,11.491,-1.906,196.449,0.01,0.012,0.014,32,
1986-01-25 00:57:05.213000+00:00,26856,33,289,1,-11.022,-3.251,-0.385,11.498,11.498,-1.921,196.435,0.007,0.013,0.014,32,
1986-01-25 00:57:07.133000+00:00,26856,33,321,1,-11.013,-3.243,-0.384,11.487,11.487,-1.918,196.409,0.011,0.012,0.015,32,
1986-01-25 00:57:09.053000+00:00,26856,33,353,1,-11.015,-3.241,-0.384,11.488,11.488,-1.915,196.395,0.011,0.012,0.011,32,
1986-01-25 00:57:10.973000+00:00,26856,33,385,1,-11.004,-3.233,-0.386,11.476,11.476,-1.926,196.373,0.009,0.013,0.009,32,
1986-01-25 00:57:12.893000+00:00,26856,33,417,1,-11.016,-3.233,-0.384,11.487,11.487,-1.918,196.354,0.013,0.011,0.012,32,
1986-01-25 00:57:14.813000+00:00,26856,33,449,1,-11.011,-3.234,-0.376,11.482,11.482,-1.879,196.367,0.01,0.013,0.012,32,
1986-01-25 00:57:16.733000+00:00,26856,33,481,1,-11.009,-3.232,-0.383,11.48,11.48,-1.912,196.359,0.014,0.009,0.008,32,
1986-01-25 00:57:18.653000+00:00,26856,33,513,1,-11.001,-3.238,-0.382,11.474,11.474,-1.91,196.401,0.014,0.011,0.011,32,
1986-01-25 00:57:20.573000+00:00,26856,33,545,1,-10.987,-3.235,-0.372,11.46,11.46,-1.863,196.404,0.008,0.008,0.013,32,
1986-01-25 00:57:22.493000+00:00,26856,33,577,1,-10.998,-3.24,-0.382,11.472,11.472,-1.909,196.412,0.014,0.012,0.01,32,
1986-01-25 00:57:24.413000+00:00,26856,33,609,1,-11.003,-3.231,-0.386,11.474,11.474,-1.929,196.365,0.012,0.014,0.012,32,
1986-01-25 00:57:26.333000+00:00,26856,33,641,1,-10.995,-3.229,-0.381,11.466,11.466,-1.902,196.368,0.01,0.011,0.007,32,
1986-01-25 00:57:28.253000+00:00,26856,33,673,1,-10.994,-3.227,-0.373,11.464,11.464,-1.865,196.359,0.013,0.012,0.011,32,
1986-01-25 00:57:30.173000+00:00,26856,33,705,1,-10.995,-3.234,-0.372,11.466,11.466,-1.861,196.391,0.011,0.012,0.011,32,
1986-01-25 00:57:32.093000+00:00,26856,33,737,1,-10.993,-3.238,-0.365,11.466,11.466,-1.825,196.414,0.007,0.007,0.011,32,
1986-01-25 00:57:34.013000+00:00,26856,33,769,1,-10.988,-3.236,-0.374,11.46,11.46,-1.872,196.411,0.015,0.013,0.008,32,
1986-01-25 00:57:35.933000+00:00,26856,34,1,1,-10.986,-3.219,-0.377,11.454,11.454,-1.884,196.33,0.012,0.012,0.011,32,
1986-01-25 00:57:37.853000+00:00,26856,34,33,1,-10.987,-3.218,-0.369,11.454,11.454,-1.848,196.324,0.011,0.008,0.013,32,
1986-01-25 00:57:39.773000+00:00,26856,34,65,1,-10.98,-3.225,-0.368,11.45,11.45,-1.842,196.366,0.009,0.013,0.011,32,
1986-01-25 00:57:41.693000+00:00,26856,34,97,1,-10.98,-3.214,-0.364,11.446,11.446,-1.821,196.316,0.013,0.011,0.012,32,
1986-01-25 00:57:43.613000+00:00,26856,34,129,1,-10.982,-3.208,-0.368,11.447,11.447,-1.845,196.284,0.012,0.009,0.013,32,
1986-01-25 00:57:45.533000+00:00,26856,34,161,1,-10.972,-3.208,-0.37,11.438,11.438,-1.853,196.299,0.008,0.016,0.01,32,
1986-01-25 00:57:47.453000+00:00,26856,34,193,1,-10.977,-3.225,-0.363,11.447,11.447,-1.818,196.37,0.011,0.012,0.013,32,
1986-01-25 00:57:49.373000+00:00,26856,34,225,1,-10.971,-3.231,-0.37,11.443,11.443,-1.851,196.409,0.012,0.013,0.014,32,
1986-01-25 00:57:51.293000+00:00,26856,34,257,1,-10.972,-3.229,-0.373,11.443,11.443,-1.87,196.4,0.009,0.016,0.012,32,
1986-01-25 00:57:53.213000+00:00,26856,34,289,1,-10.97,-3.218,-0.37,11.438,11.438,-1.855,196.349,0.015,0.01,0.011,32,
1986-01-25 00:57:55.133000+00:00,26856,34,321,1,-10.965,-3.218,-0.374,11.433,11.433,-1.873,196.355,0.012,0.013,0.015,32,
1986-01-25 00:57:57.053000+00:00,26856,34,353,1,-10.964,-3.224,-0.358,11.433,11.433,-1.793,196.387,0.009,0.013,0.014,32,
1986-01-25 00:57:58.973000+00:00,26856,34,385,1,-10.955,-3.22,-0.372,11.424,11.424,-1.866,196.382,0.017,0.011,0.008,32,
1986-01-25 00:58:00.893000+00:00,26856,34,417,1,-10.96,-3.215,-0.38,11.428,11.428,-1.904,196.349,0.009,0.011,0.013,32,
1986-01-25 00:58:02.813000+00:00,26856,34,449,1,-10.966,-3.211,-0.364,11.433,11.433,-1.825,196.319,0.007,0.01,0.014,32,
1986-01-25 00:58:04.733000+00:00,26856,34,481,1,-10.953,-3.211,-0.371,11.42,11.42,-1.863,196.341,0.015,0.011,0.01,32,
1986-01-25 00:58:06.653000+00:00,26856,34,513,1,-10.962,-3.212,-0.376,11.429,11.429,-1.883,196.333,0.009,0.016,0.014,32,
1986-01-25 00:58:08.573000+00:00,26856,34,545,1,-10.956,-3.219,-0.367,11.425,11.425,-1.838,196.375,0.012,0.019,0.01,32,
1986-01-25 00:58:10.493000+00:00,26856,34,577,1,-10.954,-3.21,-0.372,11.421,11.421,-1.869,196.334,0.014,0.01,0.01,32,
1986-01-25 00:58:12.413000+00:00,26856,34,609,1,-10.954,-3.224,-0.362,11.424,11.424,-1.813,196.398,0.011,0.011,0.019,32,
1986-01-25 00:58:14.333000+00:00,26856,34,641,1,-10.951,-3.223,-0.367,11.421,11.421,-1.839,196.397,0.008,0.014,0.011,32,
1986-01-25 00:58:16.253000+00:00,26856,34,673,1,-10.949,-3.221,-0.366,11.419,11.419,-1.836,196.395,0.011,0.009,0.014,32,
1986-01-25 00:58:18.173000+00:00,26856,34,705,1,-10.94,-3.223,-0.35,11.41,11.41,-1.759,196.414,0.01,0.009,0.014,32,
1986-01-25 00:58:20.093000+00:00,26856,34,737,1,-10.947,-3.213,-0.342,11.414,11.414,-1.717,196.359,0.008,0.012,0.01,32,
1986-01-25 00:58:22.013000+00:00,26856,34,769,1,-10.947,-3.221,-0.35,11.417,11.417,-1.756,196.397,0.007,0.01,0.011,32,
1986-01-25 00:58:23.933000+00:00,26856,35,1,1,-10.946,-3.218,-0.337,11.414,11.414,-1.69,196.381,0.019,0.01,0.014,32,
1986-01-25 00:58:25.853000+00:00,26856,35,33,1,-10.959,-3.215,-0.332,11.426,11.426,-1.667,196.348,0.005,0.009,0.015,32,
1986-01-25 00:58:27.773000+00:00,26856,35,65,1,-10.94,-3.212,-0.326,11.407,11.407,-1.64,196.363,0.015,0.016,0.009,32,
1986-01-25 00:58:29.693000+00:00,26856,35,97,1,-10.927,-3.211,-0.331,11.393,11.393,-1.667,196.376,0.016,0.009,0.015,32,
1986-01-25 00:58:31.613000+00:00,26856,35,129,1,-10.928,-3.216,-0.337,11.397,11.397,-1.694,196.399,0.007,0.011,0.018,32,
1986-01-25 00:58:33.533000+00:00,26856,35,161,1,-10.928,-3.216,-0.344,11.397,11.397,-1.732,196.4,0.014,0.019,0.014,32,
1986-01-25 00:58:35.453000+00:00,26856,35,193,1,-10.919,-3.219,-0.348,11.389,11.389,-1.753,196.427,0.015,0.009,0.016,32,
1986-01-25 00:58:37.373000+00:00,26856,35,225,1,-10.924,-3.209,-0.341,11.39,11.39,-1.713,196.372,0.009,0.01,0.016,32,
1986-01-25 00:58:39.293000+00:00,26856,35,257,1,-10.93,-3.205,-0.332,11.395,11.395,-1.67,196.345,0.012,0.013,0.009,32,
1986-01-25 00:58:41.213000+00:00,26856,35,289,1,-10.923,-3.203,-0.324,11.387,11.387,-1.63,196.342,0.015,0.007,0.013,32,
1986-01-25 00:58:43.133000+00:00,26856,35,321,1,-10.921,-3.208,-0.331,11.387,11.387,-1.665,196.373,0.007,0.01,0.022,32,
1986-01-25 00:58:45.053000+00:00,26856,35,353,1,-10.922,-3.211,-0.33,11.389,11.389,-1.66,196.382,0.006,0.017,0.005,32,
1986-01-25 00:58:46.973000+00:00,26856,35,385,1,-10.916,-3.205,-0.336,11.381,11.381,-1.689,196.361,0.015,0.009,0.014,32,
1986-01-25 00:58:48.893000+00:00,26856,35,417,1,-10.921,-3.207,-0.326,11.387,11.387,-1.643,196.364,0.007,0.01,0.01,32,
1986-01-25 00:58:50.813000+00:00,26856,35,449,1,-10.91,-3.205,-0.326,11.376,11.376,-1.64,196.37,0.011,0.015,0.012,32,
1986-01-25 00:58:52.733000+00:00,26856,35,481,1,-10.906,-3.214,-0.336,11.374,11.374,-1.691,196.421,0.016,0.007,0.013,32,
1986-01-25 00:58:54.653000+00:00,26856,35,513,1,-10.907,-3.208,-0.333,11.374,11.374,-1.678,196.387,0.007,0.011,0.016,32,
1986-01-25 00:58:56.573000+00:00,26856,35,545,1,-10.904,-3.201,-0.329,11.369,11.369,-1.657,196.361,0.012,0.019,0.012,32,
1986-01-25 00:58:58.493000+00:00,26856,35,577,1,-10.913,-3.199,-0.337,11.377,11.377,-1.698,196.338,0.019,0.008,0.012,32,
1986-01-25 00:59:00.413000+00:00,26856,35,609,1,-10.91,-3.215,-0.333,11.378,11.378,-1.679,196.419,0.009,0.013,0.013,32,
1986-01-25 00:59:02.333000+00:00,26856,35,641,1,-10.903,-3.196,-0.315,11.366,11.366,-1.588,196.337,0.011,0.017,0.006,32,
1986-01-25 00:59:04.253000+00:00,26856,35,673,1,-10.915,-3.189,-0.32,11.376,11.376,-1.614,196.288,0.013,0.01,0.012,32,
1986-01-25 00:59:06.173000+00:00,26856,35,705,1,-10.909,-3.198,-0.323,11.373,11.373,-1.629,196.338,0.01,0.013,0.014,32,
1986-01-25 00:59:08.093000+00:00,26856,35,737,1,-10.909,-3.192,-0.311,11.37,11.37,-1.567,196.31,0.012,0.014,0.008,32,
1986-01-25 00:59:10.013000+00:00,26856,35,769,1,-10.9,-3.197,-0.311,11.363,11.363,-1.568,196.346,0.016,0.011,0.016,32,
1986-01-25 00:59:11.933000+00:00,26856,36,1,1,-10.906,-3.191,-0.305,11.367,11.367,-1.539,196.312,0.013,0.008,0.008,32,
1986-01-25 00:59:13.853000+00:00,26856,36,33,1,-10.895,-3.204,-0.32,11.361,11.361,-1.612,196.388,0.009,0.017,0.021,32,
1986-01-25 00:59:15.773000+00:00,26856,36,65,1,-10.901,-3.198,-0.306,11.364,11.364,-1.542,196.349,0.015,0.015,0.007,32,
1986-01-25 00:59:17.693000+00:00,26856,36,97,1,-10.894,-3.198,-0.311,11.358,11.358,-1.571,196.359,0.018,0.008,0.004,32,
1986-01-25 00:59:19.613000+00:00,26856,36,129,1,-10.897,-3.197,-0.307,11.361,11.361,-1.548,196.35,0.009,0.012,0.014,32,
1986-01-25 00:59:21.533000+00:00,26856,36,161,1,-10.895,-3.193,-0.306,11.357,11.357,-1.542,196.335,0.014,0.013,0.009,32,
1986-01-25 00:59:23.453000+00:00,26856,36,193,1,-10.886,-3.199,-0.321,11.351,11.351,-1.62,196.377,0.013,0.01,0.008,32,
1986-01-25 00:59:25.373000+00:00,26856,36,225,1,-10.886,-3.195,-0.303,11.349,11.349,-1.529,196.354,0.007,0.011,0.011,32,
1986-01-25 00:59:27.293000+00:00,26856,36,257,1,-10.885,-3.195,-0.304,11.348,11.348,-1.533,196.358,0.012,0.01,0.009,32,
1986-01-25 00:59:29.213000+00:00,26856,36,289,1,-10.874,-3.188,-0.297,11.336,11.336,-1.501,196.341,0.014,0.008,0.008,32,
1986-01-25 00:59:31.133000+00:00,26856,36,321,1,-10.877,-3.185,-0.302,11.338,11.338,-1.526,196.323,0.006,0.012,0.014,32,
1986-01-25 00:59:33.053000+00:00,26856,36,353,1,-10.873,-3.192,-0.303,11.336,11.336,-1.53,196.362,0.015,0.012,0.01,32,
1986-01-25 00:59:34.973000+00:00,26856,36,385,1,-10.87,-3.186,-0.297,11.331,11.331,-1.503,196.338,0.012,0.007,0.007,32,
1986-01-25 00:59:36.893000+00:00,26856,36,417,1,-10.868,-3.187,-0.295,11.33,11.33,-1.493,196.344,0.01,0.01,0.015,32,
1986-01-25 00:59:38.813000+00:00,26856,36,449,1,-10.869,-3.195,-0.304,11.333,11.333,-1.536,196.381,0.014,0.012,0.006,32,
1986-01-25 00:59:40.733000+00:00,26856,36,481,1,-10.863,-3.191,-0.307,11.327,11.327,-1.554,196.37,0.018,0.008,0.006,32,
1986-01-25 00:59:42.653000+00:00,26856,36,513,1,-10.865,-3.185,-0.3,11.326,11.326,-1.517,196.337,0.01,0.01,0.018,32,
1986-01-25 00:59:44.573000+00:00,26856,36,545,1,-10.857,-3.197,-0.308,11.322,11.322,-1.557,196.407,0.012,0.013,0.008,32,
1986-01-25 00:59:46.493000+00:00,26856,36,577,1,-10.859,-3.186,-0.292,11.321,11.321,-1.48,196.351,0.016,0.009,0.007,32,
1986-01-25 00:59:48.413000+00:00,26856,36,609,1,-10.863,-3.184,-0.296,11.324,11.324,-1.5,196.338,0.011,0.01,0.012,32,
1986-01-25 00:59:50.333000+00:00,26856,36,641,1,-10.863,-3.179,-0.29,11.322,11.322,-1.47,196.31,0.014,0.017,0.012,32,
1986-01-25 00:59:52.253000+00:00,26856,36,673,1,-10.861,-3.191,-0.291,11.324,11.324,-1.473,196.371,0.016,0.01,0.011,32,
1986-01-25 00:59:54.173000+00:00,26856,36,705,1,-10.861,-3.188,-0.292,11.323,11.323,-1.48,196.359,0.008,0.009,0.015,32,
1986-01-25 00:59:56.093000+00:00,26856,36,737,1,-10.862,-3.181,-0.302,11.322,11.322,-1.527,196.322,0.012,0.014,0.009,32,
1986-01-25 00:59:58.013000+00:00,26856,36,769,1,-10.851,-3.185,-0.293,11.312,11.312,-1.483,196.357,0.012,0.009,0.01,32,
1986-01-25 00:59:59.933000+00:00,26856,37,1,1,-10.855,-3.184,-0.289,11.316,11.316,-1.464,196.347,0.015,0.008,0.016,32,
1986-01-25 01:00:01.853000+00:00,26856,37,33,1,-10.856,-3.189,-0.297,11.318,11.318,-1.503,196.368,0.008,0.013,0.013,32,
1986-01-25 01:00:03.773000+00:00,26856,37,65,1,-10.856,-3.181,-0.287,11.316,11.316,-1.455,196.332,0.007,0.013,0.009,32,
1986-01-25 01:00:05.693000+00:00,26856,37,97,1,-10.851,-3.181,-0.284,11.312,11.312,-1.438,196.34,0.019,0.01,0.013,32,
1986-01-25 01:00:07.613000+00:00,26856,37,129,1,-10.853,-3.186,-0.289,11.315,11.315,-1.465,196.359,0.009,0.018,0.014,32,
1986-01-25 01:00:09.533000+00:00,26856,37,161,1,-10.846,-3.176,-0.278,11.305,11.305,-1.407,196.321,0.008,0.015,0.008,32,
1986-01-25 01:00:11.453000+00:00,26856,37,193,1,-10.853,-3.172,-0.274,11.31,11.31,-1.386,196.291,0.018,0.009,0.008,32,
1986-01-25 01:00:13.373000+00:00,26856,37,225,1,-10.847,-3.181,-0.286,11.308,11.308,-1.449,196.345,0.008,0.012,0.014,32,
1986-01-25 01:00:15.293000+00:00,26856,37,257,1,-10.844,-3.179,-0.282,11.304,11.304,-1.43,196.337,0.01,0.016,0.008,32,
1986-01-25 01:00:17.213000+00:00,26856,37,289,1,-10.84,-3.174,-0.284,11.299,11.299,-1.439,196.323,0.015,0.012,0.011,32,
1986-01-25 01:00:19.133000+00:00,26856,37,321,1,-10.836,-3.171,-0.281,11.294,11.294,-1.425,196.31,0.008,0.018,0.013,32,
1986-01-25 01:00:21.053000+00:00,26856,37,353,1,-10.832,-3.163,-0.277,11.288,11.288,-1.407,196.28,0.01,0.016,0.007,32,
1986-01-25 01:00:22.973000+00:00,26856,37,385,1,-10.834,-3.166,-0.277,11.29,11.29,-1.407,196.29,0.017,0.009,0.013,32,
1986-01-25 01:00:24.893000+00:00,26856,37,417,1,-10.822,-3.176,-0.276,11.282,11.282,-1.401,196.357,0.008,0.016,0.016,32,
1986-01-25 01:00:26.813000+00:00,26856,37,449,1,-10.816,-3.164,-0.266,11.273,11.273,-1.353,196.305,0.008,0.016,0.008,32,
1986-01-25 01:00:28.733000+00:00,26856,37,481,1,-10.822,-3.164,-0.271,11.278,11.278,-1.377,196.297,0.016,0.006,0.014,32,
1986-01-25 01:00:30.653000+00:00,26856,37,513,1,-10.815,-3.17,-0.274,11.273,11.273,-1.395,196.335,0.009,0.015,0.014,32,
1986-01-25 01:00:32.573000+00:00,26856,37,545,1,-10.818,-3.164,-0.267,11.275,11.275,-1.356,196.301,0.014,0.017,0.007,32,
1986-01-25 01:00:34.493000+00:00,26856,37,577,1,-10.812,-3.163,-0.264,11.268,11.268,-1.341,196.306,0.011,0.009,0.011,32,
1986-01-25 01:00:36.413000+00:00,26856,37,609,1,-10.814,-3.156,-0.256,11.268,11.268,-1.303,196.267,0.008,0.013,0.016,32,
1986-01-25 01:00:38.333000+00:00,26856,37,641,1,-10.824,-3.161,-0.255,11.279,11.279,-1.297,196.278,0.011,0.016,0.007,32,
1986-01-25 01:00:40.253000+00:00,26856,37,673,1,-10.823,-3.164,-0.267,11.279,11.279,-1.356,196.298,0.014,0.008,0.007,32,
1986-01-25 01:00:42.173000+00:00,26856,37,705,1,-10.811,-3.164,-0.264,11.268,11.268,-1.342,196.314,0.009,0.013,0.012,32,
1986-01-25 01:00:44.093000+00:00,26856,37,737,1,-10.809,-3.164,-0.261,11.265,11.265,-1.326,196.314,0.012,0.013,0.008,32,
1986-01-25 01:00:46.013000+00:00,26856,37,769,1,-10.812,-3.164,-0.258,11.268,11.268,-1.314,196.31,0.017,0.008,0.007,32,
1986-01-25 01:00:47.933000+00:00,26856,38,1,1,-10.814,-3.159,-0.255,11.268,11.268,-1.299,196.282,0.011,0.004,0.013,32,
1986-01-25 01:00:49.853000+00:00,26856,38,33,1,-10.81,-3.157,-0.253,11.264,11.264,-1.287,196.279,0.008,0.012,0.009,32,
1986-01-25 01:00:51.773000+00:00,26856,38,65,1,-10.809,-3.162,-0.251,11.264,11.264,-1.278,196.304,0.007,0.013,0.007,32,
1986-01-25 01:00:53.693000+00:00,26856,38,97,1,-10.812,-3.16,-0.249,11.267,11.267,-1.265,196.29,0.012,0.006,0.014,32,
1986-01-25 01:00:55.613000+00:00,26856,38,129,1,-10.81,-3.168,-0.262,11.267,11.267,-1.333,196.333,0.008,0.014,0.011,32,
1986-01-25 01:00:57.533000+00:00,26856,38,161,1,-10.806,-3.159,-0.251,11.261,11.261,-1.279,196.294,0.009,0.012,0.004,32,
1986-01-25 01:00:59.453000+00:00,26856,38,193,1,-10.808,-3.154,-0.251,11.262,11.262,-1.278,196.268,0.012,0.006,0.013,32,
1986-01-25 01:01:01.373000+00:00,26856,38,225,1,-10.805,-3.168,-0.26,11.263,11.263,-1.321,196.341,0.004,0.01,0.008,32,
1986-01-25 01:01:03.293000+00:00,26856,38,257,1,-10.799,-3.164,-0.256,11.256,11.256,-1.301,196.328,0.009,0.011,0.007,32,
1986-01-25 01:01:05.213000+00:00,26856,38,289,1,-10.801,-3.166,-0.261,11.258,11.258,-1.328,196.338,0.011,0.009,0.011,32,
1986-01-25 01:01:07.133000+00:00,26856,38,321,1,-10.799,-3.169,-0.263,11.258,11.258,-1.339,196.353,0.006,0.012,0.01,32,
1986-01-25 01:01:09.053000+00:00,26856,38,353,1,-10.79,-3.163,-0.264,11.247,11.247,-1.345,196.341,0.011,0.014,0.008,32,
1986-01-25 01:01:10.973000+00:00,26856,38,385,1,-10.793,-3.161,-0.259,11.249,11.249,-1.32,196.327,0.017,0.008,0.009,32,
1986-01-25 01:01:12.893000+00:00,26856,38,417,1,-10.784,-3.166,-0.26,11.242,11.242,-1.326,196.361,0.009,0.014,0.009,32,
1986-01-25 01:01:14.813000+00:00,26856,38,449,1,-10.794,-3.163,-0.258,11.251,11.251,-1.313,196.332,0.011,0.014,0.008,32,
1986-01-25 01:01:16.733000+00:00,26856,38,481,1,-10.788,-3.154,-0.253,11.243,11.243,-1.287,196.295,0.014,0.005,0.012,32,
1986-01-25 01:01:18.653000+00:00,26856,38,513,1,-10.778,-3.15,-0.244,11.232,11.232,-1.242,196.293,0.009,0.014,0.015,32,
1986-01-25 01:01:20.573000+00:00,26856,38,545,1,-10.776,-3.149,-0.245,11.23,11.23,-1.25,196.291,0.009,0.015,0.007,32,
1986-01-25 01:01:22.493000+00:00,26856,38,577,1,-10.77,-3.153,-0.246,11.225,11.225,-1.253,196.316,0.011,0.006,0.012,32,
1986-01-25 01:01:24.413000+00:00,26856,38,609,1,-10.769,-3.146,-0.242,11.221,11.221,-1.236,196.286,0.009,0.014,0.01,32,
1986-01-25 01:01:26.333000+00:00,26856,38,641,1,-10.761,-3.147,-0.244,11.214,11.214,-1.247,196.3,0.011,0.009,0.005,32,
1986-01-25 01:01:28.253000+00:00,26856,38,673,1,-10.766,-3.149,-0.243,11.22,11.22,-1.242,196.302,0.013,0.011,0.008,32,
1986-01-25 01:01:30.173000+00:00,26856,38,705,1,-10.766,-3.149,-0.243,11.22,11.22,-1.239,196.304,0.005,0.014,0.012,32,
1986-01-25 01:01:32.093000+00:00,26856,38,737,1,-10.758,-3.153,-0.249,11.214,11.214,-1.272,196.335,0.01,0.009,0.008,32,
1986-01-25 01:01:34.013000+00:00,26856,38,769,1,-10.772,-3.147,-0.241,11.225,11.225,-1.228,196.288,0.014,0.006,0.013,32,
1986-01-25 01:01:35.933000+00:00,26856,39,1,1,-10.769,-3.15,-0.242,11.223,11.223,-1.237,196.304,0.012,,,32,
1986-01-25 01:01:37.853000+00:00,26856,39,33,1,-10.767,-3.147,-0.242,11.22,11.22,-1.234,196.29,0.006,,,32,
1986-01-25 01:01:39.773000+00:00,26856,39,65,1,-10.754,-3.148,-0.239,11.208,11.208,-1.22,196.317,0.012,,,32,
1986-01-25 01:01:41.693000+00:00,26856,39,97,1,-10.757,-3.147,-0.24,11.21,11.21,-1.226,196.308,0.008,,,32,
1986-01-25 01:01:43.613000+00:00,26856,39,129,1,-10.759,-3.143,-0.237,11.211,11.211,-1.212,196.286,0.008,,,32,
1986-01-25 01:01:45.533000+00:00,26856,39,161,1,-10.755,-3.147,-0.242,11.209,11.209,-1.235,196.311,0.012,,,32,
1986-01-25 01:01:47.453000+00:00,26856,39,193,1,,,,,,,,,,,0,
1986-01-25 01:01:49.373000+00:00,26856,39,225,1,,,,,,,,,,,0,
1986-01-25 01:01:51.293000+00:00,26856,39,257,1,,,,,,,,,,,0,
1986-01-25 01:01:53.213000+00:00,26856,39,289,1,,,,,,,,,,,0,
1986-01-25 01:01:55.133000+00:00,26856,39,321,1,,,,,,,,,,,0,
1986-01-25 01:01:57.053000+00:00,26856,39,353,1,,,,,,,,,,,0,
1986-01-25 01:01:58.973000+00:00,26856,39,385,1,,,,,,,,,,,0,
1986-01-25 01:02:00.893000+00:00,26856,39,417,1,,,,,,,,,,,0,
1986-01-25 01:02:02.813000+00:00,26856,39,449,1,,,,,,,,,,,0,
1986-01-25 01:02:04.733000+00:00,26856,39,481,1,,,,,,,,,,,0,
1986-01-25 01:02:06.653000+00:00,26856,39,513,1,,,,,,,,,,,0,
1986-01-25 01:02:08.573000+00:00,26856,39,545,1,,,,,,,,,,,0,
1986-01-25 01:02:10.493000+00:00,26856,39,577,1,,,,,,,,,,,0,
1986-01-25 01:02:12.413000+00:00,26856,39,609,1,,,,,,,,,,,0,
1986-01-25 01:02:14.333000+00:00,26856,39,641,1,,,,,,,,,,,0,
1986-01-25 01:02:16.253000+00:00,26856,39,673,1,,,,,,,,,,,0,
1986-01-25 01:02:18.173000+00:00,26856,39,705,1,,,,,,,,,,,0,
1986-01-25 01:02:20.093000+00:00,26856,39,737,1,,,,,,,,,,,0,
1986-01-25 01:02:22.013000+00:00,26856,39,769,1,,,,,,,,,,,0,
1986-01-25 01:19:59.932000+00:00,26857,2,1,1,,,,,,,,,,,0,T
1986-01-25 01:20:01.852000+00:00,26857,2,33,1,,,,,,,,,,,0,T
1986-01-25 01:20:03.772000+00:00,26857,2,65,1,,,,,,,,,,,0,T
1986-01-25 01:20:05.692000+00:00,26857,2,97,1,-9.828,-2.788,0.228,10.219,10.219,1.277,195.836,,0.009,0.008,32,T
1986-01-25 01:20:07.612000+00:00,26857,2,129,1,-9.839,-2.791,0.228,10.23,10.23,1.28,195.839,,0.008,0.012,32,T
1986-01-25 01:20:09.532000+00:00,26857,2,161,1,-9.834,-2.793,0.228,10.226,10.226,1.279,195.856,,0.006,0.011,32,T
1986-01-25 01:20:11.452000+00:00,26857,2,193,1,-9.832,-2.785,0.23,10.221,10.221,1.29,195.817,,0.013,0.012,32,T
1986-01-25 01:20:13.372000+00:00,26857,2,225,1,-9.83,-2.789,0.233,10.221,10.221,1.306,195.84,,0.008,0.012,32,T
1986-01-25 01:20:15.292000+00:00,26857,2,257,1,-9.832,-2.785,0.228,10.221,10.221,1.279,195.817,,0.009,0.008,32,T
1986-01-25 01:20:17.212000+00:00,26857,2,289,1,-9.831,-2.793,0.227,10.222,10.222,1.273,195.858,0.013,0.013,0.011,32,T
1986-01-25 01:20:19.132000+00:00,26857,2,321,1,-9.829,-2.79,0.236,10.22,10.22,1.32,195.846,0.009,0.007,0.011,32,T
1986-01-25 01:20:21.052000+00:00,26857,2,353,1,-9.823,-2.789,0.235,10.214,10.214,1.32,195.85,0.01,0.013,0.01,32,T
1986-01-25 01:20:22.972000+00:00,26857,2,385,1,-9.827,-2.785,0.241,10.217,10.217,1.351,195.824,0.014,0.009,0.008,32,T
1986-01-25 01:20:24.892000+00:00,26857,2,417,1,-9.822,-2.795,0.238,10.215,10.215,1.335,195.887,0.01,0.009,,32,T
1986-01-25 01:20:26.812000+00:00,26857,2,449,1,-9.826,-2.793,0.235,10.218,10.218,1.32,195.867,0.012,0.011,,32,T
1986-01-25 01:20:28.732000+00:00,26857,2,481,1,-9.822,-2.791,0.229,10.213,10.213,1.287,195.864,0.014,0.013,,32,T
1986-01-25 01:20:30.652000+00:00,26857,2,513,1,-9.829,-2.782,0.241,10.218,10.218,1.352,195.804,0.011,0.008,0.015,32,T
1986-01-25 01:20:32.572000+00:00,26857,2,545,1,-9.828,-2.784,0.236,10.217,10.217,1.326,195.816,0.01,0.009,0.011,32,T
1986-01-25 01:20:34.492000+00:00,26857,2,577,1,-9.817,-2.781,0.247,10.206,10.206,1.385,195.817,0.007,0.01,0.01,32,T
1986-01-25 01:20:36.412000+00:00,26857,2,609,1,-9.814,-2.78,0.24,10.203,10.203,1.35,195.814,0.01,0.01,,32,T
1986-01-25 01:20:38.332000+00:00,26857,2,641,1,-9.823,-2.785,0.239,10.213,10.213,1.34,195.831,0.01,0.01,,32,T
1986-01-25 01:20:40.252000+00:00,26857,2,673,1,,,,,,,,,,,0,T
1986-01-25 01:20:42.172000+00:00,26857,2,705,1,-9.813,-2.781,0.245,10.203,10.203,1.373,195.823,0.01,0.006,,32,T
1986-01-25 01:20:44.092000+00:00,26857,2,737,1,,,,,,,,,,,0,T
1986-01-25 01:20:46.012000+00:00,26857,2,769,1,,,,,,,,,,,0,T
1986-01-25 01:20:47.932000+00:00,26857,3,1,1,-9.799,-2.777,0.236,10.188,10.188,1.325,195.822,0.007,0.011,0.014,32,
1986-01-25 01:20:49.852000+00:00,26857,3,33,1,-9.805,-2.781,0.236,10.194,10.194,1.325,195.833,0.006,0.016,0.018,32,
1986-01-25 01:20:51.772000+00:00,26857,3,65,1,-9.807,-2.773,0.246,10.194,10.194,1.384,195.791,0.011,0.014,0.009,32,
1986-01-25 01:20:53.692000+00:00,26857,3,97,1,-9.804,-2.773,0.244,10.192,10.192,1.374,195.793,0.012,0.012,0.015,32,
1986-01-25 01:20:55.612000+00:00,26857,3,129,1,-9.802,-2.781,0.238,10.192,10.192,1.336,195.84,0.009,0.011,0.014,32,
1986-01-25 01:20:57.532000+00:00,26857,3,161,1,-9.801,-2.769,0.25,10.188,10.188,1.409,195.774,0.01,0.013,0.011,32,
1986-01-25 01:20:59.452000+00:00,26857,3,193,1,-9.805,-2.782,0.241,10.195,10.195,1.356,195.838,0.021,0.004,0.016,32,
1986-01-25 01:21:01.372000+00:00,26857,3,225,1,-9.795,-2.783,0.242,10.186,10.186,1.362,195.861,0.01,0.014,0.018,32,
1986-01-25 01:21:03.292000+00:00,26857,3,257,1,-9.795,-2.784,0.243,10.186,10.186,1.369,195.866,0.009,0.014,0.013,32,
1986-01-25 01:21:05.212000+00:00,26857,3,289,1,-9.801,-2.781,0.241,10.191,10.191,1.355,195.844,0.017,0.004,0.01,32,
1986-01-25 01:21:07.132000+00:00,26857,3,321,1,-9.799,-2.769,0.247,10.186,10.186,1.387,195.781,0.007,0.014,0.014,32,
1986-01-25 01:21:09.052000+00:00,26857,3,353,1,-9.796,-2.766,0.25,10.182,10.182,1.409,195.768,0.007,0.015,0.008,32,
1986-01-25 01:21:10.972000+00:00,26857,3,385,1,-9.79,-2.766,0.25,10.177,10.177,1.41,195.775,0.009,0.007,0.006,32,
1986-01-25 01:21:12.892000+00:00,26857,3,417,1,-9.786,-2.76,0.26,10.171,10.171,1.462,195.748,0.008,0.014,0.016,32,
1986-01-25 01:21:14.812000+00:00,26857,3,449,1,-9.787,-2.761,0.259,10.172,10.172,1.457,195.751,0.01,0.016,0.004,32,
1986-01-25 01:21:16.732000+00:00,26857,3,481,1,-9.781,-2.761,0.255,10.166,10.166,1.435,195.763,0.015,0.007,0.009,32,
1986-01-25 01:21:18.652000+00:00,26857,3,513,1,-9.786,-2.761,0.264,10.171,10.171,1.485,195.756,0.008,0.017,0.014,32,
1986-01-25 01:21:20.572000+00:00,26857,3,545,1,-9.783,-2.762,0.262,10.168,10.168,1.474,195.765,0.009,0.017,0.004,32,
1986-01-25 01:21:22.492000+00:00,26857,3,577,1,-9.781,-2.751,0.271,10.165,10.165,1.527,195.71,0.011,0.01,0.012,32,
1986-01-25 01:21:24.412000+00:00,26857,3,609,1,-9.764,-2.76,0.271,10.15,10.15,1.528,195.785,0.009,0.018,0.013,32,
1986-01-25 01:21:26.332000+00:00,26857,3,641,1,-9.762,-2.755,0.262,10.147,10.147,1.481,195.761,0.011,0.016,0.011,32,
1986-01-25 01:21:28.252000+00:00,26857,3,673,1,-9.765,-2.753,0.256,10.149,10.149,1.444,195.742,0.01,0.007,0.006,32,
1986-01-25 01:21:30.172000+00:00,26857,3,705,1,-9.763,-2.759,0.251,10.149,10.149,1.416,195.779,0.009,0.013,0.019,32,
1986-01-25 01:21:32.092000+00:00,26857,3,737,1,-9.757,-2.766,0.254,10.144,10.144,1.433,195.829,0.011,0.016,0.006,32,
1986-01-25 01:21:34.012000+00:00,26857,3,769,1,-9.761,-2.751,0.262,10.144,10.144,1.481,195.739,0.014,0.01,0.006,32,
1986-01-25 01:21:35.932000+00:00,26857,4,1,1,-9.762,-2.752,0.26,10.145,10.146,1.471,195.746,0.016,,0.012,32,O
1986-01-25 01:21:37.852000+00:00,26857,4,33,1,-9.763,-2.759,0.252,10.148,10.148,1.421,195.78,0.006,,0.018,32,O
1986-01-25 01:21:39.772000+00:00,26857,4,65,1,-9.769,-2.753,0.266,10.153,10.153,1.504,195.741,0.008,0.017,0.008,32,O
1986-01-25 01:21:41.692000+00:00,26857,4,97,1,-9.756,-2.754,0.257,10.141,10.141,1.452,195.763,0.016,0.013,0.012,32,O
1986-01-25 01:21:43.612000+00:00,26857,4,129,1,-9.753,-2.756,0.263,10.138,10.138,1.486,195.779,0.008,0.01,0.015,32,O
1986-01-25 01:21:45.532000+00:00,26857,4,161,1,-9.754,-2.76,0.247,10.14,10.14,1.398,195.8,0.009,0.014,0.007,32,O
1986-01-25 01:21:47.452000+00:00,26857,4,193,1,-9.762,-2.758,0.253,10.147,10.147,1.43,195.778,0.014,0.014,0.014,32,O
1986-01-25 01:21:49.372000+00:00,26857,4,225,1,-9.76,-2.767,0.263,10.148,10.148,1.484,195.826,0.009,0.01,0.015,26,O
1986-01-25 01:21:51.292000+00:00,26857,4,257,1,,,,,,,,,,,0,O
1986-01-25 01:21:53.212000+00:00,26857,4,289,1,-9.757,-2.769,0.252,10.146,10.146,1.426,195.846,0.018,0.01,0.013,30,O
1986-01-25 01:21:55.132000+00:00,26857,4,321,1,-9.752,-2.772,0.262,10.142,10.142,1.479,195.869,0.005,0.01,0.015,32,O
1986-01-25 01:21:57.052000+00:00,26857,4,353,1,-9.754,-2.764,0.258,10.141,10.141,1.456,195.82,0.011,0.014,0.009,32,O
1986-01-25 01:21:58.972000+00:00,26857,4,385,1,-9.761,-2.749,0.274,10.145,10.145,1.546,195.729,0.013,0.008,0.016,32,O
1986-01-25 01:22:00.892000+00:00,26857,4,417,1,-9.761,-2.744,0.273,10.143,10.143,1.54,195.702,0.011,0.011,0.016,32,O
1986-01-25 01:22:02.812000+00:00,26857,4,449,1,,,,,,,,,,,0,O
1986-01-25 01:22:04.732000+00:00,26857,4,481,1,-9.746,-2.741,0.27,10.128,10.128,1.526,195.711,0.015,0.009,0.013,32,O
1986-01-25 01:22:06.652000+00:00,26857,4,513,1,-9.751,-2.753,0.266,10.136,10.136,1.503,195.767,0.008,0.01,0.015,32,O
1986-01-25 01:22:08.572000+00:00,26857,4,545,1,-9.752,-2.752,0.267,10.136,10.136,1.512,195.758,0.007,,0.007,32,O
1986-01-25 01:22:10.492000+00:00,26857,4,577,1,-9.74,-2.749,0.268,10.124,10.124,1.516,195.758,0.015,,0.014,32,O
1986-01-25 01:22:12.412000+00:00,26857,4,609,1,-9.74,-2.755,0.26,10.125,10.125,1.474,195.795,0.005,,0.015,32,O
1986-01-25 01:22:14.332000+00:00,26857,4,641,1,-9.745,-2.755,0.267,10.131,10.131,1.509,195.785,0.007,0.013,0.013,32,O
1986-01-25 01:22:16.252000+00:00,26857,4,673,1,-9.736,-2.75,0.268,10.12,10.12,1.517,195.775,0.013,0.005,0.015,32,O
1986-01-25 01:22:18.172000+00:00,26857,4,705,1,-9.742,-2.745,0.272,10.125,10.125,1.54,195.734,0.015,0.015,0.014,32,O
1986-01-25 01:22:20.092000+00:00,26857,4,737,1,-9.739,-2.758,0.27,10.125,10.125,1.527,195.81,0.006,0.018,0.011,32,O
1986-01-25 01:22:22.012000+00:00,26857,4,769,1,-9.732,-2.741,0.283,10.115,10.115,1.603,195.732,,0.009,0.011,32,O
1986-01-25 01:22:23.932000+00:00,26857,5,1,1,-9.723,-2.747,0.275,10.107,10.107,1.559,195.778,0.017,0.012,0.005,32,
1986-01-25 01:22:25.852000+00:00,26857,5,33,1,-9.724,-2.757,0.264,10.111,10.111,1.498,195.829,0.011,0.009,0.013,32,
1986-01-25 01:22:27.772000+00:00,26857,5,65,1,-9.725,-2.75,0.278,10.11,10.11,1.576,195.789,0.014,0.013,0.015,32,
1986-01-25 01:22:29.692000+00:00,26857,5,97,1,-9.719,-2.748,0.269,10.103,10.103,1.527,195.79,0.015,0.015,0.009,32,
1986-01-25 01:22:31.612000+00:00,26857,5,129,1,-9.712,-2.752,0.271,10.098,10.098,1.538,195.822,0.012,0.01,0.012,32,
1986-01-25 01:22:33.532000+00:00,26857,5,161,1,-9.719,-2.762,0.27,10.108,10.108,1.533,195.865,0.017,0.011,0.016,32,
1986-01-25 01:22:35.452000+00:00,26857,5,193,1,-9.718,-2.752,0.27,10.103,10.104,1.532,195.812,0.014,0.011,0.008,32,
1986-01-25 01:22:37.372000+00:00,26857,5,225,1,-9.707,-2.75,0.286,10.093,10.093,1.622,195.82,0.012,0.011,0.016,32,
1986-01-25 01:22:39.292000+00:00,26857,5,257,1,-9.713,-2.741,0.284,10.096,10.096,1.609,195.762,0.011,0.017,0.014,32,
1986-01-25 01:22:41.212000+00:00,26857,5,289,1,-9.712,-2.742,0.284,10.095,10.095,1.613,195.767,0.016,0.011,0.007,32,
1986-01-25 01:22:43.132000+00:00,26857,5,321,1,-9.714,-2.742,0.286,10.097,10.097,1.625,195.764,0.011,0.01,0.011,32,
1986-01-25 01:22:45.052000+00:00,26857,5,353,1,-9.713,-2.743,0.274,10.096,10.096,1.555,195.771,0.012,0.015,0.014,32,
1986-01-25 01:22:46.972000+00:00,26857,5,385,1,-9.707,-2.747,0.279,10.092,10.092,1.586,195.799,0.017,0.015,0.008,32,
1986-01-25 01:22:48.892000+00:00,26857,5,417,1,-9.703,-2.752,0.275,10.089,10.089,1.564,195.832,0.014,0.007,0.014,32,
1986-01-25 01:22:50.812000+00:00,26857,5,449,1,-9.711,-2.741,0.283,10.095,10.095,1.608,195.763,0.013,0.013,0.013,32,
1986-01-25 01:22:52.732000+00:00,26857,5,481,1,-9.707,-2.742,0.293,10.091,10.091,1.663,195.776,0.014,0.015,0.004,32,
1986-01-25 01:22:54.652000+00:00,26857,5,513,1,-9.703,-2.752,0.28,10.089,10.089,1.588,195.834,0.014,0.008,0.013,32,
1986-01-25 01:22:56.572000+00:00,26857,5,545,1,-9.709,-2.747,0.296,10.094,10.094,1.682,195.799,0.012,0.013,0.016,32,
1986-01-25 01:22:58.492000+00:00,26857,5,577,1,-9.703,-2.745,0.303,10.088,10.088,1.723,195.794,0.018,0.009,0.01,32,
1986-01-25 01:23:00.412000+00:00,26857,5,609,1,-9.7,-2.749,0.289,10.086,10.086,1.644,195.824,0.012,0.01,0.011,32,
1986-01-25 01:23:02.332000+00:00,26857,5,641,1,-9.699,-2.743,0.292,10.084,10.084,1.658,195.789,0.014,0.014,0.014,32,
1986-01-25 01:23:04.252000+00:00,26857,5,673,1,-9.705,-2.746,0.287,10.091,10.091,1.629,195.8,0.021,0.012,0.01,32,
1986-01-25 01:23:06.172000+00:00,26857,5,705,1,-9.701,-2.743,0.292,10.086,10.086,1.657,195.79,0.015,0.005,0.008,32,
1986-01-25 01:23:08.092000+00:00,26857,5,737,1,-9.699,-2.737,0.298,10.082,10.082,1.691,195.761,0.009,0.02,0.012,32,
1986-01-25 01:23:10.012000+00:00,26857,5,769,1,-9.698,-2.751,0.305,10.085,10.085,1.735,195.84,0.012,0.015,0.01,32,
1986-01-25 01:23:11.932000+00:00,26857,6,1,1,-9.699,-2.741,0.299,10.083,10.083,1.697,195.781,0.012,0.013,0.015,32,
1986-01-25 01:23:13.852000+00:00,26857,6,33,1,-9.693,-2.738,0.302,10.077,10.077,1.719,195.772,0.017,0.012,0.014,32,
1986-01-25 01:23:15.772000+00:00,26857,6,65,1,-9.684,-2.748,0.299,10.071,10.071,1.702,195.844,0.011,0.013,0.007,32,
1986-01-25 01:23:17.692000+00:00,26857,6,97,1,-9.688,-2.737,0.306,10.071,10.072,1.738,195.778,0.008,0.015,0.011,32,
1986-01-25 01:23:19.612000+00:00,26857,6,129,1,-9.689,-2.739,0.294,10.073,10.073,1.671,195.785,0.016,0.012,0.014,32,
1986-01-25 01:23:21.532000+00:00,26857,6,161,1,-9.689,-2.733,0.292,10.072,10.072,1.663,195.751,0.012,0.016,0.013,32,
1986-01-25 01:23:23.452000+00:00,26857,6,193,1,-9.682,-2.733,0.289,10.065,10.065,1.647,195.763,0.015,0.014,0.01,32,
1986-01-25 01:23:25.372000+00:00,26857,6,225,1,-9.686,-2.734,0.302,10.069,10.069,1.721,195.765,0.013,0.012,0.018,32,
1986-01-25 01:23:27.292000+00:00,26857,6,257,1,-9.685,-2.731,0.297,10.067,10.067,1.688,195.75,0.013,0.012,0.014,32,
1986-01-25 01:23:29.212000+00:00,26857,6,289,1,-9.672,-2.731,0.3,10.055,10.055,1.711,195.766,0.011,0.014,0.012,32,
1986-01-25 01:23:31.132000+00:00,26857,6,321,1,-9.681,-2.719,0.306,10.06,10.06,1.744,195.691,0.017,0.012,0.015,32,
1986-01-25 01:23:33.052000+00:00,26857,6,353,1,-9.68,-2.729,0.307,10.062,10.062,1.748,195.744,0.014,0.015,0.014,32,
1986-01-25 01:23:34.972000+00:00,26857,6,385,1,-9.681,-2.721,0.293,10.061,10.061,1.671,195.698,0.012,0.009,0.011,32,
1986-01-25 01:23:36.892000+00:00,26857,6,417,1,-9.679,-2.727,0.297,10.061,10.061,1.694,195.732,0.015,0.012,0.011,22,
1986-01-25 01:23:38.812000+00:00,26857,6,449,1,-9.681,-2.725,0.302,10.062,10.062,1.72,195.721,0.012,0.015,0.012,32,
1986-01-25 01:23:40.732000+00:00,26857,6,481,1,-9.681,-2.724,0.305,10.062,10.062,1.735,195.717,0.013,0.009,0.009,32,
1986-01-25 01:23:42.652000+00:00,26857,6,513,1,-9.683,-2.721,0.301,10.062,10.062,1.714,195.698,0.013,0.013,0.014,32,
1986-01-25 01:23:44.572000+00:00,26857,6,545,1,-9.673,-2.699,0.318,10.048,10.048,1.814,195.591,0.012,0.015,0.012,32,
1986-01-25 01:23:46.492000+00:00,26857,6,577,1,-9.681,-2.711,0.326,10.059,10.059,1.86,195.641,0.015,0.013,0.007,32,
1986-01-25 01:23:48.412000+00:00,26857,6,609,1,-9.672,-2.721,0.312,10.052,10.052,1.777,195.713,0.014,0.012,0.02,32,
1986-01-25 01:23:50.332000+00:00,26857,6,641,1,-9.672,-2.722,0.306,10.052,10.052,1.745,195.719,0.012,0.016,0.011,32,
1986-01-25 01:23:52.252000+00:00,26857,6,673,1,-9.664,-2.729,0.305,10.047,10.047,1.742,195.767,0.016,0.015,0.011,32,
1986-01-25 01:23:54.172000+00:00,26857,6,705,1,-9.663,-2.729,0.304,10.046,10.046,1.736,195.768,0.012,0.014,0.014,32,
1986-01-25 01:23:56.092000+00:00,26857,6,737,1,-9.66,-2.718,0.306,10.04,10.04,1.747,195.713,0.012,0.02,0.01,32,
1986-01-25 01:23:58.012000+00:00,26857,6,769,1,-9.663,-2.712,0.304,10.041,10.041,1.736,195.677,0.013,0.01,0.009,32,
1986-01-25 01:23:59.932000+00:00,26857,7,1,1,-9.656,-2.716,0.314,10.035,10.035,1.792,195.711,0.015,0.016,0.012,32,
1986-01-25 01:24:01.852000+00:00,26857,7,33,1,-9.656,-2.721,0.317,10.037,10.037,1.81,195.739,0.014,0.015,0.021,32,
1986-01-25 01:24:03.772000+00:00,26857,7,65,1,-9.659,-2.726,0.311,10.041,10.041,1.773,195.763,0.013,0.019,0.014,32,
1986-01-25 01:24:05.692000+00:00,26857,7,97,1,-9.647,-2.724,0.317,10.029,10.029,1.813,195.768,0.02,0.015,0.013,32,
1986-01-25 01:24:07.612000+00:00,26857,7,129,1,-9.657,-2.726,0.312,10.039,10.039,1.784,195.765,0.014,0.012,0.018,32,
1986-01-25 01:24:09.532000+00:00,26857,7,161,1,-9.641,-2.719,0.321,10.022,10.022,1.837,195.753,0.009,0.017,0.015,32,
1986-01-25 01:24:11.452000+00:00,26857,7,193,1,-9.645,-2.72,0.325,10.027,10.027,1.857,195.751,0.012,0.015,0.015,32,
1986-01-25 01:24:13.372000+00:00,26857,7,225,1,-9.651,-2.719,0.311,10.032,10.032,1.779,195.736,0.018,0.011,0.019,32,
1986-01-25 01:24:15.292000+00:00,26857,7,257,1,-9.646,-2.721,0.323,10.027,10.027,1.848,195.754,0.015,0.021,0.014,32,
1986-01-25 01:24:17.212000+00:00,26857,7,289,1,-9.645,-2.713,0.334,10.025,10.025,1.911,195.708,0.015,0.014,0.011,32,
1986-01-25 01:24:19.132000+00:00,26857,7,321,1,-9.639,-2.717,0.331,10.02,10.02,1.895,195.739,0.011,0.011,0.016,32,
1986-01-25 01:24:21.052000+00:00,26857,7,353,1,-9.634,-2.717,0.326,10.016,10.016,1.868,195.747,0.013,0.019,0.012,32,
1986-01-25 01:24:22.972000+00:00,26857,7,385,1,-9.641,-2.716,0.323,10.021,10.021,1.847,195.733,0.016,0.014,0.014,32,
1986-01-25 01:24:24.892000+00:00,26857,7,417,1,-9.644,-2.711,0.331,10.023,10.023,1.891,195.698,0.013,0.012,0.017,32,
1986-01-25 01:24:26.812000+00:00,26857,7,449,1,-9.635,-2.718,0.328,10.016,10.016,1.877,195.756,0.012,0.016,0.013,32,
1986-01-25 01:24:28.732000+00:00,26857,7,481,1,-9.637,-2.71,0.336,10.016,10.016,1.922,195.704,0.019,0.015,0.012,32,
1986-01-25 01:24:30.652000+00:00,26857,7,513,1,-9.635,-2.709,0.326,10.014,10.014,1.865,195.703,0.016,0.014,0.022,32,
1986-01-25 01:24:32.572000+00:00,26857,7,545,1,-9.64,-2.716,0.325,10.021,10.021,1.859,195.734,0.016,0.016,0.013,32,
1986-01-25 01:24:34.492000+00:00,26857,7,577,1,-9.644,-2.712,0.328,10.023,10.023,1.876,195.705,0.019,0.012,0.008,32,
1986-01-25 01:24:36.412000+00:00,26857,7,609,1,-9.629,-2.718,0.329,10.011,10.011,1.881,195.765,0.013,0.017,0.017,32,
1986-01-25 01:24:38.332000+00:00,26857,7,641,1,-9.632,-2.719,0.336,10.014,10.014,1.924,195.764,0.014,0.013,0.015,32,
1986-01-25 01:24:40.252000+00:00,26857,7,673,1,-9.615,-2.714,0.335,9.996,9.996,1.922,195.761,0.019,0.014,0.01,32,
1986-01-25 01:24:42.172000+00:00,26857,7,705,1,-9.604,-2.705,0.323,9.983,9.983,1.856,195.727,0.013,0.015,0.014,32,
1986-01-25 01:24:44.092000+00:00,26857,7,737,1,-9.613,-2.714,0.337,9.995,9.995,1.934,195.765,0.012,0.018,0.014,32,
1986-01-25 01:24:46.012000+00:00,26857,7,769,1,-9.624,-2.705,0.337,10.002,10.002,1.933,195.702,0.019,0.01,0.012,32,
1986-01-25 01:24:47.932000+00:00,26857,8,1,1,-9.616,-2.697,0.327,9.992,9.992,1.876,195.667,0.018,0.012,0.01,32,
1986-01-25 01:24:49.852000+00:00,26857,8,33,1,-9.617,-2.708,0.328,9.996,9.996,1.88,195.724,0.013,0.008,0.014,32,
1986-01-25 01:24:51.772000+00:00,26857,8,65,1,-9.624,-2.697,0.329,10.0,10.0,1.884,195.657,0.013,0.015,0.013,32,
1986-01-25 01:24:53.692000+00:00,26857,8,97,1,-9.617,-2.714,0.328,9.998,9.998,1.881,195.759,0.022,0.016,0.007,32,
1986-01-25 01:24:55.612000+00:00,26857,8,129,1,-9.614,-2.709,0.32,9.994,9.994,1.836,195.734,0.014,0.008,0.013,32,
1986-01-25 01:24:57.532000+00:00,26857,8,161,1,-9.61,-2.724,0.313,9.993,9.993,1.797,195.823,0.01,0.02,0.014,32,
1986-01-25 01:24:59.452000+00:00,26857,8,193,1,-9.605,-2.709,0.325,9.985,9.985,1.866,195.754,0.015,0.012,0.005,32,
1986-01-25 01:25:01.372000+00:00,26857,8,225,1,-9.607,-2.712,0.323,9.988,9.988,1.852,195.763,0.011,0.006,0.013,32,
1986-01-25 01:25:03.292000+00:00,26857,8,257,1,-9.601,-2.715,0.334,9.983,9.983,1.918,195.791,0.014,0.015,0.013,32,
1986-01-25 01:25:05.212000+00:00,26857,8,289,1,-9.603,-2.704,0.328,9.982,9.982,1.884,195.726,0.02,0.017,0.007,32,
1986-01-25 01:25:07.132000+00:00,26857,8,321,1,-9.602,-2.705,0.335,9.982,9.982,1.923,195.734,0.015,0.012,0.012,32,
1986-01-25 01:25:09.052000+00:00,26857,8,353,1,-9.605,-2.699,0.338,9.983,9.983,1.942,195.698,0.011,0.014,0.014,32,
1986-01-25 01:25:10.972000+00:00,26857,8,385,1,-9.604,-2.699,0.337,9.982,9.982,1.935,195.694,0.018,0.013,0.007,32,
1986-01-25 01:25:12.892000+00:00,26857,8,417,1,-9.602,-2.699,0.34,9.98,9.98,1.955,195.7,0.012,0.007,0.013,32,
1986-01-25 01:25:14.812000+00:00,26857,8,449,1,-9.598,-2.693,0.343,9.975,9.975,1.971,195.675,0.013,0.015,0.012,32,
1986-01-25 01:25:16.732000+00:00,26857,8,481,1,-9.597,-2.686,0.338,9.972,9.972,1.941,195.638,0.013,0.014,0.011,32,
1986-01-25 01:25:18.652000+00:00,26857,8,513,1,-9.597,-2.688,0.332,9.972,9.972,1.909,195.649,0.018,0.008,0.012,32,
1986-01-25 01:25:20.572000+00:00,26857,8,545,1,-9.603,-2.695,0.345,9.98,9.98,1.98,195.674,0.013,0.013,0.014,32,
1986-01-25 01:25:22.492000+00:00,26857,8,577,1,-9.604,-2.697,0.337,9.981,9.981,1.937,195.685,0.018,0.02,0.009,32,
1986-01-25 01:25:24.412000+00:00,26857,8,609,1,-9.602,-2.695,0.352,9.979,9.979,2.023,195.677,0.016,0.01,0.012,32,
1986-01-25 01:25:26.332000+00:00,26857,8,641,1,-9.605,-2.69,0.348,9.98,9.98,1.999,195.647,0.01,0.015,0.013,32,
1986-01-25 01:25:28.252000+00:00,26857,8,673,1,-9.597,-2.686,0.344,9.972,9.972,1.978,195.634,0.018,0.013,0.012,32,
1986-01-25 01:25:30.172000+00:00,26857,8,705,1,-9.603,-2.678,0.346,9.975,9.975,1.99,195.585,0.013,0.007,0.011,32,
1986-01-25 01:25:32.092000+00:00,26857,8,737,1,-9.597,-2.678,0.347,9.97,9.97,1.997,195.591,0.013,0.019,0.009,32,
1986-01-25 01:25:34.012000+00:00,26857,8,769,1,-9.599,-2.676,0.349,9.971,9.971,2.005,195.575,0.017,0.01,0.009,32,
1986-01-25 01:25:35.932000+00:00,26857,9,1,1,-9.592,-2.667,0.348,9.962,9.962,2.005,195.54,0.011,0.015,0.01,32,
1986-01-25 01:25:37.852000+00:00,26857,9,33,1,-9.579,-2.676,0.349,9.952,9.952,2.011,195.61,0.005,0.014,0.007,32,
1986-01-25 01:25:39.772000+00:00,26857,9,65,1,-9.578,-2.679,0.348,9.952,9.952,2.007,195.624,0.013,0.008,0.012,32,
1986-01-25 01:25:41.692000+00:00,26857,9,97,1,-9.578,-2.676,0.354,9.951,9.951,2.04,195.608,0.012,0.01,0.011,32,
1986-01-25 01:25:43.612000+00:00,26857,9,129,1,-9.568,-2.679,0.35,9.942,9.942,2.015,195.641,0.011,0.014,0.01,32,
1986-01-25 01:25:45.532000+00:00,26857,9,161,1,-9.571,-2.668,0.357,9.943,9.943,2.058,195.578,0.016,0.01,0.014,32,
1986-01-25 01:25:47.452000+00:00,26857,9,193,1,-9.559,-2.666,0.356,9.931,9.931,2.052,195.586,0.013,0.011,0.013,32,
1986-01-25 01:25:49.372000+00:00,26857,9,225,1,-9.567,-2.67,0.353,9.939,9.939,2.036,195.595,0.015,0.016,0.008,32,
1986-01-25 01:25:51.292000+00:00,26857,9,257,1,-9.565,-2.681,0.352,9.94,9.94,2.03,195.657,0.015,0.011,0.012,32,
1986-01-25 01:25:53.212000+00:00,26857,9,289,1,-9.57,-2.669,0.352,9.941,9.941,2.029,195.587,0.01,0.01,0.015,32,
1986-01-25 01:25:55.132000+00:00,26857,9,321,1,-9.583,-2.673,0.357,9.955,9.955,2.054,195.584,0.016,0.017,0.01,32,
1986-01-25 01:25:57.052000+00:00,26857,9,353,1,-9.58,-2.676,0.351,9.953,9.953,2.019,195.607,0.016,0.015,0.014,32,
1986-01-25 01:25:58.972000+00:00,26857,9,385,1,-9.578,-2.682,0.355,9.953,9.953,2.043,195.645,0.016,0.018,0.007,32,
1986-01-25 01:26:00.892000+00:00,26857,9,417,1,-9.579,-2.681,0.357,9.953,9.953,2.055,195.638,0.014,0.012,0.011,32,
1986-01-25 01:26:02.812000+00:00,26857,9,449,1,-9.572,-2.679,0.361,9.946,9.946,2.08,195.639,0.015,0.009,0.013,32,
1986-01-25 01:26:04.732000+00:00,26857,9,481,1,-9.559,-2.672,0.353,9.931,9.931,2.04,195.617,0.011,0.01,0.008,32,
1986-01-25 01:26:06.652000+00:00,26857,9,513,1,-9.559,-2.671,0.355,9.931,9.931,2.048,195.613,0.012,0.017,0.013,32,
1986-01-25 01:26:08.572000+00:00,26857,9,545,1,-9.561,-2.674,0.362,9.934,9.934,2.088,195.624,0.016,0.012,0.014,32,
1986-01-25 01:26:10.492000+00:00,26857,9,577,1,-9.564,-2.674,0.354,9.937,9.937,2.043,195.623,0.011,0.014,0.008,32,
1986-01-25 01:26:12.412000+00:00,26857,9,609,1,-9.56,-2.669,0.358,9.932,9.932,2.067,195.599,0.011,0.017,0.01,32,
1986-01-25 01:26:14.332000+00:00,26857,9,641,1,-9.554,-2.674,0.36,9.928,9.928,2.076,195.636,0.008,0.009,0.013,32,
1986-01-25 01:26:16.252000+00:00,26857,9,673,1,-9.551,-2.672,0.361,9.925,9.925,2.084,195.627,0.009,0.012,0.011,32,
1986-01-25 01:26:18.172000+00:00,26857,9,705,1,-9.553,-2.669,0.366,9.925,9.925,2.114,195.613,0.012,0.011,0.015,32,
1986-01-25 01:26:20.092000+00:00,26857,9,737,1,-9.553,-2.672,0.363,9.927,9.927,2.097,195.628,0.013,0.012,0.012,32,
1986-01-25 01:26:22.012000+00:00,26857,9,769,1,-9.55,-2.675,0.357,9.924,9.924,2.063,195.645,0.012,0.012,0.012,32,
1986-01-25 01:26:23.932000+00:00,26857,10,1,1,-9.543,-2.67,0.363,9.916,9.916,2.097,195.632,0.014,0.013,0.008,32,
1986-01-25 01:26:25.852000+00:00,26857,10,33,1,-9.546,-2.665,0.363,9.918,9.918,2.099,195.597,0.013,0.013,0.014,32,
1986-01-25 01:26:27.772000+00:00,26857,10,65,1,-9.55,-2.663,0.369,9.921,9.921,2.134,195.579,0.011,0.013,0.011,32,
1986-01-25 01:26:29.692000+00:00,26857,10,97,1,-9.538,-2.669,0.377,9.911,9.911,2.182,195.632,0.012,0.013,0.013,32,
1986-01-25 01:26:31.612000+00:00,26857,10,129,1,-9.549,-2.674,0.376,9.923,9.923,2.172,195.641,0.015,0.015,0.012,32,
1986-01-25 01:26:33.532000+00:00,26857,10,161,1,-9.54,-2.672,0.37,9.914,9.914,2.138,195.647,0.011,0.013,0.011,32,
1986-01-25 01:26:35.452000+00:00,26857,10,193,1,-9.533,-2.658,0.367,9.904,9.904,2.126,195.58,0.015,0.014,0.009,32,
1986-01-25 01:26:37.372000+00:00,26857,10,225,1,-9.543,-2.655,0.372,9.913,9.913,2.153,195.548,0.013,0.014,0.011,32,
1986-01-25 01:26:39.292000+00:00,26857,10,257,1,-9.54,-2.658,0.373,9.91,9.91,2.158,195.57,0.012,0.007,0.016,32,
1986-01-25 01:26:41.212000+00:00,26857,10,289,1,-9.545,-2.663,0.373,9.916,9.916,2.154,195.591,0.011,0.013,0.008,32,
1986-01-25 01:26:43.132000+00:00,26857,10,321,1,-9.541,-2.667,0.372,9.914,9.914,2.151,195.616,0.015,0.015,0.011,32,
1986-01-25 01:26:45.052000+00:00,26857,10,353,1,-9.53,-2.672,0.367,9.904,9.904,2.126,195.66,0.014,0.012,0.014,32,
1986-01-25 01:26:46.972000+00:00,26857,10,385,1,-9.528,-2.659,0.371,9.898,9.898,2.147,195.591,0.013,0.013,0.007,32,
1986-01-25 01:26:48.892000+00:00,26857,10,417,1,-9.53,-2.663,0.374,9.902,9.902,2.167,195.61,0.012,0.01,0.017,32,
1986-01-25 01:26:50.812000+00:00,26857,10,449,1,-9.528,-2.665,0.374,9.901,9.901,2.162,195.629,0.01,0.011,0.015,32,
1986-01-25 01:26:52.732000+00:00,26857,10,481,1,-9.52,-2.659,0.374,9.892,9.892,2.167,195.604,0.01,0.015,0.006,32,
1986-01-25 01:26:54.652000+00:00,26857,10,513,1,-9.527,-2.65,0.374,9.896,9.896,2.166,195.546,0.015,0.015,0.014,32,
1986-01-25 01:26:56.572000+00:00,26857,10,545,1,-9.526,-2.652,0.373,9.895,9.895,2.159,195.559,0.014,0.014,0.009,32,
1986-01-25 01:26:58.492000+00:00,26857,10,577,1,-9.526,-2.649,0.375,9.895,9.895,2.171,195.541,0.013,0.014,0.008,32,
1986-01-25 01:27:00.412000+00:00,26857,10,609,1,-9.518,-2.659,0.372,9.889,9.889,2.157,195.609,0.011,0.014,0.016,32,
1986-01-25 01:27:02.332000+00:00,26857,10,641,1,-9.514,-2.654,0.376,9.884,9.884,2.178,195.584,0.015,0.014,0.014,32,
1986-01-25 01:27:04.252000+00:00,26857,10,673,1,-9.513,-2.654,0.378,9.884,9.884,2.189,195.588,0.017,0.015,0.013,32,
1986-01-25 01:27:06.172000+00:00,26857,10,705,1,-9.515,-2.657,0.38,9.887,9.887,2.205,195.6,0.011,0.009,0.016,32,
1986-01-25 01:27:08.092000+00:00,26857,10,737,1,-9.509,-2.657,0.39,9.881,9.881,2.261,195.609,0.013,0.012,0.016,32,
1986-01-25 01:27:10.012000+00:00,26857,10,769,1,-9.52,-2.655,0.389,9.891,9.891,2.257,195.584,0.013,0.009,0.009,32,
1986-01-25 01:27:11.931000+00:00,26857,11,1,1,-9.516,-2.644,0.377,9.883,9.883,2.187,195.525,0.015,0.008,0.011,32,
1986-01-25 01:27:13.851000+00:00,26857,11,33,1,-9.516,-2.648,0.38,9.885,9.885,2.204,195.548,0.008,0.006,0.016,32,
1986-01-25 01:27:15.771000+00:00,26857,11,65,1,-9.513,-2.647,0.377,9.882,9.882,2.187,195.552,0.006,0.016,0.008,32,
1986-01-25 01:27:17.691000+00:00,26857,11,97,1,-9.512,-2.641,0.382,9.879,9.879,2.216,195.516,0.017,0.008,0.011,32,
1986-01-25 01:27:19.611000+00:00,26857,11,129,1,-9.516,-2.64,0.386,9.883,9.883,2.241,195.508,0.011,0.01,0.015,32,
1986-01-25 01:27:21.531000+00:00,26857,11,161,1,-9.517,-2.646,0.376,9.885,9.885,2.182,195.536,0.006,0.011,0.007,32,
1986-01-25 01:27:23.451000+00:00,26857,11,193,1,-9.51,-2.652,0.379,9.88,9.88,2.2,195.584,0.016,0.008,0.012,32,
1986-01-25 01:27:25.371000+00:00,26857,11,225,1,-9.516,-2.642,0.382,9.883,9.883,2.215,195.515,0.01,0.009,0.018,32,
1986-01-25 01:27:27.291000+00:00,26857,11,257,1,-9.515,-2.643,0.379,9.882,9.882,2.2,195.527,0.008,0.012,0.006,32,
1986-01-25 01:27:29.211000+00:00,26857,11,289,1,-9.506,-2.64,0.38,9.873,9.873,2.206,195.521,0.016,0.013,0.01,32,
1986-01-25 01:27:31.131000+00:00,26857,11,321,1,-9.512,-2.646,0.373,9.881,9.881,2.162,195.546,0.009,0.01,0.018,32,
1986-01-25 01:27:33.051000+00:00,26857,11,353,1,-9.504,-2.653,0.37,9.875,9.875,2.146,195.599,0.011,0.015,0.008,32,
1986-01-25 01:27:34.971000+00:00,26857,11,385,1,-9.507,-2.653,0.367,9.877,9.877,2.13,195.589,0.017,0.012,0.01,32,
1986-01-25 01:27:36.891000+00:00,26857,11,417,1,-9.501,-2.65,0.383,9.871,9.871,2.225,195.583,0.009,0.01,0.017,32,
1986-01-25 01:27:38.811000+00:00,26857,11,449,1,-9.509,-2.642,0.379,9.876,9.876,2.2,195.528,0.011,0.018,0.012,32,
1986-01-25 01:27:40.731000+00:00,26857,11,481,1,-9.506,-2.648,0.384,9.876,9.876,2.23,195.566,0.014,0.015,0.012,32,
1986-01-25 01:27:42.651000+00:00,26857,11,513,1,-9.496,-2.645,0.376,9.864,9.865,2.182,195.565,0.007,0.011,0.013,32,
1986-01-25 01:27:44.571000+00:00,26857,11,545,1,-9.499,-2.641,0.379,9.867,9.867,2.202,195.537,0.01,0.015,0.009,32,
1986-01-25 01:27:46.491000+00:00,26857,11,577,1,-9.494,-2.644,0.371,9.862,9.862,2.153,195.561,0.014,0.008,0.013,32,
1986-01-25 01:27:48.411000+00:00,26857,11,609,1,-9.498,-2.643,0.373,9.866,9.866,2.166,195.551,0.012,0.01,0.013,32,
1986-01-25 01:27:50.331000+00:00,26857,11,641,1,-9.494,-2.64,0.38,9.861,9.861,2.211,195.539,0.009,0.017,0.009,32,
1986-01-25 01:27:52.251000+00:00,26857,11,673,1,-9.495,-2.648,0.376,9.864,9.864,2.187,195.586,0.014,0.011,0.01,32,
1986-01-25 01:27:54.171000+00:00,26857,11,705,1,-9.485,-2.646,0.371,9.854,9.854,2.158,195.585,0.011,0.009,0.017,32,
1986-01-25 01:27:56.091000+00:00,26857,11,737,1,-9.48,-2.64,0.379,9.848,9.848,2.209,195.56,0.007,0.013,0.008,32,
1986-01-25 01:27:58.011000+00:00,26857,11,769,1,-9.487,-2.635,0.382,9.853,9.853,2.225,195.523,0.014,0.009,0.008,32,
1986-01-25 01:27:59.931000+00:00,26857,12,1,1,-9.485,-2.635,0.375,9.852,9.852,2.183,195.523,0.016,0.007,0.01,32,
1986-01-25 01:28:01.851000+00:00,26857,12,33,1,-9.485,-2.64,0.373,9.852,9.852,2.171,195.557,0.007,0.015,0.016,32,
1986-01-25 01:28:03.771000+00:00,26857,12,65,1,-9.481,-2.64,0.37,9.849,9.849,2.151,195.563,0.011,0.013,0.011,32,
1986-01-25 01:28:05.691000+00:00,26857,12,97,1,-9.486,-2.636,0.378,9.853,9.853,2.197,195.532,0.013,0.013,0.012,32,
1986-01-25 01:28:07.611000+00:00,26857,12,129,1,-9.483,-2.638,0.38,9.851,9.851,2.212,195.548,0.008,0.014,0.011,32,
1986-01-25 01:28:09.531000+00:00,26857,12,161,1,-9.481,-2.641,0.39,9.85,9.85,2.268,195.567,0.013,0.016,0.007,32,
1986-01-25 01:28:11.451000+00:00,26857,12,193,1,-9.461,-2.637,0.393,9.83,9.83,2.292,195.574,0.009,0.01,0.015,32,
1986-01-25 01:28:13.371000+00:00,26857,12,225,1,-9.462,-2.648,0.377,9.833,9.833,2.197,195.634,0.01,0.013,0.018,32,
1986-01-25 01:28:15.291000+00:00,26857,12,257,1,-9.473,-2.632,0.383,9.839,9.839,2.23,195.527,0.014,0.018,0.009,32,
1986-01-25 01:28:17.211000+00:00,26857,12,289,1,-9.467,-2.638,0.384,9.835,9.835,2.235,195.57,0.014,0.013,0.011,32,
1986-01-25 01:28:19.131000+00:00,26857,12,321,1,-9.474,-2.635,0.385,9.841,9.841,2.24,195.541,0.009,0.011,0.014,32,
1986-01-25 01:28:21.051000+00:00,26857,12,353,1,-9.466,-2.63,0.399,9.833,9.833,2.327,195.528,0.011,0.01,0.005,32,
1986-01-25 01:28:22.971000+00:00,26857,12,385,1,-9.464,-2.625,0.404,9.83,9.83,2.355,195.504,0.015,0.012,0.012,32,
1986-01-25 01:28:24.891000+00:00,26857,12,417,1,-9.47,-2.63,0.4,9.837,9.837,2.328,195.52,0.009,0.01,0.022,32,
1986-01-25 01:28:26.811000+00:00,26857,12,449,1,-9.466,-2.628,0.402,9.833,9.833,2.343,195.516,0.009,0.013,0.014,32,
1986-01-25 01:28:28.731000+00:00,26857,12,481,1,-9.454,-2.626,0.393,9.819,9.82,2.296,195.526,0.016,0.014,0.014,32,
1986-01-25 01:28:30.651000+00:00,26857,12,513,1,-9.464,-2.631,0.402,9.831,9.831,2.344,195.538,0.014,0.014,0.013,32,
1986-01-25 01:28:32.571000+00:00,26857,12,545,1,-9.451,-2.628,0.399,9.818,9.818,2.331,195.538,0.013,0.015,0.01,32,
1986-01-25 01:28:34.491000+00:00,26857,12,577,1,-9.447,-2.611,0.405,9.809,9.809,2.367,195.448,0.017,0.01,0.015,32,
1986-01-25 01:28:36.411000+00:00,26857,12,609,1,-9.445,-2.615,0.396,9.808,9.808,2.315,195.476,0.012,0.011,0.015,32,
1986-01-25 01:28:38.331000+00:00,26857,12,641,1,-9.449,-2.614,0.4,9.812,9.812,2.339,195.464,0.008,0.016,0.01,32,
1986-01-25 01:28:40.251000+00:00,26857,12,673,1,-9.444,-2.625,0.404,9.81,9.81,2.363,195.536,0.012,0.01,0.01,32,
1986-01-25 01:28:42.171000+00:00,26857,12,705,1,-9.44,-2.617,0.41,9.804,9.804,2.394,195.493,0.014,0.01,0.016,32,
1986-01-25 01:28:44.091000+00:00,26857,12,737,1,-9.432,-2.615,0.407,9.797,9.797,2.38,195.497,0.011,0.015,0.012,32,
1986-01-25 01:28:46.011000+00:00,26857,12,769,1,-9.441,-2.624,0.397,9.807,9.807,2.321,195.531,0.022,0.013,0.012,32,
1986-01-25 01:28:47.931000+00:00,26857,13,1,1,-9.437,-2.624,0.395,9.803,9.803,2.308,195.54,0.015,0.008,0.008,32,
1986-01-25 01:28:49.851000+00:00,26857,13,33,1,-9.439,-2.617,0.403,9.803,9.803,2.354,195.494,0.009,0.011,0.014,32,
1986-01-25 01:28:51.771000+00:00,26857,13,65,1,-9.435,-2.611,0.406,9.798,9.798,2.375,195.469,0.016,0.013,0.01,32,
1986-01-25 01:28:53.691000+00:00,26857,13,97,1,-9.438,-2.613,0.407,9.802,9.802,2.377,195.477,0.015,0.009,0.008,32,
1986-01-25 01:28:55.611000+00:00,26857,13,129,1,-9.437,-2.611,0.41,9.8,9.8,2.396,195.462,0.009,0.009,0.014,32,
1986-01-25 01:28:57.531000+00:00,26857,13,161,1,-9.424,-2.605,0.411,9.786,9.786,2.405,195.45,0.014,0.012,0.009,32,
1986-01-25 01:28:59.451000+00:00,26857,13,193,1,-9.418,-2.609,0.405,9.781,9.781,2.374,195.485,0.009,0.01,0.009,32,
1986-01-25 01:29:01.371000+00:00,26857,13,225,1,-9.417,-2.606,0.418,9.78,9.78,2.448,195.469,0.008,0.012,0.016,32,
1986-01-25 01:29:03.291000+00:00,26857,13,257,1,-9.415,-2.607,0.412,9.778,9.778,2.415,195.477,0.015,0.014,0.015,32,
1986-01-25 01:29:05.211000+00:00,26857,13,289,1,-9.421,-2.608,0.412,9.784,9.784,2.411,195.471,0.008,0.009,0.007,32,
1986-01-25 01:29:07.131000+00:00,26857,13,321,1,-9.425,-2.614,0.404,9.79,9.79,2.368,195.5,0.01,0.014,0.014,32,
1986-01-25 01:29:09.051000+00:00,26857,13,353,1,-9.433,-2.608,0.412,9.795,9.795,2.412,195.453,0.013,0.015,0.014,32,
1986-01-25 01:29:10.971000+00:00,26857,13,385,1,-9.422,-2.614,0.422,9.787,9.787,2.473,195.505,0.01,0.014,0.007,32,
1986-01-25 01:29:12.891000+00:00,26857,13,417,1,-9.416,-2.61,0.417,9.78,9.78,2.443,195.492,0.009,0.01,0.014,32,
1986-01-25 01:29:14.811000+00:00,26857,13,449,1,-9.414,-2.605,0.419,9.777,9.777,2.456,195.464,0.013,0.016,0.011,32,
1986-01-25 01:29:16.731000+00:00,26857,13,481,1,-9.403,-2.604,0.415,9.766,9.766,2.438,195.477,0.009,0.01,0.013,32,
1986-01-25 01:29:18.651000+00:00,26857,13,513,1,-9.403,-2.607,0.418,9.767,9.767,2.453,195.495,0.007,0.012,0.012,32,
1986-01-25 01:29:20.571000+00:00,26857,13,545,1,-9.402,-2.608,0.404,9.766,9.766,2.368,195.504,0.011,0.014,0.01,32,
1986-01-25 01:29:22.491000+00:00,26857,13,577,1,-9.405,-2.601,0.413,9.767,9.767,2.422,195.46,0.012,0.01,0.007,32,
1986-01-25 01:29:24.411000+00:00,26857,13,609,1,-9.407,-2.608,0.418,9.771,9.771,2.45,195.495,0.013,0.011,0.016,32,
1986-01-25 01:29:26.331000+00:00,26857,13,641,1,-9.406,-2.613,0.413,9.771,9.771,2.422,195.525,0.011,0.017,0.011,32,
1986-01-25 01:29:28.251000+00:00,26857,13,673,1,-9.404,-2.607,0.41,9.767,9.767,2.408,195.494,0.015,0.009,0.009,32,
1986-01-25 01:29:30.171000+00:00,26857,13,705,1,-9.403,-2.607,0.411,9.766,9.766,2.414,195.494,0.01,0.01,0.016,32,
1986-01-25 01:29:32.091000+00:00,26857,13,737,1,-9.402,-2.607,0.412,9.766,9.766,2.42,195.498,0.011,0.011,0.007,32,
1986-01-25 01:29:34.011000+00:00,26857,13,769,1,-9.398,-2.61,0.399,9.762,9.762,2.342,195.522,0.015,0.011,0.01,32,
1986-01-25 01:29:35.931000+00:00,26857,14,1,1,-9.403,-2.605,0.417,9.766,9.766,2.449,195.486,0.013,0.01,0.015,32,
1986-01-25 01:29:37.851000+00:00,26857,14,33,1,-9.39,-2.599,0.414,9.752,9.752,2.43,195.473,0.011,0.012,0.012,32,
1986-01-25 01:29:39.771000+00:00,26857,14,65,1,-9.399,-2.599,0.416,9.761,9.761,2.441,195.454,0.01,0.011,0.008,32,
1986-01-25 01:29:41.691000+00:00,26857,14,97,1,-9.395,-2.608,0.414,9.759,9.76,2.433,195.514,0.015,0.009,0.009,32,
1986-01-25 01:29:43.611000+00:00,26857,14,129,1,-9.397,-2.604,0.416,9.76,9.76,2.444,195.486,0.011,0.012,0.015,32,
1986-01-25 01:29:45.531000+00:00,26857,14,161,1,-9.391,-2.608,0.409,9.755,9.755,2.406,195.523,0.013,0.019,0.009,32,
1986-01-25 01:29:47.451000+00:00,26857,14,193,1,-9.385,-2.613,0.396,9.75,9.75,2.326,195.559,0.011,0.011,0.017,32,
1986-01-25 01:29:49.371000+00:00,26857,14,225,1,-9.388,-2.606,0.402,9.751,9.751,2.363,195.512,0.007,0.009,0.014,32,
1986-01-25 01:29:51.291000+00:00,26857,14,257,1,-9.386,-2.598,0.417,9.748,9.748,2.45,195.471,0.013,0.016,0.006,32,
1986-01-25 01:29:53.211000+00:00,26857,14,289,1,-9.381,-2.599,0.416,9.743,9.743,2.446,195.484,0.016,0.005,0.015,32,
1986-01-25 01:29:55.131000+00:00,26857,14,321,1,-9.386,-2.596,0.415,9.747,9.747,2.442,195.461,0.009,0.01,0.016,32,
1986-01-25 01:29:57.051000+00:00,26857,14,353,1,-9.383,-2.6,0.404,9.745,9.745,2.377,195.488,0.01,0.013,0.009,32,
1986-01-25 01:29:58.971000+00:00,26857,14,385,1,-9.391,-2.6,0.412,9.753,9.753,2.422,195.474,0.013,0.006,0.015,32,
1986-01-25 01:30:00.891000+00:00,26857,14,417,1,-9.382,-2.6,0.405,9.744,9.744,2.384,195.489,0.011,0.011,0.017,32,
1986-01-25 01:30:02.811000+00:00,26857,14,449,1,-9.386,-2.597,0.417,9.748,9.748,2.45,195.469,0.011,0.015,0.009,32,
1986-01-25 01:30:04.731000+00:00,26857,14,481,1,-9.378,-2.599,0.415,9.74,9.74,2.442,195.49,0.02,0.005,0.015,32,
1986-01-25 01:30:06.651000+00:00,26857,14,513,1,-9.379,-2.591,0.415,9.739,9.739,2.443,195.442,0.011,0.01,0.015,32,
1986-01-25 01:30:08.571000+00:00,26857,14,545,1,-9.38,-2.592,0.419,9.741,9.741,2.468,195.449,0.011,0.012,0.007,32,
1986-01-25 01:30:10.491000+00:00,26857,14,577,1,-9.381,-2.597,0.423,9.743,9.743,2.486,195.473,0.019,0.008,0.017,32,
1986-01-25 01:30:12.411000+00:00,26857,14,609,1,-9.374,-2.588,0.427,9.734,9.734,2.514,195.434,0.01,0.012,0.013,32,
1986-01-25 01:30:14.331000+00:00,26857,14,641,1,-9.375,-2.589,0.432,9.736,9.736,2.543,195.435,0.009,0.021,0.008,32,
1986-01-25 01:30:16.251000+00:00,26857,14,673,1,-9.362,-2.589,0.423,9.723,9.723,2.495,195.459,0.014,0.009,0.014,32,
1986-01-25 01:30:18.171000+00:00,26857,14,705,1,-9.372,-2.592,0.419,9.733,9.733,2.465,195.463,0.006,0.012,0.014,32,
1986-01-25 01:30:20.091000+00:00,26857,14,737,1,-9.367,-2.604,0.412,9.731,9.731,2.427,195.536,0.011,0.014,0.008,32,
1986-01-25 01:30:22.011000+00:00,26857,14,769,1,-9.366,-2.591,0.421,9.727,9.727,2.479,195.464,0.018,0.006,0.013,32,
1986-01-25 01:30:23.931000+00:00,26857,15,1,1,-9.364,-2.591,0.419,9.725,9.725,2.469,195.467,0.015,0.013,0.011,32,
1986-01-25 01:30:25.851000+00:00,26857,15,33,1,-9.359,-2.589,0.43,9.72,9.72,2.534,195.465,0.006,0.016,0.014,32,
1986-01-25 01:30:27.771000+00:00,26857,15,65,1,-9.35,-2.589,0.423,9.711,9.711,2.497,195.477,0.015,0.013,0.013,32,
1986-01-25 01:30:29.691000+00:00,26857,15,97,1,-9.369,-2.583,0.432,9.728,9.728,2.547,195.415,0.013,0.008,0.008,32,
1986-01-25 01:30:31.611000+00:00,26857,15,129,1,-9.372,-2.584,0.436,9.731,9.731,2.566,195.415,0.009,0.014,0.014,32,
1986-01-25 01:30:33.531000+00:00,26857,15,161,1,-9.355,-2.585,0.428,9.716,9.716,2.528,195.448,0.014,0.021,0.014,32,
1986-01-25 01:30:35.451000+00:00,26857,15,193,1,-9.354,-2.587,0.422,9.714,9.714,2.492,195.461,0.015,0.004,0.006,32,
1986-01-25 01:30:37.371000+00:00,26857,15,225,1,-9.371,-2.591,0.423,9.732,9.732,2.492,195.456,0.008,0.013,0.016,32,
1986-01-25 01:30:39.291000+00:00,26857,15,257,1,-9.354,-2.602,0.424,9.718,9.718,2.503,195.547,0.013,0.012,0.007,32,
1986-01-25 01:30:41.211000+00:00,26857,15,289,1,-9.352,-2.594,0.418,9.714,9.714,2.464,195.504,0.014,0.011,0.012,32,
1986-01-25 01:30:43.131000+00:00,26857,15,321,1,-9.359,-2.586,0.425,9.719,9.719,2.505,195.445,0.006,0.01,0.01,32,
1986-01-25 01:30:45.051000+00:00,26857,15,353,1,-9.344,-2.589,0.425,9.706,9.706,2.51,195.487,0.016,0.013,0.008,32,
1986-01-25 01:30:46.971000+00:00,26857,15,385,1,-9.343,-2.59,0.424,9.705,9.705,2.504,195.493,0.012,0.009,0.014,32,
1986-01-25 01:30:48.891000+00:00,26857,15,417,1,-9.344,-2.586,0.427,9.704,9.704,2.519,195.473,0.007,0.008,0.015,32,
1986-01-25 01:30:50.811000+00:00,26857,15,449,1,-9.343,-2.585,0.432,9.703,9.703,2.55,195.466,0.012,0.013,0.01,32,
1986-01-25 01:30:52.731000+00:00,26857,15,481,1,-9.339,-2.587,0.432,9.7,9.701,2.55,195.482,0.015,0.011,0.013,32,
1986-01-25 01:30:54.651000+00:00,26857,15,513,1,-9.339,-2.588,0.439,9.701,9.701,2.596,195.492,0.008,0.008,0.011,32,
1986-01-25 01:30:56.571000+00:00,26857,15,545,1,-9.345,-2.588,0.44,9.706,9.706,2.597,195.479,0.015,0.013,0.008,32,
1986-01-25 01:30:58.491000+00:00,26857,15,577,1,-9.344,-2.587,0.437,9.705,9.705,2.583,195.473,0.015,0.008,0.012,32,
1986-01-25 01:31:00.411000+00:00,26857,15,609,1,-9.336,-2.578,0.435,9.696,9.696,2.57,195.436,0.005,0.012,0.012,32,
1986-01-25 01:31:02.331000+00:00,26857,15,641,1,-9.33,-2.563,0.454,9.686,9.686,2.688,195.361,0.013,0.015,0.012,32,
1986-01-25 01:31:04.251000+00:00,26857,15,673,1,-9.337,-2.574,0.455,9.696,9.696,2.689,195.412,0.017,0.009,0.01,32,
1986-01-25 01:31:06.171000+00:00,26857,15,705,1,-9.34,-2.57,0.453,9.698,9.698,2.677,195.386,0.008,0.012,0.014,32,
1986-01-25 01:31:08.091000+00:00,26857,15,737,1,-9.344,-2.575,0.453,9.703,9.703,2.678,195.408,0.016,0.019,0.014,32,
1986-01-25 01:31:10.011000+00:00,26857,15,769,1,-9.332,-2.577,0.438,9.691,9.691,2.592,195.44,0.013,0.013,0.014,32,
1986-01-25 01:31:11.931000+00:00,26857,16,1,1,-9.333,-2.577,0.439,9.692,9.692,2.594,195.436,0.015,0.008,0.008,32,
1986-01-25 01:31:13.851000+00:00,26857,16,33,1,-9.33,-2.564,0.447,9.686,9.686,2.647,195.367,0.007,0.014,0.014,32,
1986-01-25 01:31:15.771000+00:00,26857,16,65,1,-9.326,-2.572,0.452,9.685,9.685,2.673,195.416,0.011,0.016,0.01,32,
1986-01-25 01:31:17.691000+00:00,26857,16,97,1,-9.317,-2.561,0.452,9.673,9.673,2.677,195.371,0.016,0.008,0.009,32,
1986-01-25 01:31:19.611000+00:00,26857,16,129,1,-9.317,-2.56,0.454,9.673,9.673,2.688,195.36,0.007,0.011,0.013,32,
1986-01-25 01:31:21.531000+00:00,26857,16,161,1,-9.317,-2.565,0.445,9.673,9.673,2.636,195.391,0.013,0.013,0.007,32,
1986-01-25 01:31:23.451000+00:00,26857,16,193,1,-9.323,-2.562,0.45,9.679,9.679,2.666,195.363,0.016,0.004,0.009,32,
1986-01-25 01:31:25.371000+00:00,26857,16,225,1,-9.336,-2.562,0.452,9.691,9.691,2.676,195.348,0.011,0.011,0.012,32,
1986-01-25 01:31:27.291000+00:00,26857,16,257,1,-9.326,-2.563,0.455,9.683,9.683,2.693,195.365,0.013,0.011,0.009,32,
1986-01-25 01:31:29.211000+00:00,26857,16,289,1,-9.316,-2.562,0.455,9.672,9.672,2.696,195.376,0.012,0.007,0.006,32,
1986-01-25 01:31:31.131000+00:00,26857,16,321,1,-9.322,-2.56,0.452,9.677,9.677,2.676,195.356,0.008,0.013,0.015,32,
1986-01-25 01:31:33.051000+00:00,26857,16,353,1,-9.33,-2.563,0.45,9.686,9.686,2.661,195.36,0.01,0.014,0.007,32,
1986-01-25 01:31:34.971000+00:00,26857,16,385,1,-9.321,-2.562,0.453,9.677,9.677,2.681,195.369,0.017,0.006,0.009,32,
1986-01-25 01:31:36.891000+00:00,26857,16,417,1,-9.316,-2.562,0.448,9.672,9.672,2.654,195.377,0.007,0.012,0.015,32,
1986-01-25 01:31:38.811000+00:00,26857,16,449,1,-9.312,-2.575,0.441,9.672,9.672,2.616,195.457,0.01,0.018,0.009,32,
1986-01-25 01:31:40.731000+00:00,26857,16,481,1,-9.315,-2.559,0.453,9.671,9.671,2.687,195.359,0.016,0.005,0.013,32,
1986-01-25 01:31:42.651000+00:00,26857,16,513,1,-9.312,-2.559,0.46,9.668,9.668,2.729,195.366,0.007,0.011,0.011,32,
1986-01-25 01:31:44.571000+00:00,26857,16,545,1,-9.309,-2.566,0.446,9.666,9.666,2.644,195.411,0.008,0.016,0.008,32,
1986-01-25 01:31:46.491000+00:00,26857,16,577,1,-9.31,-2.558,0.452,9.666,9.666,2.682,195.363,0.015,0.01,0.008,32,
1986-01-25 01:31:48.411000+00:00,26857,16,609,1,-9.305,-2.554,0.455,9.66,9.66,2.7,195.35,0.005,0.011,0.01,32,
1986-01-25 01:31:50.331000+00:00,26857,16,641,1,-9.291,-2.564,0.443,9.649,9.649,2.63,195.428,0.014,0.018,0.007,32,
1986-01-25 01:31:52.251000+00:00,26857,16,673,1,-9.303,-2.557,0.459,9.659,9.659,2.724,195.37,0.015,0.005,0.009,32,
1986-01-25 01:31:54.171000+00:00,26857,16,705,1,-9.31,-2.547,0.475,9.664,9.664,2.815,195.303,0.004,0.009,0.011,32,
1986-01-25 01:31:56.091000+00:00,26857,16,737,1,-9.296,-2.551,0.46,9.651,9.651,2.729,195.347,0.012,0.013,0.01,32,
1986-01-25 01:31:58.011000+00:00,26857,16,769,1,-9.3,-2.553,0.459,9.655,9.655,2.726,195.348,0.011,0.008,0.007,32,
1986-01-25 01:31:59.931000+00:00,26857,17,1,1,-9.296,-2.552,0.459,9.65,9.65,2.723,195.35,0.011,0.016,0.011,32,
1986-01-25 01:32:01.851000+00:00,26857,17,33,1,-9.299,-2.553,0.46,9.654,9.654,2.731,195.351,0.007,0.009,0.013,32,
1986-01-25 01:32:03.771000+00:00,26857,17,65,1,-9.297,-2.553,0.459,9.652,9.652,2.726,195.356,0.012,0.012,0.007,32,
1986-01-25 01:32:05.691000+00:00,26857,17,97,1,-9.3,-2.554,0.465,9.655,9.655,2.758,195.354,0.012,0.013,0.014,32,
1986-01-25 01:32:07.611000+00:00,26857,17,129,1,-9.303,-2.56,0.47,9.66,9.66,2.792,195.385,0.007,0.012,0.008,32,
1986-01-25 01:32:09.531000+00:00,26857,17,161,1,-9.3,-2.561,0.46,9.657,9.657,2.73,195.397,0.009,0.011,0.014,32,
1986-01-25 01:32:11.451000+00:00,26857,17,193,1,-9.295,-2.556,0.461,9.651,9.651,2.739,195.376,0.01,0.011,0.013,32,
1986-01-25 01:32:13.371000+00:00,26857,17,225,1,-9.284,-2.561,0.462,9.642,9.642,2.748,195.418,0.007,0.013,0.011,32,
1986-01-25 01:32:15.291000+00:00,26857,17,257,1,-9.282,-2.564,0.467,9.641,9.641,2.776,195.442,0.009,0.015,0.01,32,
1986-01-25 01:32:17.211000+00:00,26857,17,289,1,-9.282,-2.561,0.461,9.64,9.64,2.742,195.422,0.011,0.011,0.016,32,
1986-01-25 01:32:19.131000+00:00,26857,17,321,1,-9.282,-2.554,0.465,9.638,9.638,2.762,195.385,0.008,0.014,0.014,32,
1986-01-25 01:32:21.051000+00:00,26857,17,353,1,-9.267,-2.548,0.467,9.622,9.622,2.784,195.376,0.013,0.01,0.004,32,
1986-01-25 01:32:22.971000+00:00,26857,17,385,1,-9.271,-2.541,0.471,9.625,9.625,2.808,195.327,0.009,0.008,0.014,32,
1986-01-25 01:32:24.891000+00:00,26857,17,417,1,-9.281,-2.554,0.471,9.638,9.638,2.799,195.387,0.014,0.013,0.011,32,
1986-01-25 01:32:26.811000+00:00,26857,17,449,1,-9.284,-2.545,0.474,9.639,9.639,2.821,195.327,0.008,0.01,0.008,32,
1986-01-25 01:32:28.731000+00:00,26857,17,481,1,-9.28,-2.541,0.475,9.633,9.633,2.827,195.316,0.015,0.011,0.013,32,
1986-01-25 01:32:30.651000+00:00,26857,17,513,1,-9.279,-2.54,0.476,9.632,9.632,2.831,195.311,0.01,0.012,0.013,32,
1986-01-25 01:32:32.571000+00:00,26857,17,545,1,-9.272,-2.548,0.477,9.627,9.627,2.84,195.364,0.008,0.012,0.007,32,
1986-01-25 01:32:34.491000+00:00,26857,17,577,1,-9.26,-2.55,0.476,9.617,9.617,2.834,195.393,0.011,0.009,0.011,32,
1986-01-25 01:32:36.411000+00:00,26857,17,609,1,-9.267,-2.557,0.462,9.624,9.624,2.749,195.423,0.011,0.012,0.012,32,
1986-01-25 01:32:38.331000+00:00,26857,17,641,1,-9.272,-2.545,0.468,9.626,9.626,2.787,195.347,0.01,0.01,0.013,32,
1986-01-25 01:32:40.251000+00:00,26857,17,673,1,-9.273,-2.548,0.468,9.628,9.628,2.784,195.363,0.011,0.006,0.015,32,
1986-01-25 01:32:42.171000+00:00,26857,17,705,1,-9.276,-2.549,0.467,9.631,9.631,2.778,195.364,0.011,0.012,0.013,32,
1986-01-25 01:32:44.091000+00:00,26857,17,737,1,-9.264,-2.546,0.479,9.62,9.62,2.855,195.365,0.01,0.011,0.008,32,
1986-01-25 01:32:46.011000+00:00,26857,17,769,1,-9.275,-2.546,0.476,9.629,9.63,2.831,195.35,0.014,0.006,0.012,32,
1986-01-25 01:32:47.931000+00:00,26857,18,1,1,-9.259,-2.54,0.472,9.613,9.613,2.817,195.342,0.012,0.004,0.013,32,
1986-01-25 01:32:49.851000+00:00,26857,18,33,1,-9.264,-2.543,0.478,9.619,9.619,2.847,195.35,0.006,0.011,0.012,32,
1986-01-25 01:32:51.771000+00:00,26857,18,65,1,-9.272,-2.548,0.473,9.628,9.628,2.813,195.367,0.015,0.013,0.006,32,
1986-01-25 01:32:53.691000+00:00,26857,18,97,1,-9.266,-2.541,0.478,9.62,9.62,2.848,195.336,0.011,0.003,0.01,32,
1986-01-25 01:32:55.611000+00:00,26857,18,129,1,-9.272,-2.535,0.484,9.624,9.624,2.882,195.289,0.011,0.01,0.012,32,
1986-01-25 01:32:57.531000+00:00,26857,18,161,1,-9.262,-2.54,0.483,9.617,9.617,2.881,195.333,0.013,0.01,0.011,32,
1986-01-25 01:32:59.451000+00:00,26857,18,193,1,-9.255,-2.543,0.474,9.61,9.61,2.828,195.366,0.011,0.008,0.008,32,
1986-01-25 01:33:01.371000+00:00,26857,18,225,1,-9.241,-2.539,0.467,9.595,9.595,2.79,195.365,0.011,0.01,0.015,32,
1986-01-25 01:33:03.291000+00:00,26857,18,257,1,-9.239,-2.535,0.475,9.592,9.592,2.838,195.341,0.012,0.012,0.003,32,
1986-01-25 01:33:05.211000+00:00,26857,18,289,1,-9.242,-2.531,0.478,9.594,9.594,2.856,195.314,0.009,0.005,0.011,32,
1986-01-25 01:33:07.131000+00:00,26857,18,321,1,-9.243,-2.534,0.473,9.595,9.595,2.827,195.331,0.01,0.009,0.013,32,
1986-01-25 01:33:09.051000+00:00,26857,18,353,1,-9.24,-2.534,0.475,9.593,9.593,2.836,195.333,0.013,0.014,0.005,32,
1986-01-25 01:33:10.971000+00:00,26857,18,385,1,-9.249,-2.527,0.482,9.6,9.6,2.877,195.284,0.015,0.007,0.013,32,
1986-01-25 01:33:12.891000+00:00,26857,18,417,1,-9.248,-2.528,0.487,9.599,9.599,2.909,195.287,0.006,0.01,0.014,32,
1986-01-25 01:33:14.811000+00:00,26857,18,449,1,-9.244,-2.527,0.476,9.595,9.595,2.843,195.292,0.013,0.011,0.009,32,
1986-01-25 01:33:16.731000+00:00,26857,18,481,1,-9.239,-2.537,0.473,9.593,9.593,2.825,195.352,0.011,0.004,0.014,32,
1986-01-25 01:33:18.651000+00:00,26857,18,513,1,-9.237,-2.533,0.478,9.59,9.59,2.858,195.335,0.009,0.009,0.011,32,
1986-01-25 01:33:20.571000+00:00,26857,18,545,1,-9.244,-2.533,0.484,9.597,9.597,2.89,195.324,0.013,0.011,0.007,32,
1986-01-25 01:33:22.491000+00:00,26857,18,577,1,-9.25,-2.531,0.49,9.603,9.603,2.924,195.301,0.008,0.008,0.011,32,
1986-01-25 01:33:24.411000+00:00,26857,18,609,1,-9.247,-2.527,0.487,9.598,9.598,2.906,195.285,0.007,0.011,0.009,32,
1986-01-25 01:33:26.331000+00:00,26857,18,641,1,-9.24,-2.532,0.478,9.593,9.593,2.854,195.326,0.009,0.012,0.005,32,
1986-01-25 01:33:28.251000+00:00,26857,18,673,1,-9.223,-2.534,0.478,9.576,9.576,2.861,195.362,0.015,0.007,0.011,32,
1986-01-25 01:33:30.171000+00:00,26857,18,705,1,-9.231,-2.537,0.476,9.585,9.585,2.846,195.366,0.003,0.011,0.013,32,
1986-01-25 01:33:32.091000+00:00,26857,18,737,1,-9.23,-2.529,0.48,9.583,9.583,2.873,195.323,0.012,0.009,0.01,32,
1986-01-25 01:33:34.011000+00:00,26857,18,769,1,-9.23,-2.524,0.483,9.581,9.581,2.891,195.291,0.01,0.006,0.013,32,
1986-01-25 01:33:35.931000+00:00,26857,19,1,1,-9.218,-2.521,0.482,9.569,9.569,2.889,195.296,0.008,0.005,0.009,32,
1986-01-25 01:33:37.851000+00:00,26857,19,33,1,-9.217,-2.52,0.48,9.567,9.567,2.878,195.295,0.008,0.008,0.014,32,
1986-01-25 01:33:39.771000+00:00,26857,19,65,1,-9.211,-2.516,0.491,9.561,9.561,2.945,195.279,0.016,0.008,0.005,32,
1986-01-25 01:33:41.691000+00:00,26857,19,97,1,-9.223,-2.514,0.504,9.573,9.573,3.019,195.25,0.011,0.012,0.011,32,
1986-01-25 01:33:43.611000+00:00,26857,19,129,1,-9.219,-2.513,0.501,9.569,9.569,3.003,195.25,0.01,0.011,0.016,32,
1986-01-25 01:33:45.531000+00:00,26857,19,161,1,-9.216,-2.524,0.491,9.568,9.568,2.941,195.317,0.015,0.012,0.007,32,
1986-01-25 01:33:47.451000+00:00,26857,19,193,1,-9.211,-2.52,0.5,9.562,9.562,2.999,195.303,0.013,0.005,0.01,32,
1986-01-25 01:33:49.371000+00:00,26857,19,225,1,-9.215,-2.523,0.495,9.567,9.567,2.966,195.311,0.007,0.014,0.015,32,
1986-01-25 01:33:51.291000+00:00,26857,19,257,1,-9.205,-2.526,0.482,9.557,9.557,2.893,195.345,0.016,0.016,0.007,32,
1986-01-25 01:33:53.211000+00:00,26857,19,289,1,-9.211,-2.534,0.484,9.565,9.565,2.903,195.38,0.015,0.007,0.01,32,
1986-01-25 01:33:55.131000+00:00,26857,19,321,1,-9.208,-2.517,0.494,9.558,9.558,2.961,195.287,0.007,0.012,0.012,32,
1986-01-25 01:33:57.051000+00:00,26857,19,353,1,-9.204,-2.516,0.495,9.555,9.555,2.968,195.288,0.016,0.015,0.005,32,
1986-01-25 01:33:58.971000+00:00,26857,19,385,1,-9.207,-2.518,0.497,9.558,9.558,2.983,195.294,0.013,0.008,0.008,32,
1986-01-25 01:34:00.891000+00:00,26857,19,417,1,-9.202,-2.516,0.495,9.553,9.553,2.971,195.292,0.007,0.012,0.014,32,
1986-01-25 01:34:02.811000+00:00,26857,19,449,1,-9.193,-2.512,0.498,9.543,9.543,2.991,195.284,0.012,0.015,0.009,32,
1986-01-25 01:34:04.731000+00:00,26857,19,481,1,-9.192,-2.51,0.501,9.542,9.542,3.01,195.272,0.015,0.004,0.006,32,
1986-01-25 01:34:06.651000+00:00,26857,19,513,1,-9.191,-2.518,0.487,9.543,9.543,2.924,195.323,0.007,0.011,0.017,32,
1986-01-25 01:34:08.571000+00:00,26857,19,545,1,-9.195,-2.515,0.494,9.545,9.545,2.966,195.296,0.013,0.016,0.011,32,
1986-01-25 01:34:10.491000+00:00,26857,19,577,1,-9.196,-2.506,0.504,9.544,9.544,3.027,195.247,0.014,0.005,0.007,32,
1986-01-25 01:34:12.411000+00:00,26857,19,609,1,-9.198,-2.511,0.505,9.548,9.548,3.031,195.267,0.011,0.009,0.016,32,
1986-01-25 01:34:14.331000+00:00,26857,19,641,1,-9.187,-2.515,0.494,9.538,9.538,2.966,195.313,0.011,0.017,0.008,32,
1986-01-25 01:34:16.251000+00:00,26857,19,673,1,-9.182,-2.516,0.492,9.533,9.533,2.957,195.327,0.013,0.004,0.005,32,
1986-01-25 01:34:18.171000+00:00,26857,19,705,1,-9.182,-2.511,0.505,9.532,9.532,3.036,195.293,0.009,0.008,0.015,32,
1986-01-25 01:34:20.091000+00:00,26857,19,737,1,-9.182,-2.52,0.494,9.535,9.535,2.969,195.347,0.014,0.012,0.007,32,
1986-01-25 01:34:22.011000+00:00,26857,19,769,1,-9.187,-2.51,0.494,9.536,9.536,2.97,195.279,0.012,0.007,0.004,32,
1986-01-25 01:34:23.931000+00:00,26857,20,1,1,-9.187,-2.508,0.508,9.537,9.537,3.054,195.272,0.019,0.007,0.013,32,
1986-01-25 01:34:25.851000+00:00,26857,20,33,1,-9.189,-2.51,0.503,9.538,9.538,3.024,195.276,0.011,0.007,0.013,32,
1986-01-25 01:34:27.771000+00:00,26857,20,65,1,-9.184,-2.514,0.507,9.536,9.536,3.05,195.309,0.005,0.013,0.009,32,
1986-01-25 01:34:29.691000+00:00,26857,20,97,1,-9.185,-2.515,0.503,9.536,9.536,3.023,195.315,0.016,0.009,0.015,32,
1986-01-25 01:34:31.611000+00:00,26857,20,129,1,-9.185,-2.508,0.508,9.535,9.535,3.056,195.272,0.005,0.012,0.017,32,
1986-01-25 01:34:33.531000+00:00,26857,20,161,1,-9.18,-2.51,0.504,9.53,9.53,3.034,195.291,0.008,0.013,0.011,32,
1986-01-25 01:34:35.451000+00:00,26857,20,193,1,-9.177,-2.51,0.498,9.528,9.528,2.999,195.297,0.014,0.004,0.015,32,
1986-01-25 01:34:37.371000+00:00,26857,20,225,1,-9.178,-2.512,0.511,9.53,9.53,3.076,195.309,0.012,0.007,0.014,32,
1986-01-25 01:34:39.291000+00:00,26857,20,257,1,-9.184,-2.507,0.508,9.534,9.534,3.055,195.27,0.007,0.013,0.007,32,
1986-01-25 01:34:41.211000+00:00,26857,20,289,1,-9.178,-2.513,0.504,9.529,9.529,3.034,195.313,0.015,0.007,0.013,32,
1986-01-25 01:34:43.131000+00:00,26857,20,321,1,-9.183,-2.507,0.502,9.532,9.532,3.02,195.269,0.011,0.01,0.013,32,
1986-01-25 01:34:45.051000+00:00,26857,20,353,1,-9.179,-2.502,0.508,9.528,9.528,3.059,195.248,0.008,0.015,0.011,32,
1986-01-25 01:34:46.971000+00:00,26857,20,385,1,-9.179,-2.51,0.507,9.529,9.529,3.049,195.294,0.014,0.01,0.014,32,
1986-01-25 01:34:48.891000+00:00,26857,20,417,1,-9.178,-2.514,0.504,9.53,9.53,3.03,195.319,0.007,0.008,0.014,32,
1986-01-25 01:34:50.811000+00:00,26857,20,449,1,-9.171,-2.505,0.509,9.521,9.521,3.062,195.279,0.007,0.019,0.009,32,
1986-01-25 01:34:52.731000+00:00,26857,20,481,1,-9.178,-2.511,0.506,9.529,9.529,3.045,195.303,0.013,0.01,0.012,32,
1986-01-25 01:34:54.651000+00:00,26857,20,513,1,-9.175,-2.501,0.516,9.524,9.524,3.108,195.251,0.01,0.01,0.015,32,
1986-01-25 01:34:56.571000+00:00,26857,20,545,1,-9.161,-2.508,0.504,9.511,9.511,3.035,195.311,0.009,0.013,0.011,32,
1986-01-25 01:34:58.491000+00:00,26857,20,577,1,-9.158,-2.507,0.513,9.508,9.508,3.092,195.308,0.014,0.008,0.013,32,
1986-01-25 01:35:00.411000+00:00,26857,20,609,1,-9.168,-2.509,0.504,9.518,9.518,3.037,195.307,0.004,0.012,0.015,32,
1986-01-25 01:35:02.331000+00:00,26857,20,641,1,-9.171,-2.513,0.508,9.523,9.523,3.059,195.326,0.009,0.017,0.008,32,
1986-01-25 01:35:04.251000+00:00,26857,20,673,1,-9.165,-2.511,0.506,9.516,9.516,3.047,195.324,0.016,0.01,0.018,32,
1986-01-25 01:35:06.171000+00:00,26857,20,705,1,-9.157,-2.507,0.508,9.508,9.508,3.066,195.312,0.013,0.01,0.014,32,
1986-01-25 01:35:08.091000+00:00,26857,20,737,1,-9.158,-2.5,0.514,9.507,9.507,3.102,195.27,0.011,0.013,0.006,32,
1986-01-25 01:35:10.011000+00:00,26857,20,769,1,-9.172,-2.5,0.518,9.52,9.52,3.119,195.248,0.015,0.009,0.016,32,
1986-01-25 01:35:11.931000+00:00,26857,21,1,1,-9.163,-2.494,0.52,9.511,9.511,3.134,195.225,0.012,0.005,0.004,32,
1986-01-25 01:35:13.851000+00:00,26857,21,33,1,-9.151,-2.488,0.52,9.497,9.497,3.141,195.213,0.007,0.014,0.012,32,
1986-01-25 01:35:15.771000+00:00,26857,21,65,1,-9.153,-2.499,0.514,9.502,9.502,3.104,195.27,0.017,0.016,0.012,32,
1986-01-25 01:35:17.691000+00:00,26857,21,97,1,-9.16,-2.504,0.507,9.509,9.509,3.059,195.289,0.015,0.008,0.01,32,
1986-01-25 01:35:19.611000+00:00,26857,21,129,1,-9.155,-2.503,0.507,9.505,9.505,3.056,195.294,0.005,0.014,0.012,32,
1986-01-25 01:35:21.531000+00:00,26857,21,161,1,-9.152,-2.499,0.517,9.501,9.501,3.118,195.273,0.015,0.011,0.012,32,
1986-01-25 01:35:23.451000+00:00,26857,21,193,1,-9.166,-2.503,0.506,9.515,9.515,3.05,195.273,0.016,0.004,0.006,32,
1986-01-25 01:35:25.371000+00:00,26857,21,225,1,-9.145,-2.504,0.506,9.496,9.496,3.056,195.315,0.007,0.006,0.019,32,
1986-01-25 01:35:27.291000+00:00,26857,21,257,1,-9.151,-2.501,0.508,9.5,9.5,3.063,195.286,0.017,0.015,0.006,32,
1986-01-25 01:35:29.211000+00:00,26857,21,289,1,-9.148,-2.497,0.521,9.497,9.497,3.147,195.268,0.016,0.007,0.012,32,
1986-01-25 01:35:31.131000+00:00,26857,21,321,1,-9.133,-2.489,0.52,9.481,9.481,3.142,195.245,0.007,0.008,0.011,32,
1986-01-25 01:35:33.051000+00:00,26857,21,353,1,-9.131,-2.493,0.515,9.479,9.479,3.114,195.274,0.017,0.013,0.006,32,
1986-01-25 01:35:34.971000+00:00,26857,21,385,1,-9.132,-2.489,0.511,9.479,9.479,3.091,195.244,0.016,0.009,0.013,32,
1986-01-25 01:35:36.891000+00:00,26857,21,417,1,-9.126,-2.493,0.515,9.474,9.474,3.117,195.283,0.01,0.007,0.008,32,
1986-01-25 01:35:38.811000+00:00,26857,21,449,1,-9.123,-2.485,0.525,9.47,9.47,3.177,195.239,0.016,0.015,0.01,32,
1986-01-25 01:35:40.731000+00:00,26857,21,481,1,-9.133,-2.492,0.522,9.481,9.481,3.154,195.261,0.014,0.009,0.013,32,
1986-01-25 01:35:42.651000+00:00,26857,21,513,1,-9.137,-2.485,0.533,9.483,9.483,3.222,195.215,0.012,0.01,0.014,32,
1986-01-25 01:35:44.571000+00:00,26857,21,545,1,-9.132,-2.489,0.528,9.48,9.48,3.195,195.244,0.014,0.014,0.007,32,
1986-01-25 01:35:46.491000+00:00,26857,21,577,1,-9.134,-2.491,0.533,9.483,9.483,3.221,195.256,0.013,0.006,0.009,32,
1986-01-25 01:35:48.411000+00:00,26857,21,609,1,-9.134,-2.485,0.527,9.481,9.481,3.184,195.221,0.007,0.015,0.013,32,
1986-01-25 01:35:50.331000+00:00,26857,21,641,1,-9.115,-2.488,0.52,9.463,9.463,3.151,195.268,0.014,0.014,0.009,32,
1986-01-25 01:35:52.251000+00:00,26857,21,673,1,-9.117,-2.483,0.52,9.463,9.463,3.151,195.233,0.014,0.01,0.013,32,
1986-01-25 01:35:54.171000+00:00,26857,21,705,1,-9.131,-2.489,0.523,9.478,9.478,3.162,195.246,0.009,0.01,0.011,32,
1986-01-25 01:35:56.091000+00:00,26857,21,737,1,-9.127,-2.49,0.52,9.474,9.474,3.146,195.261,0.016,0.018,0.005,32,
1986-01-25 01:35:58.011000+00:00,26857,21,769,1,-9.119,-2.482,0.524,9.466,9.466,3.174,195.224,0.017,0.009,0.017,32,
1986-01-25 01:35:59.931000+00:00,26857,22,1,1,-9.112,-2.479,0.528,9.458,9.458,3.202,195.22,0.013,0.005,0.013,32,
1986-01-25 01:36:01.851000+00:00,26857,22,33,1,-9.12,-2.479,0.53,9.466,9.466,3.208,195.208,0.009,0.012,0.01,32,
1986-01-25 01:36:03.771000+00:00,26857,22,65,1,-9.126,-2.484,0.527,9.473,9.473,3.188,195.228,0.016,0.015,0.006,32,
1986-01-25 01:36:05.691000+00:00,26857,22,97,1,-9.117,-2.482,0.53,9.464,9.464,3.207,195.23,0.014,0.01,0.01,32,
1986-01-25 01:36:07.611000+00:00,26857,22,129,1,-9.12,-2.488,0.518,9.467,9.467,3.134,195.26,0.007,0.011,0.017,32,
1986-01-25 01:36:09.531000+00:00,26857,22,161,1,-9.125,-2.481,0.523,9.471,9.471,3.167,195.21,0.011,0.014,0.005,32,
1986-01-25 01:36:11.451000+00:00,26857,22,193,1,-9.105,-2.479,0.528,9.452,9.452,3.2,195.23,0.013,0.007,0.012,32,
1986-01-25 01:36:13.371000+00:00,26857,22,225,1,-9.099,-2.478,0.53,9.446,9.446,3.215,195.234,0.011,0.014,0.018,32,
1986-01-25 01:36:15.291000+00:00,26857,22,257,1,-9.11,-2.475,0.535,9.455,9.455,3.241,195.2,0.012,0.015,0.006,32,
1986-01-25 01:36:17.211000+00:00,26857,22,289,1,-9.112,-2.467,0.54,9.456,9.456,3.275,195.147,0.014,0.006,0.013,32,
1986-01-25 01:36:19.131000+00:00,26857,22,321,1,-9.103,-2.472,0.529,9.448,9.448,3.21,195.192,0.006,0.014,0.014,32,
1986-01-25 01:36:21.051000+00:00,26857,22,353,1,-9.097,-2.476,0.527,9.443,9.443,3.2,195.228,0.015,0.01,0.007,32,
1986-01-25 01:36:22.971000+00:00,26857,22,385,1,-9.097,-2.477,0.52,9.443,9.443,3.159,195.234,0.013,0.009,0.013,32,
1986-01-25 01:36:24.891000+00:00,26857,22,417,1,-9.092,-2.469,0.535,9.437,9.437,3.252,195.192,0.004,0.013,0.016,32,
1986-01-25 01:36:26.811000+00:00,26857,22,449,1,-9.095,-2.472,0.539,9.44,9.44,3.274,195.204,0.016,0.02,0.005,32,
1986-01-25 01:36:28.731000+00:00,26857,22,481,1,-9.093,-2.477,0.529,9.439,9.439,3.211,195.239,0.017,0.013,0.011,32,
1986-01-25 01:36:30.651000+00:00,26857,22,513,1,-9.099,-2.476,0.536,9.445,9.445,3.251,195.219,0.007,0.013,0.014,32,
1986-01-25 01:36:32.571000+00:00,26857,22,545,1,-9.085,-2.477,0.531,9.432,9.432,3.225,195.25,0.014,0.017,0.007,32,
1986-01-25 01:36:34.491000+00:00,26857,22,577,1,-9.097,-2.473,0.532,9.442,9.442,3.229,195.21,0.014,0.007,0.013,32,
1986-01-25 01:36:36.411000+00:00,26857,22,609,1,-9.102,-2.472,0.535,9.447,9.447,3.249,195.198,0.004,0.013,0.017,32,
1986-01-25 01:36:38.331000+00:00,26857,22,641,1,-9.094,-2.47,0.534,9.439,9.439,3.241,195.197,0.016,0.012,0.009,32,
1986-01-25 01:36:40.251000+00:00,26857,22,673,1,-9.096,-2.472,0.537,9.441,9.441,3.259,195.202,0.012,0.004,0.008,32,
1986-01-25 01:36:42.171000+00:00,26857,22,705,1,-9.089,-2.476,0.533,9.435,9.435,3.24,195.238,0.006,0.012,0.017,32,
1986-01-25 01:36:44.091000+00:00,26857,22,737,1,-9.086,-2.467,0.542,9.431,9.431,3.292,195.189,0.013,0.018,0.006,32,
1986-01-25 01:36:46.011000+00:00,26857,22,769,1,-9.093,-2.464,0.543,9.436,9.436,3.298,195.165,0.016,0.007,0.012,32,
1986-01-25 01:36:47.931000+00:00,26857,23,1,1,-9.092,-2.461,0.547,9.435,9.435,3.324,195.144,0.017,0.006,0.007,32,
1986-01-25 01:36:49.851000+00:00,26857,23,33,1,-9.085,-2.464,0.545,9.429,9.429,3.314,195.177,0.006,0.009,0.011,32,
1986-01-25 01:36:51.771000+00:00,26857,23,65,1,-9.084,-2.455,0.555,9.427,9.427,3.375,195.124,0.011,0.018,0.008,32,
1986-01-25 01:36:53.691000+00:00,26857,23,97,1,-9.079,-2.465,0.54,9.423,9.423,3.287,195.19,0.017,0.009,0.012,32,
1986-01-25 01:36:55.611000+00:00,26857,23,129,1,-9.082,-2.466,0.54,9.427,9.427,3.281,195.193,0.008,0.01,0.013,32,
1986-01-25 01:36:57.531000+00:00,26857,23,161,1,-9.078,-2.47,0.543,9.424,9.424,3.305,195.221,0.009,0.016,0.007,32,
1986-01-25 01:36:59.451000+00:00,26857,23,193,1,-9.07,-2.466,0.541,9.415,9.415,3.294,195.209,0.015,0.009,0.013,32,
1986-01-25 01:37:01.371000+00:00,26857,23,225,1,-9.074,-2.466,0.545,9.419,9.419,3.315,195.203,0.005,0.009,0.014,32,
1986-01-25 01:37:03.291000+00:00,26857,23,257,1,-9.074,-2.463,0.547,9.418,9.418,3.328,195.184,0.006,0.019,0.009,32,
1986-01-25 01:37:05.211000+00:00,26857,23,289,1,-9.072,-2.468,0.547,9.417,9.417,3.329,195.217,0.02,0.009,0.014,32,
1986-01-25 01:37:07.131000+00:00,26857,23,321,1,-9.079,-2.461,0.548,9.422,9.422,3.337,195.166,0.003,0.01,0.013,32,
1986-01-25 01:37:09.051000+00:00,26857,23,353,1,-9.076,-2.463,0.539,9.42,9.42,3.278,195.186,0.007,0.017,0.009,32,
1986-01-25 01:37:10.971000+00:00,26857,23,385,1,-9.077,-2.463,0.546,9.421,9.421,3.322,195.179,0.018,0.007,0.014,32,
1986-01-25 01:37:12.891000+00:00,26857,23,417,1,-9.074,-2.456,0.553,9.417,9.417,3.364,195.148,0.006,0.01,0.018,32,
1986-01-25 01:37:14.811000+00:00,26857,23,449,1,-9.076,-2.461,0.548,9.419,9.419,3.335,195.168,0.007,0.018,0.009,32,
1986-01-25 01:37:16.731000+00:00,26857,23,481,1,-9.074,-2.461,0.546,9.417,9.417,3.322,195.176,0.021,0.004,0.012,32,
1986-01-25 01:37:18.651000+00:00,26857,23,513,1,-9.083,-2.45,0.561,9.424,9.424,3.41,195.095,0.012,0.01,0.017,32,
1986-01-25 01:37:20.571000+00:00,26857,23,545,1,-9.08,-2.452,0.559,9.422,9.422,3.401,195.111,0.008,0.018,0.003,32,
1986-01-25 01:37:22.491000+00:00,26857,23,577,1,-9.065,-2.444,0.561,9.405,9.405,3.418,195.09,0.016,0.0,0.013,32,
1986-01-25 01:37:24.411000+00:00,26857,23,609,1,-9.072,-2.447,0.56,9.413,9.413,3.411,195.096,0.012,0.011,0.016,32,
1986-01-25 01:37:26.331000+00:00,26857,23,641,1,-9.056,-2.45,0.556,9.398,9.398,3.393,195.139,0.012,0.018,0.006,32,
1986-01-25 01:37:28.251000+00:00,26857,23,673,1,-9.056,-2.459,0.546,9.4,9.4,3.328,195.189,0.017,0.003,0.011,32,
1986-01-25 01:37:30.171000+00:00,26857,23,705,1,-9.057,-2.458,0.547,9.401,9.401,3.334,195.181,0.01,0.013,0.017,32,
1986-01-25 01:37:32.091000+00:00,26857,23,737,1,-9.065,-2.456,0.557,9.408,9.408,3.395,195.159,0.01,0.014,0.008,32,
1986-01-25 01:37:34.011000+00:00,26857,23,769,1,-9.054,-2.462,0.551,9.399,9.399,3.358,195.213,0.018,0.009,0.014,32,
1986-01-25 01:37:35.931000+00:00,26857,24,1,1,-9.053,-2.461,0.539,9.397,9.397,3.289,195.207,0.019,0.004,0.013,32,
1986-01-25 01:37:37.851000+00:00,26857,24,33,1,-9.057,-2.444,0.549,9.397,9.397,3.349,195.103,0.006,0.01,0.013,32,
1986-01-25 01:37:39.771000+00:00,26857,24,65,1,-9.057,-2.453,0.55,9.399,9.399,3.357,195.155,0.014,0.018,0.007,32,
1986-01-25 01:37:41.691000+00:00,26857,24,97,1,-9.058,-2.46,0.538,9.402,9.402,3.278,195.196,0.015,0.008,0.012,32,
1986-01-25 01:37:43.611000+00:00,26857,24,129,1,-9.047,-2.454,0.549,9.39,9.39,3.349,195.174,0.01,0.01,0.016,32,
1986-01-25 01:37:45.531000+00:00,26857,24,161,1,-9.052,-2.466,0.53,9.397,9.397,3.231,195.238,0.014,0.016,0.008,32,
1986-01-25 01:37:47.451000+00:00,26857,24,193,1,-9.052,-2.465,0.546,9.398,9.398,3.33,195.235,0.017,0.008,0.012,32,
1986-01-25 01:37:49.371000+00:00,26857,24,225,1,-9.051,-2.454,0.549,9.394,9.394,3.352,195.168,0.011,0.011,0.01,32,
1986-01-25 01:37:51.291000+00:00,26857,24,257,1,-9.045,-2.457,0.546,9.389,9.389,3.335,195.198,0.013,0.015,0.009,32,
1986-01-25 01:37:53.211000+00:00,26857,24,289,1,-9.045,-2.46,0.546,9.389,9.389,3.337,195.216,0.015,0.007,0.011,32,
1986-01-25 01:37:55.131000+00:00,26857,24,321,1,-9.041,-2.457,0.551,9.385,9.385,3.364,195.206,0.009,0.018,0.015,32,
1986-01-25 01:37:57.051000+00:00,26857,24,353,1,-9.032,-2.448,0.558,9.374,9.374,3.414,195.166,0.012,0.018,0.007,32,
1986-01-25 01:37:58.971000+00:00,26857,24,385,1,-9.037,-2.45,0.555,9.38,9.38,3.39,195.166,0.019,0.005,0.014,32,
1986-01-25 01:38:00.891000+00:00,26857,24,417,1,-9.037,-2.45,0.555,9.38,9.38,3.39,195.167,0.008,0.009,0.011,32,
1986-01-25 01:38:02.811000+00:00,26857,24,449,1,-9.038,-2.448,0.56,9.381,9.381,3.421,195.155,0.012,0.014,0.01,32,
1986-01-25 01:38:04.731000+00:00,26857,24,481,1,-9.03,-2.445,0.554,9.371,9.371,3.391,195.154,0.01,0.004,0.014,32,
1986-01-25 01:38:06.651000+00:00,26857,24,513,1,-9.03,-2.445,0.548,9.371,9.371,3.35,195.148,0.008,0.01,0.009,32,
1986-01-25 01:38:08.571000+00:00,26857,24,545,1,-9.029,-2.437,0.562,9.369,9.369,3.439,195.104,0.014,0.017,0.005,32,
1986-01-25 01:38:10.491000+00:00,26857,24,577,1,-9.032,-2.447,0.568,9.374,9.374,3.474,195.16,0.016,0.006,0.01,32,
1986-01-25 01:38:12.411000+00:00,26857,24,609,1,-9.039,-2.44,0.564,9.38,9.38,3.448,195.107,0.008,0.009,0.01,32,
1986-01-25 01:38:14.331000+00:00,26857,24,641,1,-9.028,-2.441,0.563,9.369,9.369,3.446,195.13,0.012,0.014,0.007,32,
1986-01-25 01:38:16.251000+00:00,26857,24,673,1,-9.033,-2.438,0.563,9.373,9.373,3.441,195.103,0.02,0.008,0.012,32,
1986-01-25 01:38:18.171000+00:00,26857,24,705,1,-9.033,-2.44,0.571,9.375,9.375,3.493,195.116,0.006,0.013,0.012,32,
1986-01-25 01:38:20.091000+00:00,26857,24,737,1,-9.038,-2.439,0.573,9.379,9.379,3.501,195.101,0.012,0.017,0.004,32,
1986-01-25 01:38:22.011000+00:00,26857,24,769,1,-9.025,-2.433,0.577,9.365,9.365,3.534,195.085,0.017,0.011,0.012,32,
1986-01-25 01:38:23.931000+00:00,26857,25,1,1,-9.023,-2.436,0.575,9.364,9.364,3.52,195.108,0.011,0.008,0.011,32,
1986-01-25 01:38:25.851000+00:00,26857,25,33,1,-9.022,-2.434,0.571,9.362,9.362,3.498,195.1,0.007,0.011,0.018,32,
1986-01-25 01:38:27.771000+00:00,26857,25,65,1,-9.014,-2.436,0.571,9.355,9.355,3.497,195.121,0.014,0.008,0.006,32,
1986-01-25 01:38:29.691000+00:00,26857,25,97,1,-9.029,-2.433,0.578,9.369,9.369,3.535,195.082,0.012,0.006,0.011,32,
1986-01-25 01:38:31.611000+00:00,26857,25,129,1,-9.023,-2.437,0.578,9.365,9.365,3.539,195.115,0.008,0.01,0.017,32,
1986-01-25 01:38:33.531000+00:00,26857,25,161,1,-9.015,-2.437,0.57,9.355,9.356,3.491,195.126,0.013,0.011,0.009,32,
1986-01-25 01:38:35.451000+00:00,26857,25,193,1,-9.011,-2.43,0.576,9.35,9.35,3.532,195.09,0.011,0.005,0.011,32,
1986-01-25 01:38:37.371000+00:00,26857,25,225,1,-9.009,-2.432,0.572,9.349,9.349,3.506,195.11,0.007,0.01,0.009,32,
1986-01-25 01:38:39.291000+00:00,26857,25,257,1,-9.007,-2.432,0.577,9.347,9.347,3.536,195.112,0.016,0.012,0.009,32,
1986-01-25 01:38:41.211000+00:00,26857,25,289,1,-9.004,-2.429,0.575,9.343,9.343,3.527,195.099,0.01,0.01,0.01,32,
1986-01-25 01:38:43.131000+00:00,26857,25,321,1,-9.007,-2.426,0.579,9.346,9.346,3.549,195.072,0.005,0.007,0.013,32,
1986-01-25 01:38:45.051000+00:00,26857,25,353,1,-9.0,-2.425,0.57,9.339,9.339,3.497,195.081,0.013,0.008,0.004,32,
1986-01-25 01:38:46.971000+00:00,26857,25,385,1,-8.997,-2.43,0.576,9.337,9.337,3.536,195.117,0.008,0.007,0.008,32,
1986-01-25 01:38:48.891000+00:00,26857,25,417,1,-8.992,-2.422,0.582,9.331,9.331,3.576,195.074,0.009,0.008,0.012,32,
1986-01-25 01:38:50.811000+00:00,26857,25,449,1,-8.997,-2.429,0.576,9.337,9.337,3.538,195.107,0.012,0.01,0.005,32,
1986-01-25 01:38:52.731000+00:00,26857,25,481,1,-8.985,-2.424,0.573,9.324,9.324,3.524,195.098,0.013,0.006,0.011,32,
1986-01-25 01:38:54.651000+00:00,26857,25,513,1,-9.003,-2.418,0.583,9.34,9.34,3.576,195.035,0.008,0.006,0.014,32,
1986-01-25 01:38:56.571000+00:00,26857,25,545,1,-8.992,-2.415,0.596,9.33,9.33,3.661,195.031,0.015,0.008,0.012,32,
1986-01-25 01:38:58.491000+00:00,26857,25,577,1,-8.986,-2.418,0.585,9.324,9.324,3.596,195.063,0.008,0.006,0.007,32,
1986-01-25 01:39:00.411000+00:00,26857,25,609,1,-8.995,-2.428,0.576,9.335,9.335,3.539,195.104,0.007,0.009,0.01,32,
1986-01-25 01:39:02.331000+00:00,26857,25,641,1,-8.993,-2.426,0.577,9.332,9.332,3.542,195.1,0.013,0.013,0.012,32,
1986-01-25 01:39:04.251000+00:00,26857,25,673,1,-8.99,-2.424,0.579,9.329,9.329,3.56,195.089,0.008,0.011,0.008,32,
1986-01-25 01:39:06.171000+00:00,26857,25,705,1,-8.997,-2.415,0.581,9.334,9.334,3.566,195.025,0.006,0.01,0.014,32,
1986-01-25 01:39:08.091000+00:00,26857,25,737,1,-8.989,-2.418,0.57,9.326,9.326,3.504,195.056,0.014,0.013,0.012,32,
1986-01-25 01:39:10.011000+00:00,26857,25,769,1,-8.985,-2.418,0.575,9.323,9.323,3.536,195.062,0.013,0.007,0.01,32,
1986-01-25 01:39:11.931000+00:00,26857,26,1,1,-8.983,-2.421,0.578,9.321,9.321,3.554,195.083,0.011,0.01,0.01,32,
1986-01-25 01:39:13.851000+00:00,26857,26,33,1,-8.982,-2.425,0.579,9.321,9.321,3.56,195.109,0.007,0.011,0.015,32,
1986-01-25 01:39:15.771000+00:00,26857,26,65,1,-8.987,-2.425,0.578,9.326,9.326,3.555,195.1,0.009,0.016,0.01,32,
1986-01-25 01:39:17.691000+00:00,26857,26,97,1,-8.981,-2.429,0.585,9.322,9.322,3.601,195.132,0.013,0.007,0.01,32,
1986-01-25 01:39:19.611000+00:00,26857,26,129,1,-8.984,-2.423,0.584,9.324,9.324,3.59,195.096,0.006,0.01,0.016,32,
1986-01-25 01:39:21.531000+00:00,26857,26,161,1,-8.985,-2.421,0.583,9.324,9.324,3.582,195.08,0.013,0.011,0.009,32,
1986-01-25 01:39:23.451000+00:00,26857,26,193,1,-8.984,-2.415,0.587,9.321,9.321,3.613,195.049,0.011,0.006,0.011,32,
1986-01-25 01:39:25.371000+00:00,26857,26,225,1,-8.987,-2.417,0.586,9.324,9.324,3.603,195.052,0.007,0.01,0.013,32,
1986-01-25 01:39:27.291000+00:00,26857,26,257,1,-8.982,-2.419,0.593,9.32,9.32,3.65,195.072,0.01,0.017,0.007,32,
1986-01-25 01:39:29.211000+00:00,26857,26,289,1,-8.977,-2.419,0.589,9.316,9.316,3.625,195.083,0.016,0.007,0.018,32,
1986-01-25 01:39:31.131000+00:00,26857,26,321,1,-8.98,-2.424,0.577,9.319,9.319,3.55,195.107,0.01,0.01,0.017,32,
1986-01-25 01:39:33.051000+00:00,26857,26,353,1,-8.978,-2.423,0.589,9.318,9.318,3.624,195.103,0.009,0.016,0.009,32,
1986-01-25 01:39:34.971000+00:00,26857,26,385,1,-8.979,-2.412,0.602,9.317,9.317,3.703,195.036,0.013,0.007,0.013,32,
1986-01-25 01:39:36.891000+00:00,26857,26,417,1,-8.972,-2.409,0.599,9.309,9.309,3.688,195.03,0.006,0.011,0.012,32,
1986-01-25 01:39:38.811000+00:00,26857,26,449,1,-8.977,-2.411,0.597,9.314,9.314,3.673,195.032,0.011,0.015,0.009,32,
1986-01-25 01:39:40.731000+00:00,26857,26,481,1,-8.972,-2.409,0.59,9.308,9.308,3.632,195.029,0.015,0.004,0.013,32,
1986-01-25 01:39:42.651000+00:00,26857,26,513,1,-8.968,-2.406,0.591,9.304,9.304,3.642,195.021,0.008,0.013,0.015,32,
1986-01-25 01:39:44.571000+00:00,26857,26,545,1,-8.968,-2.408,0.587,9.304,9.304,3.619,195.031,0.009,0.02,0.009,32,
1986-01-25 01:39:46.491000+00:00,26857,26,577,1,-8.966,-2.408,0.592,9.302,9.302,3.651,195.035,0.015,0.009,0.014,32,
1986-01-25 01:39:48.411000+00:00,26857,26,609,1,-8.955,-2.411,0.589,9.293,9.293,3.633,195.066,0.008,0.009,0.017,32,
1986-01-25 01:39:50.331000+00:00,26857,26,641,1,-8.954,-2.4,0.597,9.29,9.29,3.687,195.003,0.012,0.015,0.01,32,
1986-01-25 01:39:52.251000+00:00,26857,26,673,1,-8.959,-2.408,0.588,9.295,9.295,3.627,195.048,0.013,0.011,0.015,32,
1986-01-25 01:39:54.171000+00:00,26857,26,705,1,-8.959,-2.404,0.596,9.295,9.295,3.679,195.023,0.01,0.009,0.017,32,
1986-01-25 01:39:56.091000+00:00,26857,26,737,1,-8.956,-2.406,0.598,9.292,9.292,3.691,195.035,0.01,0.015,0.01,32,
1986-01-25 01:39:58.011000+00:00,26857,26,769,1,-8.943,-2.408,0.591,9.281,9.281,3.649,195.068,0.008,0.01,0.014,32,
1986-01-25 01:39:59.931000+00:00,26857,27,1,1,-8.94,-2.403,0.587,9.275,9.275,3.631,195.045,0.011,0.008,0.01,32,
1986-01-25 01:40:01.851000+00:00,26857,27,33,1,-8.934,-2.396,0.59,9.268,9.268,3.647,195.013,0.012,0.01,0.012,32,
1986-01-25 01:40:03.771000+00:00,26857,27,65,1,-8.936,-2.392,0.585,9.269,9.269,3.619,194.986,0.015,0.016,0.01,32,
1986-01-25 01:40:05.691000+00:00,26857,27,97,1,-8.935,-2.388,0.601,9.268,9.268,3.716,194.965,0.016,0.013,0.012,32,
1986-01-25 01:40:07.611000+00:00,26857,27,129,1,-8.934,-2.401,0.597,9.27,9.27,3.691,195.041,0.01,0.009,0.018,32,
1986-01-25 01:40:09.531000+00:00,26857,27,161,1,-8.946,-2.402,0.591,9.282,9.282,3.649,195.03,0.011,0.019,0.013,32,
1986-01-25 01:40:11.451000+00:00,26857,27,193,1,-8.94,-2.403,0.593,9.276,9.276,3.668,195.046,0.012,0.012,0.014,32,
1986-01-25 01:40:13.371000+00:00,26857,27,225,1,-8.929,-2.396,0.599,9.265,9.265,3.706,195.018,0.011,0.009,0.017,32,
1986-01-25 01:40:15.291000+00:00,26857,27,257,1,-8.927,-2.4,0.593,9.263,9.263,3.668,195.048,0.01,0.015,0.012,32,
1986-01-25 01:40:17.211000+00:00,26857,27,289,1,-8.934,-2.388,0.6,9.268,9.268,3.711,194.967,0.014,0.008,0.008,32,
1986-01-25 01:40:19.131000+00:00,26857,27,321,1,-8.927,-2.391,0.597,9.261,9.261,3.698,194.996,0.01,0.011,0.018,32,
1986-01-25 01:40:21.051000+00:00,26857,27,353,1,-8.927,-2.391,0.6,9.262,9.262,3.715,194.995,0.01,0.015,0.007,32,
1986-01-25 01:40:22.971000+00:00,26857,27,385,1,-8.934,-2.395,0.6,9.269,9.269,3.713,195.008,0.019,0.009,0.012,32,
1986-01-25 01:40:24.891000+00:00,26857,27,417,1,-8.933,-2.394,0.6,9.267,9.267,3.711,195.001,0.01,0.012,0.014,32,
1986-01-25 01:40:26.811000+00:00,26857,27,449,1,-8.936,-2.396,0.604,9.271,9.271,3.736,195.008,0.013,0.012,0.009,32,
1986-01-25 01:40:28.731000+00:00,26857,27,481,1,-8.933,-2.385,0.605,9.266,9.266,3.743,194.952,0.011,0.011,0.014,32,
1986-01-25 01:40:30.651000+00:00,26857,27,513,1,-8.926,-2.387,0.607,9.26,9.26,3.762,194.972,0.011,0.008,0.017,32,
1986-01-25 01:40:32.571000+00:00,26857,27,545,1,-8.937,-2.382,0.62,9.27,9.27,3.833,194.923,0.016,0.014,0.007,32,
1986-01-25 01:40:34.491000+00:00,26857,27,577,1,-8.93,-2.39,0.599,9.264,9.264,3.711,194.983,0.016,0.008,0.013,32,
1986-01-25 01:40:36.411000+00:00,26857,27,609,1,-8.929,-2.38,0.609,9.261,9.261,3.773,194.926,0.01,0.013,0.016,32,
1986-01-25 01:40:38.331000+00:00,26857,27,641,1,-8.923,-2.382,0.618,9.256,9.256,3.831,194.95,0.018,0.012,0.011,32,
1986-01-25 01:40:40.251000+00:00,26857,27,673,1,-8.914,-2.376,0.619,9.246,9.246,3.841,194.927,0.019,0.011,0.012,32,
1986-01-25 01:40:42.171000+00:00,26857,27,705,1,-8.912,-2.375,0.628,9.244,9.244,3.897,194.925,0.01,0.006,0.015,32,
1986-01-25 01:40:44.091000+00:00,26857,27,737,1,-8.909,-2.381,0.615,9.242,9.242,3.815,194.965,0.007,0.014,0.011,32,
1986-01-25 01:40:46.011000+00:00,26857,27,769,1,-8.921,-2.381,0.613,9.253,9.253,3.796,194.944,0.015,0.013,0.013,32,
1986-01-25 01:40:47.931000+00:00,26857,28,1,1,-8.916,-2.392,0.607,9.251,9.251,3.764,195.018,0.018,0.012,0.007,32,
1986-01-25 01:40:49.851000+00:00,26857,28,33,1,-8.912,-2.4,0.597,9.249,9.249,3.704,195.07,0.006,0.014,0.013,32,
1986-01-25 01:40:51.771000+00:00,26857,28,65,1,-8.911,-2.394,0.603,9.247,9.247,3.742,195.037,0.014,0.015,0.01,32,
1986-01-25 01:40:53.691000+00:00,26857,28,97,1,-8.914,-2.402,0.599,9.252,9.252,3.712,195.083,0.013,0.011,0.008,32,
1986-01-25 01:40:55.611000+00:00,26857,28,129,1,-8.911,-2.398,0.599,9.248,9.248,3.717,195.061,0.006,0.013,0.015,32,
1986-01-25 01:40:57.531000+00:00,26857,28,161,1,-8.901,-2.396,0.6,9.237,9.237,3.727,195.063,0.015,0.012,0.011,32,
1986-01-25 01:40:59.451000+00:00,26857,28,193,1,-8.905,-2.392,0.6,9.241,9.241,3.726,195.038,0.013,0.009,0.009,32,
1986-01-25 01:41:01.371000+00:00,26857,28,225,1,-8.907,-2.387,0.604,9.241,9.241,3.747,195.005,0.009,0.009,0.016,32,
1986-01-25 01:41:03.291000+00:00,26857,28,257,1,-8.9,-2.385,0.604,9.234,9.234,3.75,195.004,0.014,0.012,0.013,32,
1986-01-25 01:41:05.211000+00:00,26857,28,289,1,-8.881,-2.388,0.599,9.215,9.215,3.724,195.048,0.018,0.009,0.012,32,
1986-01-25 01:41:07.131000+00:00,26857,28,321,1,-8.878,-2.386,0.597,9.213,9.213,3.718,195.044,0.004,0.01,0.015,32,
1986-01-25 01:41:09.051000+00:00,26857,28,353,1,-8.876,-2.384,0.606,9.21,9.21,3.77,195.035,0.012,0.021,0.012,32,
1986-01-25 01:41:10.971000+00:00,26857,28,385,1,-8.875,-2.385,0.6,9.21,9.21,3.732,195.045,0.013,0.011,0.011,32,
1986-01-25 01:41:12.891000+00:00,26857,28,417,1,-8.883,-2.385,0.605,9.218,9.218,3.764,195.029,0.01,0.009,0.01,32,
1986-01-25 01:41:14.811000+00:00,26857,28,449,1,-8.878,-2.377,0.598,9.21,9.21,3.721,194.991,0.013,0.018,0.009,32,
1986-01-25 01:41:16.731000+00:00,26857,28,481,1,-8.881,-2.382,0.59,9.214,9.214,3.674,195.014,0.017,0.01,0.012,32,
1986-01-25 01:41:18.651000+00:00,26857,28,513,1,-8.874,-2.384,0.592,9.208,9.208,3.688,195.037,0.006,0.013,0.019,32,
1986-01-25 01:41:20.571000+00:00,26857,28,545,1,-8.876,-2.386,0.604,9.211,9.211,3.757,195.049,0.014,0.014,0.012,32,
1986-01-25 01:41:22.491000+00:00,26857,28,577,1,-8.877,-2.377,0.605,9.21,9.21,3.763,194.99,0.016,0.012,0.01,32,
1986-01-25 01:41:24.411000+00:00,26857,28,609,1,-8.887,-2.371,0.613,9.219,9.219,3.814,194.939,0.01,0.009,0.012,32,
1986-01-25 01:41:26.331000+00:00,26857,28,641,1,-8.878,-2.382,0.6,9.211,9.211,3.733,195.021,0.011,0.013,0.012,32,
1986-01-25 01:41:28.251000+00:00,26857,28,673,1,-8.877,-2.374,0.609,9.209,9.209,3.791,194.973,0.016,0.014,0.007,32,
1986-01-25 01:41:30.171000+00:00,26857,28,705,1,-8.88,-2.38,0.608,9.214,9.214,3.782,195.005,0.011,0.012,0.017,32,
1986-01-25 01:41:32.091000+00:00,26857,28,737,1,-8.877,-2.376,0.607,9.209,9.209,3.781,194.983,0.014,0.013,0.011,32,
1986-01-25 01:41:34.011000+00:00,26857,28,769,1,-8.88,-2.367,0.611,9.21,9.21,3.805,194.925,0.019,0.012,0.009,32,
1986-01-25 01:41:35.931000+00:00,26857,29,1,1,-8.872,-2.366,0.597,9.201,9.201,3.722,194.932,0.016,0.013,0.013,32,
1986-01-25 01:41:37.851000+00:00,26857,29,33,1,-8.877,-2.365,0.607,9.207,9.207,3.781,194.92,0.012,0.008,0.016,32,
1986-01-25 01:41:39.771000+00:00,26857,29,65,1,-8.875,-2.369,0.623,9.206,9.206,3.88,194.944,0.007,0.016,0.012,32,
1986-01-25 01:41:41.691000+00:00,26857,29,97,1,-8.87,-2.383,0.603,9.205,9.205,3.757,195.039,0.013,0.012,0.011,32,
1986-01-25 01:41:43.611000+00:00,26857,29,129,1,-8.876,-2.371,0.611,9.208,9.208,3.805,194.958,0.014,0.007,0.018,32,
1986-01-25 01:41:45.531000+00:00,26857,29,161,1,-8.869,-2.386,0.595,9.204,9.204,3.705,195.056,0.007,0.019,0.014,32,
1986-01-25 01:41:47.451000+00:00,26857,29,193,1,-8.871,-2.379,0.603,9.204,9.204,3.758,195.009,0.019,0.012,0.008,32,
1986-01-25 01:41:49.371000+00:00,26857,29,225,1,-8.868,-2.369,0.599,9.199,9.199,3.735,194.959,0.012,0.007,0.013,32,
1986-01-25 01:41:51.291000+00:00,26857,29,257,1,-8.869,-2.366,0.613,9.2,9.2,3.822,194.937,0.006,0.011,0.012,32,
1986-01-25 01:41:53.211000+00:00,26857,29,289,1,-8.869,-2.377,0.609,9.202,9.202,3.793,195.005,0.016,0.013,0.012,32,
1986-01-25 01:41:55.131000+00:00,26857,29,321,1,-8.871,-2.364,0.617,9.201,9.201,3.842,194.922,0.011,0.006,0.021,32,
1986-01-25 01:41:57.051000+00:00,26857,29,353,1,-8.869,-2.355,0.633,9.199,9.199,3.943,194.869,0.006,0.015,0.011,32,
1986-01-25 01:41:58.971000+00:00,26857,29,385,1,-8.871,-2.365,0.627,9.202,9.202,3.906,194.927,0.017,0.011,0.012,32,
1986-01-25 01:42:00.891000+00:00,26857,29,417,1,-8.874,-2.355,0.622,9.202,9.202,3.873,194.863,0.012,0.008,0.015,32,
1986-01-25 01:42:02.811000+00:00,26857,29,449,1,-8.871,-2.363,0.617,9.201,9.201,3.843,194.915,0.008,0.014,0.012,32,
1986-01-25 01:42:04.731000+00:00,26857,29,481,1,-8.863,-2.353,0.623,9.191,9.191,3.888,194.87,0.01,0.014,0.014,32,
1986-01-25 01:42:06.651000+00:00,26857,29,513,1,-8.869,-2.352,0.635,9.197,9.197,3.96,194.852,0.011,0.01,0.017,32,
1986-01-25 01:42:08.571000+00:00,26857,29,545,1,-8.861,-2.357,0.626,9.191,9.191,3.903,194.897,0.009,0.02,0.011,32,
1986-01-25 01:42:10.491000+00:00,26857,29,577,1,-8.872,-2.359,0.625,9.202,9.202,3.895,194.889,0.011,0.011,0.014,32,
1986-01-25 01:42:12.411000+00:00,26857,29,609,1,-8.864,-2.347,0.627,9.19,9.19,3.914,194.83,0.012,0.01,0.019,32,
1986-01-25 01:42:14.331000+00:00,26857,29,641,1,-8.859,-2.359,0.627,9.189,9.189,3.913,194.91,0.006,0.02,0.011,32,
1986-01-25 01:42:16.251000+00:00,26857,29,673,1,-8.855,-2.351,0.638,9.184,9.184,3.981,194.867,0.017,0.011,0.013,32,
1986-01-25 01:42:18.171000+00:00,26857,29,705,1,-8.859,-2.361,0.633,9.19,9.19,3.952,194.926,0.015,0.013,0.015,32,
1986-01-25 01:42:20.091000+00:00,26857,29,737,1,-8.852,-2.357,0.635,9.183,9.183,3.965,194.906,0.009,0.016,0.009,32,
1986-01-25 01:42:22.011000+00:00,26857,29,769,1,-8.856,-2.361,0.632,9.187,9.187,3.944,194.927,0.018,0.012,0.015,32,
1986-01-25 01:42:23.930000+00:00,26857,30,1,1,-8.845,-2.352,0.631,9.174,9.174,3.945,194.89,0.017,0.011,0.013,32,
1986-01-25 01:42:25.850000+00:00,26857,30,33,1,-8.851,-2.348,0.635,9.179,9.179,3.965,194.859,0.012,0.012,0.01,32,
1986-01-25 01:42:27.770000+00:00,26857,30,65,1,-8.841,-2.351,0.634,9.17,9.17,3.967,194.89,0.011,0.014,0.01,32,
1986-01-25 01:42:29.690000+00:00,26857,30,97,1,-8.835,-2.351,0.644,9.165,9.165,4.03,194.9,0.022,0.01,0.013,32,
1986-01-25 01:42:31.610000+00:00,26857,30,129,1,-8.845,-2.358,0.632,9.176,9.176,3.95,194.928,0.013,0.009,0.015,32,
1986-01-25 01:42:33.530000+00:00,26857,30,161,1,-8.847,-2.354,0.639,9.177,9.177,3.992,194.901,0.014,0.013,0.013,32,
1986-01-25 01:42:35.450000+00:00,26857,30,193,1,-8.844,-2.35,0.635,9.173,9.173,3.968,194.878,0.015,0.011,0.013,32,
1986-01-25 01:42:37.370000+00:00,26857,30,225,1,-8.841,-2.345,0.643,9.169,9.169,4.021,194.858,0.012,0.014,0.016,32,
1986-01-25 01:42:39.290000+00:00,26857,30,257,1,-8.841,-2.35,0.642,9.171,9.171,4.015,194.885,0.013,0.019,0.012,32,
1986-01-25 01:42:41.210000+00:00,26857,30,289,1,-8.843,-2.35,0.643,9.173,9.173,4.022,194.884,0.016,0.013,0.012,32,
1986-01-25 01:42:43.130000+00:00,26857,30,321,1,-8.834,-2.342,0.636,9.161,9.161,3.983,194.846,0.011,0.01,0.016,32,
1986-01-25 01:42:45.050000+00:00,26857,30,353,1,-8.84,-2.352,0.631,9.17,9.17,3.945,194.899,0.006,0.011,0.014,32,
1986-01-25 01:42:46.970000+00:00,26857,30,385,1,-8.848,-2.335,0.64,9.173,9.173,4.0,194.781,0.017,0.012,0.015,32,
1986-01-25 01:42:48.890000+00:00,26857,30,417,1,-8.838,-2.341,0.646,9.166,9.166,4.044,194.836,0.01,0.011,0.013,32,
1986-01-25 01:42:50.810000+00:00,26857,30,449,1,-8.845,-2.345,0.637,9.172,9.172,3.98,194.847,0.012,0.014,0.01,32,
1986-01-25 01:42:52.730000+00:00,26857,30,481,1,-8.83,-2.334,0.641,9.156,9.156,4.015,194.806,0.014,0.012,0.009,32,
1986-01-25 01:42:54.650000+00:00,26857,30,513,1,-8.828,-2.325,0.645,9.151,9.151,4.041,194.753,0.009,0.012,0.016,32,
1986-01-25 01:42:56.570000+00:00,26857,30,545,1,-8.823,-2.333,0.638,9.149,9.149,4.0,194.812,0.012,0.017,0.014,32,
1986-01-25 01:42:58.490000+00:00,26857,30,577,1,-8.826,-2.34,0.641,9.154,9.154,4.016,194.851,0.017,0.014,0.007,32,
1986-01-25 01:43:00.410000+00:00,26857,30,609,1,-8.824,-2.339,0.647,9.152,9.152,4.055,194.844,0.012,0.013,0.014,32,
1986-01-25 01:43:02.330000+00:00,26857,30,641,1,-8.822,-2.33,0.642,9.148,9.148,4.026,194.794,0.014,0.018,0.011,32,
1986-01-25 01:43:04.250000+00:00,26857,30,673,1,-8.832,-2.329,0.64,9.156,9.156,4.008,194.774,0.015,0.012,0.012,32,
1986-01-25 01:43:06.170000+00:00,26857,30,705,1,-8.83,-2.337,0.637,9.156,9.156,3.988,194.828,0.012,0.013,0.014,32,
1986-01-25 01:43:08.090000+00:00,26857,30,737,1,-8.832,-2.335,0.646,9.159,9.159,4.047,194.807,0.008,0.012,0.011,32,
1986-01-25 01:43:10.010000+00:00,26857,30,769,1,-8.822,-2.331,0.634,9.147,9.147,3.977,194.799,0.017,0.013,0.015,32,
1986-01-25 01:43:11.930000+00:00,26857,31,1,1,-8.819,-2.323,0.646,9.142,9.142,4.051,194.759,0.018,0.011,0.011,32,
1986-01-25 01:43:13.850000+00:00,26857,31,33,1,-8.822,-2.339,0.646,9.15,9.15,4.048,194.847,0.009,0.016,0.011,32,
1986-01-25 01:43:15.770000+00:00,26857,31,65,1,-8.825,-2.332,0.647,9.151,9.151,4.052,194.803,0.015,0.014,0.011,32,
1986-01-25 01:43:17.690000+00:00,26857,31,97,1,-8.822,-2.345,0.638,9.15,9.15,3.998,194.884,0.015,0.012,0.014,32,
1986-01-25 01:43:19.610000+00:00,26857,31,129,1,-8.817,-2.341,0.649,9.146,9.146,4.068,194.869,0.011,0.013,0.012,32,
1986-01-25 01:43:21.530000+00:00,26857,31,161,1,-8.811,-2.333,0.651,9.138,9.138,4.088,194.833,0.014,0.017,0.009,32,
1986-01-25 01:43:23.450000+00:00,26857,31,193,1,-8.818,-2.344,0.645,9.147,9.147,4.047,194.885,0.012,0.011,0.013,32,
1986-01-25 01:43:25.370000+00:00,26857,31,225,1,-8.813,-2.33,0.649,9.139,9.139,4.075,194.809,0.01,0.01,0.013,32,
1986-01-25 01:43:27.290000+00:00,26857,31,257,1,-8.808,-2.331,0.652,9.134,9.134,4.094,194.824,0.01,0.014,0.011,32,
1986-01-25 01:43:29.210000+00:00,26857,31,289,1,-8.805,-2.327,0.656,9.131,9.131,4.121,194.806,0.016,0.012,0.012,32,
1986-01-25 01:43:31.130000+00:00,26857,31,321,1,-8.8,-2.321,0.663,9.125,9.125,4.168,194.776,0.015,0.013,0.012,32,
1986-01-25 01:43:33.050000+00:00,26857,31,353,1,-8.812,-2.325,0.655,9.137,9.137,4.113,194.78,0.014,0.014,0.009,32,
1986-01-25 01:43:34.970000+00:00,26857,31,385,1,-8.803,-2.318,0.656,9.127,9.127,4.119,194.751,0.015,0.012,0.014,32,
1986-01-25 01:43:36.890000+00:00,26857,31,417,1,-8.804,-2.336,0.655,9.132,9.132,4.114,194.86,0.011,0.014,0.016,32,
1986-01-25 01:43:38.810000+00:00,26857,31,449,1,-8.799,-2.342,0.653,9.129,9.129,4.099,194.904,0.011,0.016,0.01,32,
1986-01-25 01:43:40.730000+00:00,26857,31,481,1,-8.794,-2.337,0.653,9.123,9.123,4.105,194.881,0.009,0.012,0.012,32,
1986-01-25 01:43:42.650000+00:00,26857,31,513,1,-8.795,-2.34,0.653,9.125,9.125,4.104,194.899,0.011,0.013,0.016,32,
1986-01-25 01:43:44.570000+00:00,26857,31,545,1,-8.793,-2.331,0.656,9.12,9.12,4.124,194.85,0.013,0.016,0.012,32,
1986-01-25 01:43:46.490000+00:00,26857,31,577,1,-8.792,-2.333,0.663,9.12,9.12,4.168,194.859,0.013,0.01,0.013,32,
1986-01-25 01:43:48.410000+00:00,26857,31,609,1,-8.796,-2.328,0.656,9.123,9.123,4.124,194.826,0.011,0.012,0.017,32,
1986-01-25 01:43:50.330000+00:00,26857,31,641,1,-8.788,-2.325,0.666,9.115,9.115,4.188,194.819,0.015,0.012,0.009,32,
1986-01-25 01:43:52.250000+00:00,26857,31,673,1,-8.785,-2.328,0.668,9.113,9.113,4.201,194.841,0.012,0.01,0.01,32,
1986-01-25 01:43:54.170000+00:00,26857,31,705,1,-8.784,-2.323,0.664,9.11,9.11,4.177,194.811,0.014,0.013,0.016,32,
1986-01-25 01:43:56.090000+00:00,26857,31,737,1,-8.777,-2.326,0.668,9.105,9.105,4.209,194.843,0.014,0.016,0.01,32,
1986-01-25 01:43:58.010000+00:00,26857,31,769,1,-8.783,-2.328,0.667,9.111,9.111,4.196,194.843,0.012,0.008,0.009,32,
1986-01-25 01:43:59.930000+00:00,26857,32,1,1,-8.782,-2.322,0.674,9.109,9.109,4.245,194.808,0.014,0.006,0.011,32,
1986-01-25 01:44:01.850000+00:00,26857,32,33,1,-8.786,-2.318,0.682,9.112,9.112,4.29,194.781,0.008,0.011,0.015,32,
1986-01-25 01:44:03.770000+00:00,26857,32,65,1,-8.78,-2.322,0.677,9.107,9.107,4.261,194.813,0.012,0.014,0.006,32,
1986-01-25 01:44:05.690000+00:00,26857,32,97,1,-8.78,-2.322,0.679,9.107,9.107,4.279,194.811,0.014,0.008,0.012,32,
1986-01-25 01:44:07.610000+00:00,26857,32,129,1,-8.778,-2.317,0.678,9.104,9.104,4.272,194.784,0.009,0.007,0.016,32,
1986-01-25 01:44:09.530000+00:00,26857,32,161,1,-8.771,-2.319,0.678,9.098,9.098,4.276,194.811,0.011,0.01,0.006,32,
1986-01-25 01:44:11.450000+00:00,26857,32,193,1,-8.774,-2.315,0.686,9.1,9.1,4.321,194.777,0.015,0.011,0.008,32,
1986-01-25 01:44:13.370000+00:00,26857,32,225,1,-8.774,-2.322,0.671,9.1,9.1,4.226,194.824,0.007,0.008,0.016,32,
1986-01-25 01:44:15.290000+00:00,26857,32,257,1,-8.775,-2.323,0.678,9.102,9.102,4.271,194.828,0.011,0.013,0.004,32,
1986-01-25 01:44:17.210000+00:00,26857,32,289,1,-8.769,-2.319,0.673,9.095,9.095,4.241,194.812,0.016,0.008,0.014,32,
1986-01-25 01:44:19.130000+00:00,26857,32,321,1,-8.767,-2.327,0.657,9.095,9.095,4.145,194.867,0.007,0.013,0.015,32,
1986-01-25 01:44:21.050000+00:00,26857,32,353,1,-8.764,-2.321,0.67,9.09,9.09,4.229,194.831,0.01,0.021,0.007,32,
1986-01-25 01:44:22.970000+00:00,26857,32,385,1,-8.762,-2.321,0.676,9.089,9.089,4.262,194.838,0.01,0.005,0.011,32,
1986-01-25 01:44:24.890000+00:00,26857,32,417,1,-8.764,-2.331,0.664,9.093,9.093,4.189,194.893,0.009,0.009,0.017,32,
1986-01-25 01:44:26.810000+00:00,26857,32,449,1,-8.766,-2.331,0.66,9.095,9.095,4.161,194.894,0.007,0.014,0.008,32,
1986-01-25 01:44:28.730000+00:00,26857,32,481,1,-8.764,-2.321,0.67,9.09,9.091,4.229,194.836,0.015,0.005,0.011,32,
1986-01-25 01:44:30.650000+00:00,26857,32,513,1,-8.758,-2.324,0.672,9.086,9.086,4.24,194.86,0.007,0.007,0.014,32,
1986-01-25 01:44:32.570000+00:00,26857,32,545,1,-8.755,-2.331,0.661,9.084,9.084,4.172,194.912,0.011,0.015,0.006,32,
1986-01-25 01:44:34.490000+00:00,26857,32,577,1,-8.761,-2.325,0.674,9.09,9.09,4.255,194.863,0.014,0.006,0.009,32,
1986-01-25 01:44:36.410000+00:00,26857,32,609,1,-8.758,-2.327,0.668,9.086,9.086,4.215,194.883,0.007,0.007,0.015,32,
1986-01-25 01:44:38.330000+00:00,26857,32,641,1,-8.76,-2.322,0.671,9.088,9.088,4.236,194.848,0.006,0.013,0.008,32,
1986-01-25 01:44:40.250000+00:00,26857,32,673,1,-8.765,-2.321,0.674,9.092,9.092,4.249,194.832,0.014,0.009,0.009,32,
1986-01-25 01:44:42.170000+00:00,26857,32,705,1,-8.764,-2.316,0.681,9.09,9.09,4.295,194.803,0.01,0.008,0.013,32,
1986-01-25 01:44:44.090000+00:00,26857,32,737,1,-8.763,-2.321,0.673,9.09,9.09,4.249,194.834,0.006,0.018,0.007,32,
1986-01-25 01:44:46.010000+00:00,26857,32,769,1,-8.762,-2.32,0.683,9.09,9.09,4.311,194.829,0.014,0.008,0.01,32,
1986-01-25 01:44:47.930000+00:00,26857,33,1,1,-8.765,-2.315,0.686,9.092,9.092,4.327,194.794,0.015,0.01,0.012,32,
1986-01-25 01:44:49.850000+00:00,26857,33,33,1,-8.766,-2.313,0.686,9.092,9.092,4.328,194.783,0.006,0.014,0.013,32,
1986-01-25 01:44:51.770000+00:00,26857,33,65,1,-8.762,-2.311,0.687,9.088,9.088,4.334,194.777,0.01,0.013,0.007,32,
1986-01-25 01:44:53.690000+00:00,26857,33,97,1,-8.754,-2.312,0.68,9.08,9.08,4.295,194.792,0.015,0.007,0.011,32,
1986-01-25 01:44:55.610000+00:00,26857,33,129,1,-8.764,-2.317,0.688,9.091,9.091,4.338,194.807,0.007,0.017,0.018,32,
1986-01-25 01:44:57.530000+00:00,26857,33,161,1,-8.756,-2.311,0.69,9.082,9.082,4.357,194.787,0.009,0.016,0.005,32,
1986-01-25 01:44:59.450000+00:00,26857,33,193,1,-8.759,-2.307,0.689,9.084,9.084,4.352,194.757,0.014,0.009,0.011,32,
1986-01-25 01:45:01.370000+00:00,26857,33,225,1,-8.764,-2.316,0.679,9.09,9.09,4.286,194.801,0.008,0.013,0.019,32,
1986-01-25 01:45:03.290000+00:00,26857,33,257,1,-8.754,-2.311,0.684,9.08,9.08,4.321,194.79,0.012,0.012,0.006,32,
1986-01-25 01:45:05.210000+00:00,26857,33,289,1,-8.752,-2.318,0.684,9.08,9.08,4.32,194.835,0.014,0.01,0.01,32,
1986-01-25 01:45:07.130000+00:00,26857,33,321,1,-8.756,-2.308,0.687,9.081,9.081,4.339,194.769,0.009,0.016,0.014,32,
1986-01-25 01:45:09.050000+00:00,26857,33,353,1,-8.759,-2.305,0.679,9.083,9.083,4.286,194.742,0.013,0.014,0.007,32,
1986-01-25 01:45:10.970000+00:00,26857,33,385,1,-8.752,-2.3,0.674,9.075,9.075,4.261,194.721,0.011,0.014,0.011,32,
1986-01-25 01:45:12.890000+00:00,26857,33,417,1,-8.739,-2.304,0.681,9.063,9.063,4.312,194.773,0.008,0.016,0.014,32,
1986-01-25 01:45:14.810000+00:00,26857,33,449,1,-8.742,-2.309,0.682,9.068,9.068,4.312,194.797,0.009,0.02,0.008,32,
1986-01-25 01:45:16.730000+00:00,26857,33,481,1,-8.733,-2.301,0.694,9.058,9.058,4.397,194.763,0.014,0.01,0.01,32,
1986-01-25 01:45:18.650000+00:00,26857,33,513,1,-8.729,-2.303,0.69,9.053,9.054,4.37,194.778,0.003,0.018,0.013,32,
1986-01-25 01:45:20.570000+00:00,26857,33,545,1,-8.73,-2.303,0.693,9.055,9.055,4.392,194.78,0.016,0.015,0.006,32,
1986-01-25 01:45:22.490000+00:00,26857,33,577,1,-8.726,-2.301,0.693,9.051,9.051,4.394,194.774,0.011,0.009,0.01,32,
1986-01-25 01:45:24.410000+00:00,26857,33,609,1,-8.724,-2.305,0.69,9.05,9.05,4.37,194.8,0.01,0.017,0.016,32,
1986-01-25 01:45:26.330000+00:00,26857,33,641,1,-8.721,-2.309,0.687,9.048,9.048,4.355,194.831,0.015,0.014,0.006,32,
1986-01-25 01:45:28.250000+00:00,26857,33,673,1,-8.728,-2.302,0.706,9.054,9.054,4.47,194.778,0.01,0.008,0.009,32,
1986-01-25 01:45:30.170000+00:00,26857,33,705,1,-8.726,-2.3,0.693,9.051,9.051,4.393,194.768,0.008,0.01,0.014,32,
1986-01-25 01:45:32.090000+00:00,26857,33,737,1,-8.726,-2.31,0.685,9.052,9.052,4.342,194.828,0.01,0.013,0.0,32,
1986-01-25 01:45:34.010000+00:00,26857,33,769,1,-8.712,-2.299,0.693,9.037,9.037,4.401,194.783,0.01,0.005,0.01,32,
1986-01-25 01:45:35.930000+00:00,26857,34,1,1,-8.711,-2.298,0.691,9.035,9.035,4.387,194.779,0.012,0.014,0.016,32,
1986-01-25 01:45:37.850000+00:00,26857,34,33,1,-8.708,-2.297,0.688,9.032,9.032,4.368,194.78,0.005,0.012,0.011,32,
1986-01-25 01:45:39.770000+00:00,26857,34,65,1,-8.716,-2.296,0.688,9.039,9.039,4.364,194.756,0.012,0.014,0.004,32,
1986-01-25 01:45:41.690000+00:00,26857,34,97,1,-8.704,-2.299,0.692,9.029,9.029,4.395,194.793,0.018,0.008,0.012,32,
1986-01-25 01:45:43.610000+00:00,26857,34,129,1,-8.707,-2.302,0.688,9.032,9.032,4.368,194.808,0.007,0.011,0.01,32,
1986-01-25 01:45:45.530000+00:00,26857,34,161,1,-8.718,-2.299,0.695,9.043,9.043,4.409,194.772,0.014,0.011,0.004,32,
1986-01-25 01:45:47.450000+00:00,26857,34,193,1,-8.709,-2.31,0.678,9.036,9.036,4.3,194.853,0.012,0.006,0.013,32,
1986-01-25 01:45:49.370000+00:00,26857,34,225,1,-8.699,-2.301,0.691,9.025,9.025,4.393,194.818,0.01,0.012,0.012,32,
1986-01-25 01:45:51.290000+00:00,26857,34,257,1,-8.703,-2.313,0.695,9.032,9.032,4.411,194.885,0.01,0.012,0.006,32,
1986-01-25 01:45:53.210000+00:00,26857,34,289,1,-8.701,-2.306,0.691,9.028,9.028,4.389,194.847,0.011,0.009,0.014,32,
1986-01-25 01:45:55.130000+00:00,26857,34,321,1,-8.704,-2.298,0.697,9.029,9.029,4.429,194.791,0.004,0.012,0.01,32,
1986-01-25 01:45:57.050000+00:00,26857,34,353,1,-8.704,-2.295,0.703,9.029,9.029,4.466,194.769,0.013,0.013,0.012,32,
1986-01-25 01:45:58.970000+00:00,26857,34,385,1,-8.701,-2.298,0.698,9.027,9.027,4.436,194.796,0.014,0.006,0.013,32,
1986-01-25 01:46:00.890000+00:00,26857,34,417,1,-8.702,-2.294,0.694,9.026,9.026,4.407,194.769,0.006,0.012,0.011,32,
1986-01-25 01:46:02.810000+00:00,26857,34,449,1,-8.688,-2.289,0.697,9.011,9.011,4.434,194.758,0.015,0.011,0.008,32,
1986-01-25 01:46:04.730000+00:00,26857,34,481,1,-8.683,-2.284,0.696,9.005,9.005,4.431,194.738,0.012,0.007,0.014,32,
1986-01-25 01:46:06.650000+00:00,26857,34,513,1,-8.691,-2.287,0.704,9.014,9.014,4.482,194.741,0.006,0.017,0.009,32,
1986-01-25 01:46:08.570000+00:00,26857,34,545,1,-8.69,-2.287,0.703,9.013,9.014,4.471,194.743,0.011,0.012,0.005,32,
1986-01-25 01:46:10.490000+00:00,26857,34,577,1,-8.676,-2.288,0.701,9.0,9.0,4.468,194.772,0.012,0.007,0.013,32,
1986-01-25 01:46:12.410000+00:00,26857,34,609,1,-8.683,-2.293,0.698,9.008,9.008,4.446,194.796,0.005,0.013,0.02,32,
1986-01-25 01:46:14.330000+00:00,26857,34,641,1,-8.676,-2.293,0.697,9.001,9.001,4.438,194.806,0.012,0.009,0.007,32,
1986-01-25 01:46:16.250000+00:00,26857,34,673,1,-8.678,-2.286,0.703,9.001,9.001,4.479,194.758,0.017,0.009,0.01,32,
1986-01-25 01:46:18.170000+00:00,26857,34,705,1,-8.679,-2.286,0.705,9.003,9.003,4.489,194.758,0.012,0.012,0.014,32,
1986-01-25 01:46:20.090000+00:00,26857,34,737,1,-8.679,-2.28,0.71,9.002,9.002,4.526,194.721,0.015,0.012,0.005,32,
1986-01-25 01:46:22.010000+00:00,26857,34,769,1,-8.679,-2.277,0.717,9.001,9.001,4.57,194.7,0.009,0.01,0.012,32,
1986-01-25 01:46:23.930000+00:00,26857,35,1,1,-8.674,-2.288,0.706,8.999,8.999,4.498,194.774,0.012,0.009,0.011,32,
1986-01-25 01:46:25.850000+00:00,26857,35,33,1,-8.676,-2.287,0.717,9.001,9.001,4.566,194.769,0.008,0.006,0.016,32,
1986-01-25 01:46:27.770000+00:00,26857,35,65,1,-8.68,-2.285,0.713,9.004,9.004,4.541,194.748,0.012,0.013,0.013,32,
1986-01-25 01:46:29.690000+00:00,26857,35,97,1,-8.677,-2.281,0.719,9.0,9.0,4.582,194.729,0.012,0.011,0.01,32,
1986-01-25 01:46:31.610000+00:00,26857,35,129,1,-8.675,-2.282,0.718,8.998,8.998,4.579,194.737,0.011,0.008,0.007,32,
1986-01-25 01:46:33.530000+00:00,26857,35,161,1,-8.675,-2.276,0.718,8.997,8.997,4.58,194.699,0.01,0.016,0.01,32,
1986-01-25 01:46:35.450000+00:00,26857,35,193,1,-8.67,-2.282,0.711,8.993,8.993,4.536,194.746,0.013,0.008,0.007,32,
1986-01-25 01:46:37.370000+00:00,26857,35,225,1,-8.668,-2.278,0.72,8.991,8.991,4.591,194.726,0.007,0.007,0.014,32,
1986-01-25 01:46:39.290000+00:00,26857,35,257,1,-8.668,-2.287,0.716,8.993,8.993,4.566,194.779,0.012,0.013,0.007,32,
1986-01-25 01:46:41.210000+00:00,26857,35,289,1,-8.673,-2.285,0.718,8.997,8.997,4.578,194.76,0.015,0.005,0.009,32,
1986-01-25 01:46:43.130000+00:00,26857,35,321,1,-8.667,-2.284,0.713,8.991,8.991,4.55,194.766,0.01,0.008,0.014,32,
1986-01-25 01:46:45.050000+00:00,26857,35,353,1,-8.664,-2.278,0.715,8.987,8.987,4.561,194.731,0.009,0.013,0.008,32,
1986-01-25 01:46:46.970000+00:00,26857,35,385,1,-8.664,-2.275,0.722,8.987,8.987,4.605,194.714,0.014,0.009,0.012,32,
1986-01-25 01:46:48.890000+00:00,26857,35,417,1,-8.657,-2.282,0.711,8.981,8.981,4.539,194.767,0.01,0.011,0.015,32,
1986-01-25 01:46:50.810000+00:00,26857,35,449,1,-8.663,-2.279,0.718,8.986,8.986,4.582,194.737,0.008,0.014,0.007,32,
1986-01-25 01:46:52.730000+00:00,26857,35,481,1,-8.66,-2.279,0.711,8.983,8.983,4.541,194.747,0.014,0.009,0.01,32,
1986-01-25 01:46:54.650000+00:00,26857,35,513,1,-8.661,-2.28,0.721,8.985,8.985,4.601,194.748,0.007,0.011,0.012,32,
1986-01-25 01:46:56.570000+00:00,26857,35,545,1,-8.662,-2.279,0.721,8.986,8.986,4.601,194.741,0.009,0.015,0.006,32,
1986-01-25 01:46:58.490000+00:00,26857,35,577,1,-8.658,-2.284,0.72,8.983,8.983,4.599,194.779,0.008,0.009,0.012,32,
1986-01-25 01:47:00.410000+00:00,26857,35,609,1,-8.658,-2.276,0.72,8.981,8.981,4.599,194.728,0.008,0.011,0.018,32,
1986-01-25 01:47:02.330000+00:00,26857,35,641,1,-8.658,-2.272,0.725,8.98,8.98,4.632,194.704,0.006,0.017,0.008,32,
1986-01-25 01:47:04.250000+00:00,26857,35,673,1,-8.661,-2.27,0.721,8.982,8.982,4.602,194.688,0.017,0.004,0.012,32,
1986-01-25 01:47:06.170000+00:00,26857,35,705,1,-8.659,-2.278,0.714,8.982,8.982,4.56,194.739,0.01,0.01,0.013,32,
1986-01-25 01:47:08.090000+00:00,26857,35,737,1,-8.66,-2.277,0.714,8.983,8.983,4.561,194.734,0.006,0.015,0.008,32,
1986-01-25 01:47:10.010000+00:00,26857,35,769,1,-8.663,-2.268,0.721,8.984,8.984,4.602,194.67,0.011,0.011,0.009,32,
1986-01-25 01:47:11.930000+00:00,26857,36,1,1,-8.653,-2.261,0.723,8.973,8.973,4.623,194.642,0.015,0.009,0.012,32,
1986-01-25 01:47:13.850000+00:00,26857,36,33,1,-8.645,-2.257,0.726,8.964,8.964,4.643,194.633,0.009,0.012,0.012,32,
1986-01-25 01:47:15.770000+00:00,26857,36,65,1,-8.65,-2.266,0.723,8.971,8.971,4.625,194.678,0.014,0.012,0.008,32,
1986-01-25 01:47:17.690000+00:00,26857,36,97,1,-8.647,-2.269,0.722,8.969,8.969,4.617,194.703,0.015,0.005,0.01,32,
1986-01-25 01:47:19.610000+00:00,26857,36,129,1,-8.644,-2.265,0.727,8.965,8.965,4.65,194.682,0.01,0.017,0.016,32,
1986-01-25 01:47:21.530000+00:00,26857,36,161,1,-8.647,-2.266,0.73,8.969,8.969,4.667,194.682,0.013,0.017,0.009,32,
1986-01-25 01:47:23.450000+00:00,26857,36,193,1,-8.642,-2.26,0.734,8.963,8.963,4.695,194.655,0.016,0.007,0.011,32,
1986-01-25 01:47:25.370000+00:00,26857,36,225,1,-8.622,-2.263,0.724,8.944,8.944,4.644,194.703,0.005,0.015,0.016,32,
1986-01-25 01:47:27.290000+00:00,26857,36,257,1,-8.64,-2.275,0.716,8.963,8.963,4.581,194.754,0.011,0.014,0.013,32,
1986-01-25 01:47:29.210000+00:00,26857,36,289,1,-8.638,-2.27,0.718,8.961,8.961,4.596,194.726,0.013,0.004,0.017,32,
1986-01-25 01:47:31.130000+00:00,26857,36,321,1,-8.637,-2.267,0.727,8.959,8.959,4.653,194.708,0.007,0.011,0.015,32,
1986-01-25 01:47:33.050000+00:00,26857,36,353,1,-8.632,-2.261,0.729,8.953,8.953,4.67,194.681,0.015,0.017,0.009,32,
1986-01-25 01:47:34.970000+00:00,26857,36,385,1,-8.632,-2.268,0.726,8.954,8.954,4.65,194.718,0.013,0.011,0.012,32,
1986-01-25 01:47:36.890000+00:00,26857,36,417,1,-8.633,-2.263,0.722,8.954,8.954,4.628,194.689,0.008,0.011,0.013,32,
1986-01-25 01:47:38.810000+00:00,26857,36,449,1,-8.629,-2.265,0.723,8.95,8.95,4.63,194.709,0.014,0.013,0.005,32,
1986-01-25 01:47:40.730000+00:00,26857,36,481,1,-8.629,-2.268,0.721,8.951,8.951,4.62,194.724,0.015,0.01,0.011,32,
1986-01-25 01:47:42.650000+00:00,26857,36,513,1,-8.633,-2.264,0.727,8.955,8.955,4.66,194.693,0.007,0.011,0.012,32,
1986-01-25 01:47:44.570000+00:00,26857,36,545,1,-8.632,-2.257,0.736,8.952,8.952,4.719,194.655,0.012,0.017,0.006,32,
1986-01-25 01:47:46.490000+00:00,26857,36,577,1,-8.628,-2.255,0.74,8.948,8.949,4.741,194.649,0.014,0.004,0.014,32,
1986-01-25 01:47:48.410000+00:00,26857,36,609,1,-8.613,-2.256,0.738,8.934,8.934,4.741,194.677,0.009,0.008,0.013,32,
1986-01-25 01:47:50.330000+00:00,26857,36,641,1,-8.622,-2.256,0.737,8.943,8.943,4.729,194.661,0.011,0.014,0.013,32,
1986-01-25 01:47:52.250000+00:00,26857,36,673,1,-8.63,-2.258,0.735,8.951,8.951,4.71,194.66,0.015,0.006,0.01,32,
1986-01-25 01:47:54.170000+00:00,26857,36,705,1,-8.619,-2.253,0.74,8.939,8.939,4.746,194.652,0.004,0.011,0.015,32,
1986-01-25 01:47:56.090000+00:00,26857,36,737,1,-8.614,-2.256,0.74,8.935,8.935,4.751,194.674,0.009,0.017,0.009,32,
1986-01-25 01:47:58.010000+00:00,26857,36,769,1,-8.619,-2.262,0.734,8.941,8.941,4.71,194.704,0.012,0.006,0.011,32,
1986-01-25 01:47:59.930000+00:00,26857,37,1,1,-8.623,-2.257,0.737,8.944,8.944,4.726,194.665,0.013,0.012,0.009,32,
1986-01-25 01:48:01.850000+00:00,26857,37,33,1,-8.613,-2.262,0.729,8.935,8.935,4.679,194.713,0.008,0.017,0.015,32,
1986-01-25 01:48:03.770000+00:00,26857,37,65,1,-8.601,-2.249,0.737,8.921,8.921,4.737,194.653,0.01,0.014,0.011,32,
1986-01-25 01:48:05.690000+00:00,26857,37,97,1,-8.595,-2.256,0.739,8.917,8.917,4.753,194.706,0.013,0.012,0.008,32,
1986-01-25 01:48:07.610000+00:00,26857,37,129,1,-8.608,-2.254,0.745,8.93,8.93,4.785,194.672,0.01,0.014,0.011,32,
1986-01-25 01:48:09.530000+00:00,26857,37,161,1,-8.603,-2.256,0.737,8.924,8.924,4.739,194.694,0.015,0.012,0.008,32,
1986-01-25 01:48:11.450000+00:00,26857,37,193,1,-8.602,-2.251,0.742,8.923,8.923,4.769,194.666,0.017,0.009,0.012,32,
1986-01-25 01:48:13.370000+00:00,26857,37,225,1,-8.61,-2.252,0.74,8.93,8.93,4.751,194.66,0.004,0.015,0.011,32,
1986-01-25 01:48:15.290000+00:00,26857,37,257,1,-8.6,-2.259,0.736,8.922,8.922,4.733,194.717,0.016,0.012,0.011,32,
1986-01-25 01:48:17.210000+00:00,26857,37,289,1,-8.599,-2.261,0.737,8.922,8.922,4.736,194.735,0.013,0.006,0.011,32,
1986-01-25 01:48:19.130000+00:00,26857,37,321,1,-8.609,-2.248,0.746,8.929,8.929,4.794,194.635,0.012,0.015,0.009,32,
1986-01-25 01:48:21.050000+00:00,26857,37,353,1,-8.596,-2.247,0.741,8.916,8.916,4.77,194.646,0.014,0.013,0.013,32,
1986-01-25 01:48:22.970000+00:00,26857,37,385,1,-8.595,-2.239,0.751,8.913,8.913,4.835,194.601,0.011,0.005,0.007,32,
1986-01-25 01:48:24.890000+00:00,26857,37,417,1,-8.588,-2.247,0.746,8.908,8.908,4.801,194.663,0.01,0.013,0.013,32,
1986-01-25 01:48:26.810000+00:00,26857,37,449,1,-8.593,-2.249,0.75,8.914,8.914,4.823,194.664,0.015,0.014,0.011,32,
1986-01-25 01:48:28.730000+00:00,26857,37,481,1,-8.588,-2.247,0.744,8.908,8.908,4.79,194.661,0.015,0.009,0.01,32,
1986-01-25 01:48:30.650000+00:00,26857,37,513,1,-8.59,-2.242,0.75,8.91,8.91,4.832,194.631,0.01,0.007,0.012,32,
1986-01-25 01:48:32.570000+00:00,26857,37,545,1,-8.59,-2.245,0.749,8.91,8.91,4.824,194.645,0.016,0.013,0.015,32,
1986-01-25 01:48:34.490000+00:00,26857,37,577,1,-8.594,-2.244,0.758,8.914,8.914,4.879,194.637,0.013,0.011,0.011,32,
1986-01-25 01:48:36.410000+00:00,26857,37,609,1,-8.591,-2.24,0.756,8.91,8.91,4.869,194.616,0.009,0.01,0.015,32,
1986-01-25 01:48:38.330000+00:00,26857,37,641,1,-8.578,-2.249,0.757,8.9,8.9,4.879,194.693,0.014,0.013,0.011,32,
1986-01-25 01:48:40.250000+00:00,26857,37,673,1,-8.589,-2.246,0.753,8.909,8.909,4.848,194.657,0.013,0.008,0.01,32,
1986-01-25 01:48:42.170000+00:00,26857,37,705,1,-8.582,-2.253,0.757,8.905,8.905,4.88,194.71,0.006,0.01,0.014,32,
1986-01-25 01:48:44.090000+00:00,26857,37,737,1,-8.578,-2.252,0.742,8.899,8.899,4.785,194.71,0.015,0.015,0.014,32,
1986-01-25 01:48:46.010000+00:00,26857,37,769,1,-8.578,-2.252,0.756,8.9,8.9,4.871,194.709,0.019,0.01,0.011,32,
1986-01-25 01:48:47.930000+00:00,26857,38,1,1,-8.572,-2.248,0.749,8.893,8.893,4.834,194.695,0.014,0.01,0.009,32,
1986-01-25 01:48:49.850000+00:00,26857,38,33,1,-8.575,-2.237,0.754,8.894,8.894,4.865,194.619,0.012,0.013,0.008,32,
1986-01-25 01:48:51.770000+00:00,26857,38,65,1,-8.573,-2.233,0.758,8.891,8.891,4.89,194.599,0.01,0.015,0.007,32,
1986-01-25 01:48:53.690000+00:00,26857,38,97,1,-8.571,-2.235,0.756,8.89,8.89,4.879,194.616,0.011,0.01,0.012,32,
1986-01-25 01:48:55.610000+00:00,26857,38,129,1,-8.57,-2.24,0.749,8.89,8.89,4.835,194.649,0.008,0.01,0.019,32,
1986-01-25 01:48:57.530000+00:00,26857,38,161,1,-8.566,-2.244,0.739,8.886,8.886,4.769,194.681,0.01,0.011,0.01,32,
1986-01-25 01:48:59.450000+00:00,26857,38,193,1,-8.569,-2.236,0.755,8.888,8.888,4.873,194.623,0.01,0.011,0.008,32,
1986-01-25 01:49:01.370000+00:00,26857,38,225,1,-8.561,-2.23,0.759,8.88,8.88,4.903,194.603,0.012,0.012,0.012,32,
1986-01-25 01:49:03.290000+00:00,26857,38,257,1,-8.56,-2.231,0.758,8.878,8.878,4.898,194.608,0.01,0.012,0.012,32,
1986-01-25 01:49:05.210000+00:00,26857,38,289,1,-8.56,-2.234,0.763,8.879,8.879,4.928,194.629,0.007,0.006,0.011,32,
1986-01-25 01:49:07.130000+00:00,26857,38,321,1,-8.564,-2.235,0.759,8.884,8.884,4.902,194.626,0.009,0.011,0.012,32,
1986-01-25 01:49:09.050000+00:00,26857,38,353,1,-8.569,-2.233,0.756,8.888,8.888,4.879,194.603,0.011,0.014,0.011,32,
1986-01-25 01:49:10.970000+00:00,26857,38,385,1,-8.559,-2.237,0.756,8.879,8.879,4.884,194.647,0.012,0.009,0.011,32,
1986-01-25 01:49:12.890000+00:00,26857,38,417,1,-8.566,-2.231,0.756,8.884,8.884,4.88,194.601,0.01,0.009,0.01,32,
1986-01-25 01:49:14.810000+00:00,26857,38,449,1,-8.564,-2.239,0.758,8.884,8.884,4.892,194.651,0.009,0.014,0.012,32,
1986-01-25 01:49:16.730000+00:00,26857,38,481,1,-8.558,-2.233,0.756,8.876,8.877,4.885,194.623,0.014,0.006,0.011,32,
1986-01-25 01:49:18.650000+00:00,26857,38,513,1,-8.555,-2.227,0.756,8.872,8.872,4.89,194.591,0.01,0.009,0.011,32,
1986-01-25 01:49:20.570000+00:00,26857,38,545,1,-8.558,-2.23,0.759,8.877,8.877,4.907,194.607,0.009,0.011,0.008,32,
1986-01-25 01:49:22.490000+00:00,26857,38,577,1,-8.558,-2.226,0.768,8.876,8.876,4.963,194.583,0.01,0.013,0.009,32,
1986-01-25 01:49:24.410000+00:00,26857,38,609,1,-8.553,-2.232,0.76,8.872,8.872,4.915,194.629,0.01,0.012,0.009,32,
1986-01-25 01:49:26.330000+00:00,26857,38,641,1,-8.554,-2.234,0.758,8.873,8.873,4.898,194.637,0.009,0.012,0.006,32,
1986-01-25 01:49:28.250000+00:00,26857,38,673,1,-8.562,-2.239,0.764,8.883,8.883,4.933,194.656,0.012,0.008,0.011,32,
1986-01-25 01:49:30.170000+00:00,26857,38,705,1,-8.557,-2.23,0.757,8.875,8.875,4.891,194.608,0.009,0.012,0.019,32,
1986-01-25 01:49:32.090000+00:00,26857,38,737,1,-8.56,-2.227,0.76,8.877,8.877,4.913,194.583,0.01,0.01,0.008,32,
1986-01-25 01:49:34.010000+00:00,26857,38,769,1,-8.552,-2.226,0.766,8.87,8.87,4.953,194.589,0.015,0.01,0.009,32,
1986-01-25 01:49:35.930000+00:00,26857,39,1,1,-8.553,-2.23,0.749,8.87,8.871,4.843,194.613,0.014,0.01,0.014,32,
1986-01-25 01:49:37.850000+00:00,26857,39,33,1,-8.545,-2.234,0.749,8.864,8.864,4.85,194.654,0.007,0.014,0.017,32,
1986-01-25 01:49:39.770000+00:00,26857,39,65,1,-8.531,-2.23,0.761,8.851,8.851,4.931,194.65,0.012,0.01,0.01,32,
1986-01-25 01:49:41.690000+00:00,26857,39,97,1,-8.53,-2.233,0.757,8.85,8.85,4.905,194.666,0.014,0.009,0.006,32,
1986-01-25 01:49:43.610000+00:00,26857,39,129,1,-8.528,-2.228,0.763,8.847,8.847,4.946,194.642,0.006,0.012,0.012,32,
1986-01-25 01:49:45.530000+00:00,26857,39,161,1,-8.532,-2.227,0.753,8.85,8.85,4.88,194.631,0.014,0.01,0.015,32,
1986-01-25 01:49:47.450000+00:00,26857,39,193,1,-8.535,-2.225,0.765,8.854,8.854,4.959,194.61,0.012,0.012,0.007,32,
1986-01-25 01:49:49.370000+00:00,26857,39,225,1,-8.532,-2.224,0.758,8.849,8.849,4.916,194.614,0.011,0.012,0.009,32,
1986-01-25 01:49:51.290000+00:00,26857,39,257,1,-8.523,-2.223,0.765,8.842,8.842,4.962,194.62,0.016,0.012,0.015,32,
1986-01-25 01:49:53.210000+00:00,26857,39,289,1,-8.537,-2.23,0.763,8.856,8.856,4.941,194.639,0.013,0.011,0.013,32,
1986-01-25 01:49:55.130000+00:00,26857,39,321,1,-8.517,-2.227,0.766,8.837,8.837,4.973,194.655,0.009,0.016,0.017,32,
1986-01-25 01:49:57.050000+00:00,26857,39,353,1,-8.527,-2.221,0.77,8.845,8.845,4.995,194.599,0.013,0.013,0.013,32,
1986-01-25 01:49:58.970000+00:00,26857,39,385,1,-8.536,-2.223,0.773,8.855,8.855,5.008,194.6,0.013,0.011,0.014,32,
1986-01-25 01:50:00.890000+00:00,26857,39,417,1,-8.53,-2.225,0.778,8.85,8.85,5.043,194.617,0.011,0.017,0.02,32,
1986-01-25 01:50:02.810000+00:00,26857,39,449,1,-8.523,-2.24,0.775,8.846,8.846,5.028,194.723,0.012,0.016,0.012,32,
1986-01-25 01:50:04.730000+00:00,26857,39,481,1,-8.521,-2.225,0.775,8.841,8.841,5.031,194.632,0.015,0.012,0.012,32,
1986-01-25 01:50:06.650000+00:00,26857,39,513,1,-8.521,-2.228,0.777,8.842,8.842,5.039,194.653,0.006,0.015,0.015,32,
1986-01-25 01:50:08.570000+00:00,26857,39,545,1,-8.512,-2.219,0.776,8.83,8.83,5.045,194.61,0.014,0.015,0.01,32,
1986-01-25 01:50:10.490000+00:00,26857,39,577,1,-8.509,-2.232,0.775,8.831,8.831,5.031,194.701,0.012,0.015,0.009,32,
1986-01-25 01:50:12.410000+00:00,26857,39,609,1,-8.507,-2.232,0.78,8.83,8.83,5.069,194.698,0.009,0.015,0.014,32,
1986-01-25 01:50:14.330000+00:00,26857,39,641,1,-8.522,-2.22,0.779,8.841,8.841,5.053,194.603,0.015,0.012,0.014,32,
1986-01-25 01:50:16.250000+00:00,26857,39,673,1,-8.519,-2.213,0.783,8.836,8.836,5.082,194.565,0.016,0.012,0.008,32,
1986-01-25 01:50:18.170000+00:00,26857,39,705,1,-8.506,-2.217,0.772,8.824,8.824,5.016,194.606,0.006,0.014,0.016,32,
1986-01-25 01:50:20.090000+00:00,26857,39,737,1,-8.513,-2.224,0.776,8.833,8.833,5.042,194.64,0.017,0.012,0.009,32,
1986-01-25 01:50:22.010000+00:00,26857,39,769,1,-8.51,-2.208,0.783,8.827,8.827,5.087,194.546,0.016,0.016,0.011,32,
1986-01-25 01:50:23.930000+00:00,26857,40,1,1,-8.504,-2.21,0.774,8.821,8.821,5.035,194.565,0.017,0.009,0.011,32,
1986-01-25 01:50:25.850000+00:00,26857,40,33,1,-8.501,-2.221,0.777,8.821,8.821,5.054,194.641,0.008,0.014,0.018,32,
1986-01-25 01:50:27.770000+00:00,26857,40,65,1,-8.505,-2.209,0.78,8.821,8.822,5.073,194.561,0.013,0.02,0.012,32,
1986-01-25 01:50:29.690000+00:00,26857,40,97,1,-8.509,-2.215,0.779,8.827,8.827,5.065,194.592,0.013,0.013,0.009,32,
1986-01-25 01:50:31.610000+00:00,26857,40,129,1,-8.507,-2.209,0.786,8.824,8.824,5.111,194.556,0.014,0.016,0.019,32,
1986-01-25 01:50:33.530000+00:00,26857,40,161,1,-8.499,-2.22,0.784,8.819,8.819,5.102,194.636,0.011,0.018,0.014,32,
1986-01-25 01:50:35.450000+00:00,26857,40,193,1,-8.499,-2.213,0.787,8.818,8.818,5.122,194.592,0.017,0.013,0.011,32,
1986-01-25 01:50:37.370000+00:00,26857,40,225,1,-8.5,-2.21,0.791,8.819,8.819,5.146,194.574,0.011,0.01,0.02,32,
1986-01-25 01:50:39.290000+00:00,26857,40,257,1,-8.499,-2.208,0.781,8.815,8.815,5.081,194.563,0.01,0.018,0.014,32,
1986-01-25 01:50:41.210000+00:00,26857,40,289,1,-8.499,-2.212,0.782,8.816,8.817,5.092,194.59,0.013,0.013,0.01,32,
1986-01-25 01:50:43.130000+00:00,26857,40,321,1,-8.507,-2.212,0.791,8.826,8.826,5.141,194.572,0.011,0.013,0.019,32,
1986-01-25 01:50:45.050000+00:00,26857,40,353,1,-8.498,-2.217,0.792,8.818,8.818,5.155,194.622,0.006,0.016,0.016,32,
1986-01-25 01:50:46.970000+00:00,26857,40,385,1,-8.498,-2.212,0.805,8.818,8.818,5.237,194.589,0.015,0.015,0.01,32,
1986-01-25 01:50:48.890000+00:00,26857,40,417,1,-8.501,-2.211,0.798,8.82,8.82,5.189,194.581,0.011,0.014,0.016,32,
1986-01-25 01:50:50.810000+00:00,26857,40,449,1,-8.49,-2.21,0.801,8.81,8.81,5.215,194.588,0.011,0.017,0.013,32,
1986-01-25 01:50:52.730000+00:00,26857,40,481,1,-8.491,-2.206,0.794,8.808,8.808,5.169,194.562,0.018,0.016,0.01,32,
1986-01-25 01:50:54.650000+00:00,26857,40,513,1,-8.478,-2.215,0.792,8.799,8.799,5.166,194.644,0.013,0.013,0.016,32,
1986-01-25 01:50:56.570000+00:00,26857,40,545,1,-8.486,-2.205,0.808,8.805,8.805,5.268,194.562,0.016,0.02,0.013,32,
1986-01-25 01:50:58.490000+00:00,26857,40,577,1,-8.473,-2.202,0.799,8.791,8.791,5.212,194.566,0.017,0.014,0.012,32,
1986-01-25 01:51:00.410000+00:00,26857,40,609,1,-8.476,-2.207,0.801,8.795,8.795,5.225,194.598,0.013,0.01,0.016,32,
1986-01-25 01:51:02.330000+00:00,26857,40,641,1,-8.482,-2.215,0.8,8.802,8.802,5.211,194.635,0.012,0.018,0.015,32,
1986-01-25 01:51:04.250000+00:00,26857,40,673,1,-8.482,-2.202,0.795,8.799,8.799,5.183,194.554,0.017,0.01,0.009,32,
1986-01-25 01:51:06.170000+00:00,26857,40,705,1,-8.479,-2.192,0.803,8.794,8.794,5.238,194.497,0.015,0.012,0.019,32,
1986-01-25 01:51:08.090000+00:00,26857,40,737,1,-8.468,-2.202,0.802,8.786,8.786,5.239,194.577,0.012,0.02,0.016,32,
1986-01-25 01:51:10.010000+00:00,26857,40,769,1,-8.471,-2.205,0.8,8.79,8.79,5.223,194.59,0.017,0.012,0.008,32,
1986-01-25 01:51:11.930000+00:00,26857,41,1,1,-8.467,-2.206,0.796,8.786,8.786,5.195,194.606,0.017,0.013,0.012,32,
1986-01-25 01:51:13.850000+00:00,26857,41,33,1,-8.471,-2.201,0.792,8.788,8.788,5.171,194.564,0.013,0.01,0.015,32,
1986-01-25 01:51:15.770000+00:00,26857,41,65,1,-8.475,-2.197,0.802,8.792,8.792,5.233,194.532,0.012,0.017,0.016,32,
1986-01-25 01:51:17.690000+00:00,26857,41,97,1,-8.469,-2.196,0.804,8.786,8.786,5.25,194.535,0.022,0.011,0.008,32,
1986-01-25 01:51:19.610000+00:00,26857,41,129,1,-8.472,-2.2,0.82,8.792,8.792,5.351,194.559,0.015,0.01,0.014,32,
1986-01-25 01:51:21.530000+00:00,26857,41,161,1,-8.466,-2.203,0.803,8.785,8.785,5.245,194.583,0.008,0.018,0.013,32,
1986-01-25 01:51:23.450000+00:00,26857,41,193,1,-8.46,-2.218,0.793,8.781,8.781,5.179,194.693,0.013,0.012,0.011,32,
1986-01-25 01:51:25.370000+00:00,26857,41,225,1,-8.464,-2.204,0.804,8.783,8.783,5.255,194.597,0.01,0.01,0.015,32,
1986-01-25 01:51:27.290000+00:00,26857,41,257,1,-8.46,-2.215,0.793,8.781,8.781,5.179,194.675,0.009,0.009,0.014,32,
1986-01-25 01:51:29.210000+00:00,26857,41,289,1,-8.458,-2.22,0.798,8.781,8.781,5.212,194.709,0.016,0.014,0.014,32,
1986-01-25 01:51:31.130000+00:00,26857,41,321,1,-8.467,-2.206,0.804,8.786,8.786,5.247,194.606,0.012,0.008,0.018,32,
1986-01-25 01:51:33.050000+00:00,26857,41,353,1,-8.469,-2.202,0.815,8.789,8.789,5.324,194.575,0.011,0.016,0.017,32,
1986-01-25 01:51:34.970000+00:00,26857,41,385,1,-8.466,-2.193,0.811,8.783,8.783,5.297,194.525,0.009,0.014,0.012,32,
1986-01-25 01:51:36.890000+00:00,26857,41,417,1,-8.477,-2.202,0.814,8.796,8.796,5.308,194.56,0.016,0.011,0.012,32,
1986-01-25 01:51:38.810000+00:00,26857,41,449,1,-8.463,-2.204,0.819,8.783,8.783,5.353,194.597,0.009,0.013,0.015,32,
1986-01-25 01:51:40.730000+00:00,26857,41,481,1,-8.459,-2.2,0.82,8.778,8.778,5.359,194.577,0.017,0.013,0.012,32,
1986-01-25 01:51:42.650000+00:00,26857,41,513,1,-8.464,-2.203,0.818,8.784,8.784,5.342,194.587,0.016,0.008,0.012,32,
1986-01-25 01:51:44.570000+00:00,26857,41,545,1,-8.471,-2.202,0.82,8.791,8.791,5.355,194.569,0.014,0.014,0.019,32,
1986-01-25 01:51:46.490000+00:00,26857,41,577,1,-8.459,-2.209,0.815,8.781,8.781,5.326,194.632,0.017,0.012,0.01,32,
1986-01-25 01:51:48.410000+00:00,26857,41,609,1,-8.454,-2.207,0.815,8.775,8.775,5.331,194.628,0.014,0.01,0.015,32,
1986-01-25 01:51:50.330000+00:00,26857,41,641,1,-8.453,-2.199,0.813,8.772,8.772,5.315,194.584,0.01,0.014,0.012,32,
1986-01-25 01:51:52.250000+00:00,26857,41,673,1,-8.458,-2.195,0.82,8.777,8.777,5.364,194.545,0.016,0.015,0.013,32,
1986-01-25 01:51:54.170000+00:00,26857,41,705,1,-8.456,-2.192,0.824,8.774,8.775,5.389,194.532,0.014,0.011,0.015,32,
1986-01-25 01:51:56.090000+00:00,26857,41,737,1,-8.443,-2.201,0.807,8.763,8.763,5.283,194.611,0.011,0.014,0.012,32,
1986-01-25 01:51:58.010000+00:00,26857,41,769,1,-8.439,-2.204,0.801,8.759,8.759,5.249,194.634,0.018,0.013,0.011,32,
1986-01-25 01:51:59.930000+00:00,26857,42,1,1,-8.442,-2.207,0.807,8.763,8.763,5.281,194.647,0.016,0.014,0.011,32,
1986-01-25 01:52:01.850000+00:00,26857,42,33,1,-8.442,-2.191,0.81,8.759,8.759,5.308,194.548,0.015,0.01,0.013,32,
1986-01-25 01:52:03.770000+00:00,26857,42,65,1,-8.436,-2.198,0.795,8.754,8.754,5.209,194.602,0.013,0.017,0.011,32,
1986-01-25 01:52:05.690000+00:00,26857,42,97,1,-8.432,-2.203,0.797,8.751,8.751,5.225,194.643,0.017,0.013,0.01,32,
1986-01-25 01:52:07.610000+00:00,26857,42,129,1,-8.432,-2.212,0.797,8.753,8.754,5.224,194.702,0.014,0.01,0.016,32,
1986-01-25 01:52:09.530000+00:00,26857,42,161,1,-8.422,-2.211,0.791,8.743,8.743,5.192,194.71,0.013,0.011,0.013,32,
1986-01-25 01:52:11.450000+00:00,26857,42,193,1,-8.441,-2.205,0.81,8.762,8.762,5.301,194.641,0.02,0.013,0.011,32,
1986-01-25 01:52:13.370000+00:00,26857,42,225,1,-8.431,-2.211,0.805,8.753,8.753,5.275,194.694,0.015,0.012,0.019,32,
1986-01-25 01:52:15.290000+00:00,26857,42,257,1,-8.446,-2.195,0.814,8.764,8.764,5.328,194.57,0.01,0.017,0.015,32,
1986-01-25 01:52:17.210000+00:00,26857,42,289,1,-8.439,-2.207,0.814,8.761,8.761,5.333,194.659,0.018,0.014,0.011,32,
1986-01-25 01:52:19.130000+00:00,26857,42,321,1,-8.425,-2.202,0.822,8.747,8.747,5.392,194.649,0.013,0.01,0.013,32,
1986-01-25 01:52:21.050000+00:00,26857,42,353,1,-8.424,-2.2,0.81,8.744,8.744,5.318,194.635,0.014,0.011,0.016,32,
1986-01-25 01:52:22.970000+00:00,26857,42,385,1,-8.427,-2.188,0.825,8.746,8.746,5.411,194.555,0.017,0.014,0.011,32,
1986-01-25 01:52:24.890000+00:00,26857,42,417,1,-8.428,-2.2,0.817,8.748,8.748,5.359,194.631,0.013,0.012,0.015,32,
1986-01-25 01:52:26.810000+00:00,26857,42,449,1,-8.423,-2.195,0.823,8.743,8.743,5.4,194.608,0.013,0.015,0.011,32,
1986-01-25 01:52:28.730000+00:00,26857,42,481,1,-8.422,-2.199,0.823,8.743,8.743,5.401,194.636,0.014,0.015,0.012,32,
1986-01-25 01:52:30.650000+00:00,26857,42,513,1,-8.424,-2.186,0.81,8.741,8.741,5.319,194.549,0.013,0.014,0.012,32,
1986-01-25 01:52:32.570000+00:00,26857,42,545,1,-8.41,-2.195,0.823,8.731,8.731,5.406,194.626,0.012,0.015,0.012,32,
1986-01-25 01:52:34.490000+00:00,26857,42,577,1,-8.415,-2.198,0.819,8.736,8.736,5.378,194.635,0.017,0.016,0.01,32,
1986-01-25 01:52:36.410000+00:00,26857,42,609,1,-8.423,-2.197,0.818,8.743,8.743,5.367,194.62,0.015,0.013,0.015,32,
1986-01-25 01:52:38.330000+00:00,26857,42,641,1,-8.416,-2.191,0.812,8.734,8.734,5.332,194.589,0.011,0.017,0.012,32,
1986-01-25 01:52:40.250000+00:00,26857,42,673,1,-8.409,-2.196,0.807,8.728,8.728,5.303,194.639,0.017,0.012,0.009,32,
1986-01-25 01:52:42.170000+00:00,26857,42,705,1,-8.408,-2.191,0.815,8.727,8.727,5.359,194.603,0.012,0.01,0.015,32,
1986-01-25 01:52:44.090000+00:00,26857,42,737,1,-8.413,-2.204,0.816,8.735,8.735,5.358,194.678,0.013,0.014,0.015,32,
1986-01-25 01:52:46.010000+00:00,26857,42,769,1,-8.419,-2.192,0.811,8.737,8.737,5.323,194.593,0.015,0.014,0.009,32,
1986-01-25 01:52:47.930000+00:00,26857,43,1,1,-8.408,-2.175,0.82,8.723,8.723,5.391,194.504,0.012,0.014,0.016,32,
1986-01-25 01:52:49.850000+00:00,26857,43,33,1,-8.401,-2.184,0.807,8.718,8.718,5.311,194.571,0.012,0.013,0.014,32,
1986-01-25 01:52:51.770000+00:00,26857,43,65,1,-8.401,-2.181,0.811,8.717,8.717,5.337,194.557,0.014,0.014,0.015,32,
1986-01-25 01:52:53.690000+00:00,26857,43,97,1,-8.414,-2.18,0.811,8.73,8.73,5.33,194.523,0.017,0.016,0.014,32,
1986-01-25 01:52:55.610000+00:00,26857,43,129,1,-8.412,-2.182,0.817,8.728,8.728,5.368,194.543,0.013,0.011,0.014,32,
1986-01-25 01:52:57.530000+00:00,26857,43,161,1,-8.42,-2.173,0.822,8.735,8.735,5.401,194.467,0.012,0.018,0.014,32,
1986-01-25 01:52:59.450000+00:00,26857,43,193,1,-8.412,-2.179,0.823,8.729,8.729,5.413,194.522,0.012,0.013,0.015,32,
1986-01-25 01:53:01.370000+00:00,26857,43,225,1,-8.412,-2.176,0.826,8.728,8.728,5.432,194.501,0.013,0.015,0.018,32,
1986-01-25 01:53:03.290000+00:00,26857,43,257,1,-8.404,-2.18,0.816,8.721,8.721,5.369,194.544,0.013,0.015,0.013,32,
1986-01-25 01:53:05.210000+00:00,26857,43,289,1,-8.404,-2.186,0.812,8.722,8.722,5.345,194.581,0.017,0.012,0.012,32,
1986-01-25 01:53:07.130000+00:00,26857,43,321,1,-8.39,-2.177,0.813,8.706,8.706,5.359,194.546,0.01,0.013,0.015,32,
1986-01-25 01:53:09.050000+00:00,26857,43,353,1,-8.39,-2.174,0.816,8.705,8.705,5.378,194.525,0.01,0.016,0.017,32,
1986-01-25 01:53:10.970000+00:00,26857,43,385,1,-8.385,-2.178,0.812,8.701,8.701,5.351,194.559,0.013,0.014,0.014,32,
1986-01-25 01:53:12.890000+00:00,26857,43,417,1,-8.396,-2.171,0.817,8.71,8.71,5.38,194.497,0.013,0.017,0.013,32,
1986-01-25 01:53:14.810000+00:00,26857,43,449,1,-8.393,-2.185,0.81,8.71,8.71,5.338,194.591,0.011,0.024,0.014,32,
1986-01-25 01:53:16.730000+00:00,26857,43,481,1,-8.384,-2.189,0.811,8.702,8.703,5.349,194.632,0.011,0.012,0.009,32,
1986-01-25 01:53:18.650000+00:00,26857,43,513,1,-8.379,-2.177,0.802,8.694,8.694,5.294,194.564,0.013,0.015,0.015,32,
1986-01-25 01:53:20.570000+00:00,26857,43,545,1,-8.389,-2.177,0.815,8.705,8.705,5.37,194.548,0.01,0.013,0.014,32,
1986-01-25 01:53:22.490000+00:00,26857,43,577,1,-8.386,-2.174,0.815,8.702,8.702,5.376,194.531,0.019,0.013,0.01,32,
1986-01-25 01:53:24.410000+00:00,26857,43,609,1,-8.382,-2.178,0.822,8.699,8.7,5.421,194.562,0.015,0.013,0.014,32,
1986-01-25 01:53:26.330000+00:00,26857,43,641,1,-8.382,-2.177,0.812,8.698,8.698,5.354,194.557,0.011,0.016,0.015,32,
1986-01-25 01:53:28.250000+00:00,26857,43,673,1,-8.38,-2.166,0.819,8.694,8.694,5.406,194.49,0.011,0.015,0.016,32,
1986-01-25 01:53:30.170000+00:00,26857,43,705,1,-8.38,-2.171,0.824,8.696,8.696,5.435,194.523,0.015,0.012,0.014,32,
1986-01-25 01:53:32.090000+00:00,26857,43,737,1,-8.379,-2.173,0.828,8.696,8.696,5.466,194.54,0.012,0.021,0.014,32,
1986-01-25 01:53:34.010000+00:00,26857,43,769,1,-8.376,-2.175,0.833,8.694,8.694,5.495,194.556,0.016,0.012,0.015,32,
1986-01-25 01:53:35.930000+00:00,26857,44,1,1,-8.391,-2.175,0.823,8.708,8.708,5.421,194.531,0.009,0.014,0.01,32,
1986-01-25 01:53:37.850000+00:00,26857,44,33,1,-8.391,-2.16,0.828,8.704,8.704,5.456,194.433,0.014,0.012,0.011,32,
1986-01-25 01:53:39.770000+00:00,26857,44,65,1,-8.384,-2.169,0.82,8.699,8.699,5.409,194.507,0.016,0.015,0.016,32,
1986-01-25 01:53:41.690000+00:00,26857,44,97,1,-8.385,-2.172,0.818,8.7,8.7,5.394,194.521,0.012,0.013,0.007,32,
1986-01-25 01:53:43.610000+00:00,26857,44,129,1,-8.373,-2.164,0.822,8.687,8.687,5.431,194.491,0.01,0.01,0.015,32,
1986-01-25 01:53:45.530000+00:00,26857,44,161,1,-8.369,-2.164,0.822,8.683,8.683,5.435,194.494,0.012,0.014,0.015,32,
1986-01-25 01:53:47.450000+00:00,26857,44,193,1,-8.366,-2.168,0.818,8.681,8.681,5.407,194.529,0.012,0.014,0.008,32,
1986-01-25 01:53:49.370000+00:00,26857,44,225,1,-8.374,-2.168,0.819,8.689,8.689,5.412,194.517,0.013,0.009,0.013,32,
1986-01-25 01:53:51.290000+00:00,26857,44,257,1,-8.366,-2.165,0.821,8.68,8.68,5.425,194.509,0.012,0.014,0.014,32,
1986-01-25 01:53:53.210000+00:00,26857,44,289,1,-8.359,-2.164,0.819,8.674,8.674,5.421,194.512,0.014,0.014,0.007,32,
1986-01-25 01:53:55.130000+00:00,26857,44,321,1,-8.354,-2.182,0.816,8.673,8.673,5.396,194.638,0.013,0.013,0.016,32,
1986-01-25 01:53:57.050000+00:00,26857,44,353,1,-8.361,-2.174,0.832,8.679,8.679,5.501,194.577,0.016,0.012,0.013,32,
1986-01-25 01:53:58.970000+00:00,26857,44,385,1,-8.364,-2.173,0.827,8.681,8.681,5.467,194.565,0.011,0.014,0.009,32,
1986-01-25 01:54:00.890000+00:00,26857,44,417,1,-8.365,-2.167,0.829,8.681,8.681,5.48,194.524,0.012,0.011,0.011,32,
1986-01-25 01:54:02.810000+00:00,26857,44,449,1,-8.365,-2.176,0.832,8.683,8.683,5.496,194.582,0.014,0.009,0.012,32,
1986-01-25 01:54:04.730000+00:00,26857,44,481,1,-8.363,-2.162,0.827,8.677,8.677,5.467,194.497,0.011,0.013,0.011,32,
1986-01-25 01:54:06.650000+00:00,26857,44,513,1,-8.355,-2.153,0.832,8.668,8.668,5.505,194.451,0.013,0.013,0.009,32,
1986-01-25 01:54:08.570000+00:00,26857,44,545,1,-8.347,-2.161,0.824,8.661,8.661,5.459,194.518,0.014,0.011,0.015,32,
1986-01-25 01:54:10.490000+00:00,26857,44,577,1,-8.344,-2.178,0.821,8.663,8.663,5.439,194.631,0.013,0.012,0.007,32,
1986-01-25 01:54:12.410000+00:00,26857,44,609,1,-8.353,-2.164,0.823,8.668,8.668,5.449,194.526,0.016,0.011,0.011,32,
1986-01-25 01:54:14.330000+00:00,26857,44,641,1,-8.35,-2.158,0.819,8.663,8.663,5.426,194.491,0.011,0.01,0.009,32,
1986-01-25 01:54:16.250000+00:00,26857,44,673,1,-8.349,-2.152,0.823,8.662,8.662,5.453,194.456,0.013,0.018,0.005,32,
1986-01-25 01:54:18.170000+00:00,26857,44,705,1,-8.35,-2.16,0.829,8.665,8.665,5.492,194.505,0.011,0.013,0.016,32,
1986-01-25 01:54:20.090000+00:00,26857,44,737,1,-8.354,-2.149,0.824,8.665,8.665,5.455,194.429,0.01,0.009,0.012,32,
1986-01-25 01:54:22.010000+00:00,26857,44,769,1,-8.35,-2.161,0.813,8.663,8.663,5.384,194.507,0.013,0.012,0.01,32,
1986-01-25 01:54:23.930000+00:00,26857,45,1,1,-8.34,-2.164,0.811,8.655,8.655,5.376,194.546,0.012,0.014,0.014,32,
1986-01-25 01:54:25.850000+00:00,26857,45,33,1,-8.346,-2.16,0.817,8.659,8.659,5.415,194.507,0.013,0.013,0.012,32,
1986-01-25 01:54:27.770000+00:00,26857,45,65,1,-8.346,-2.153,0.829,8.659,8.659,5.495,194.465,0.01,0.012,0.016,32,
1986-01-25 01:54:29.690000+00:00,26857,45,97,1,-8.351,-2.149,0.84,8.664,8.664,5.561,194.429,0.014,0.015,0.017,32,
1986-01-25 01:54:31.610000+00:00,26857,45,129,1,-8.349,-2.161,0.834,8.664,8.664,5.527,194.514,0.012,0.012,0.014,32,
1986-01-25 01:54:33.530000+00:00,26857,45,161,1,-8.33,-2.161,0.832,8.646,8.646,5.519,194.54,0.01,0.013,0.008,32,
1986-01-25 01:54:35.450000+00:00,26857,45,193,1,-8.339,-2.147,0.827,8.651,8.651,5.487,194.438,0.013,0.013,0.014,32,
1986-01-25 01:54:37.370000+00:00,26857,45,225,1,-8.337,-2.16,0.822,8.652,8.652,5.453,194.527,0.013,0.012,0.011,32,
1986-01-25 01:54:39.290000+00:00,26857,45,257,1,-8.329,-2.16,0.837,8.645,8.645,5.553,194.541,0.009,0.013,0.012,32,
1986-01-25 01:54:41.210000+00:00,26857,45,289,1,-8.335,-2.161,0.833,8.651,8.651,5.524,194.536,0.014,0.011,0.013,32,
1986-01-25 01:54:43.130000+00:00,26857,45,321,1,-8.332,-2.147,0.828,8.644,8.644,5.5,194.451,0.012,0.018,0.011,32,
1986-01-25 01:54:45.050000+00:00,26857,45,353,1,-8.325,-2.151,0.839,8.639,8.639,5.572,194.489,0.01,0.008,0.013,32,
1986-01-25 01:54:46.970000+00:00,26857,45,385,1,-8.33,-2.147,0.845,8.643,8.643,5.608,194.452,0.013,0.011,0.015,32,
1986-01-25 01:54:48.890000+00:00,26857,45,417,1,-8.328,-2.141,0.844,8.64,8.64,5.602,194.419,0.014,0.015,0.009,32,
1986-01-25 01:54:50.810000+00:00,26857,45,449,1,-8.34,-2.148,0.833,8.653,8.653,5.526,194.44,0.008,0.01,0.012,32,
1986-01-25 01:54:52.730000+00:00,26857,45,481,1,-8.335,-2.148,0.834,8.647,8.647,5.532,194.452,0.013,0.013,0.015,32,
1986-01-25 01:54:54.650000+00:00,26857,45,513,1,-8.331,-2.154,0.839,8.646,8.646,5.566,194.496,0.016,0.017,0.01,32,
1986-01-25 01:54:56.570000+00:00,26857,45,545,1,-8.322,-2.151,0.839,8.637,8.637,5.577,194.494,0.017,0.012,0.009,32,
1986-01-25 01:54:58.490000+00:00,26857,45,577,1,-8.326,-2.137,0.837,8.636,8.636,5.559,194.396,0.011,0.014,0.015,32,
1986-01-25 01:55:00.410000+00:00,26857,45,609,1,-8.334,-2.149,0.835,8.647,8.647,5.543,194.457,0.01,0.009,0.008,32,
1986-01-25 01:55:02.330000+00:00,26857,45,641,1,-8.316,-2.148,0.83,8.629,8.629,5.521,194.483,0.008,0.012,0.011,32,
1986-01-25 01:55:04.250000+00:00,26857,45,673,1,-8.321,-2.143,0.83,8.632,8.632,5.516,194.44,0.018,0.012,0.017,32,
1986-01-25 01:55:06.170000+00:00,26857,45,705,1,-8.327,-2.139,0.831,8.637,8.637,5.522,194.409,0.013,0.012,0.011,32,
1986-01-25 01:55:08.090000+00:00,26857,45,737,1,-8.321,-2.138,0.829,8.631,8.631,5.514,194.408,0.012,0.011,0.013,32,
1986-01-25 01:55:10.010000+00:00,26857,45,769,1,-8.318,-2.137,0.842,8.629,8.629,5.598,194.411,0.009,0.013,0.017,32,
1986-01-25 01:55:11.930000+00:00,26857,46,1,1,-8.308,-2.136,0.838,8.619,8.619,5.579,194.421,0.01,0.014,0.011,32,
1986-01-25 01:55:13.850000+00:00,26857,46,33,1,-8.308,-2.138,0.835,8.619,8.619,5.558,194.432,0.011,0.009,0.01,32,
1986-01-25 01:55:15.770000+00:00,26857,46,65,1,-8.309,-2.138,0.832,8.62,8.62,5.536,194.429,0.011,0.01,0.013,32,
1986-01-25 01:55:17.690000+00:00,26857,46,97,1,-8.31,-2.14,0.834,8.622,8.622,5.553,194.443,0.011,0.014,0.01,32,
1986-01-25 01:55:19.610000+00:00,26857,46,129,1,-8.305,-2.135,0.832,8.615,8.615,5.54,194.414,0.011,0.008,0.008,32,
1986-01-25 01:55:21.530000+00:00,26857,46,161,1,-8.303,-2.134,0.833,8.613,8.613,5.547,194.41,0.013,0.014,0.013,32,
1986-01-25 01:55:23.450000+00:00,26857,46,193,1,-8.315,-2.144,0.827,8.627,8.627,5.5,194.457,0.012,0.008,0.013,32,
1986-01-25 01:55:25.370000+00:00,26857,46,225,1,-8.308,-2.136,0.837,8.619,8.619,5.57,194.419,0.013,0.01,0.01,32,
1986-01-25 01:55:27.290000+00:00,26857,46,257,1,-8.3,-2.148,0.847,8.615,8.615,5.642,194.513,0.015,0.015,0.011,32,
1986-01-25 01:55:29.210000+00:00,26857,46,289,1,-8.297,-2.139,0.846,8.61,8.61,5.641,194.453,0.011,0.009,0.011,32,
1986-01-25 01:55:31.130000+00:00,26857,46,321,1,-8.302,-2.126,0.84,8.611,8.611,5.597,194.366,0.01,0.011,0.014,32,
1986-01-25 01:55:33.050000+00:00,26857,46,353,1,-8.297,-2.127,0.838,8.606,8.606,5.585,194.379,0.011,0.014,0.011,32,
1986-01-25 01:55:34.970000+00:00,26857,46,385,1,-8.301,-2.13,0.836,8.611,8.611,5.573,194.389,0.012,0.011,0.013,32,
1986-01-25 01:55:36.890000+00:00,26857,46,417,1,-8.304,-2.135,0.844,8.615,8.616,5.62,194.42,0.009,0.007,0.015,32,
1986-01-25 01:55:38.810000+00:00,26857,46,449,1,-8.303,-2.128,0.847,8.613,8.613,5.646,194.375,0.011,0.012,0.011,32,
1986-01-25 01:55:40.730000+00:00,26857,46,481,1,-8.293,-2.136,0.844,8.605,8.605,5.625,194.44,0.013,0.014,0.014,32,
1986-01-25 01:55:42.650000+00:00,26857,46,513,1,-8.294,-2.139,0.838,8.606,8.606,5.586,194.461,0.009,0.006,0.013,32,
1986-01-25 01:55:44.570000+00:00,26857,46,545,1,-8.292,-2.137,0.836,8.604,8.604,5.574,194.452,0.006,0.015,0.011,32,
1986-01-25 01:55:46.490000+00:00,26857,46,577,1,-8.293,-2.13,0.839,8.603,8.603,5.598,194.407,0.011,0.013,0.012,32,
1986-01-25 01:55:48.410000+00:00,26857,46,609,1,-8.297,-2.133,0.839,8.608,8.608,5.594,194.419,0.011,0.01,0.014,32,
1986-01-25 01:55:50.330000+00:00,26857,46,641,1,-8.288,-2.125,0.842,8.598,8.598,5.618,194.381,0.013,0.01,0.009,32,
1986-01-25 01:55:52.250000+00:00,26857,46,673,1,-8.285,-2.12,0.852,8.594,8.594,5.693,194.352,0.008,0.016,0.011,32,
1986-01-25 01:55:54.170000+00:00,26857,46,705,1,-8.279,-2.122,0.848,8.589,8.589,5.665,194.373,0.012,0.013,0.013,32,
1986-01-25 01:55:56.090000+00:00,26857,46,737,1,-8.283,-2.118,0.845,8.591,8.591,5.644,194.344,0.013,0.011,0.008,32,
1986-01-25 01:55:58.010000+00:00,26857,46,769,1,-8.282,-2.114,0.855,8.591,8.591,5.713,194.321,0.012,0.013,0.009,32,
1986-01-25 01:55:59.930000+00:00,26857,47,1,1,-8.281,-2.117,0.852,8.59,8.59,5.692,194.342,0.013,0.016,0.008,32,
1986-01-25 01:56:01.850000+00:00,26857,47,33,1,-8.274,-2.107,0.86,8.582,8.582,5.755,194.289,0.01,0.009,0.014,32,
1986-01-25 01:56:03.770000+00:00,26857,47,65,1,-8.267,-2.107,0.848,8.573,8.573,5.679,194.299,0.012,0.012,0.007,32,
1986-01-25 01:56:05.690000+00:00,26857,47,97,1,-8.272,-2.102,0.857,8.577,8.577,5.736,194.258,0.016,0.011,0.009,32,
1986-01-25 01:56:07.610000+00:00,26857,47,129,1,-8.285,-2.107,0.861,8.592,8.592,5.754,194.267,0.012,0.008,0.014,32,
1986-01-25 01:56:09.530000+00:00,26857,47,161,1,-8.285,-2.108,0.861,8.592,8.592,5.753,194.272,0.01,0.015,0.008,32,
1986-01-25 01:56:11.450000+00:00,26857,47,193,1,-8.276,-2.112,0.861,8.585,8.585,5.753,194.313,0.015,0.007,0.008,32,
1986-01-25 01:56:13.370000+00:00,26857,47,225,1,-8.276,-2.11,0.859,8.584,8.584,5.745,194.3,0.008,0.011,0.009,32,
1986-01-25 01:56:15.290000+00:00,26857,47,257,1,-8.264,-2.116,0.861,8.574,8.574,5.765,194.36,0.008,0.012,0.013,32,
1986-01-25 01:56:17.210000+00:00,26857,47,289,1,-8.263,-2.102,0.862,8.57,8.57,5.771,194.274,0.017,0.013,0.008,32,
1986-01-25 01:56:19.130000+00:00,26857,47,321,1,-8.269,-2.103,0.859,8.575,8.575,5.749,194.267,0.006,0.01,0.011,32,
1986-01-25 01:56:21.050000+00:00,26857,47,353,1,-8.272,-2.123,0.853,8.582,8.582,5.703,194.393,0.01,0.018,0.012,32,
1986-01-25 01:56:22.970000+00:00,26857,47,385,1,-8.266,-2.114,0.86,8.575,8.575,5.753,194.349,0.016,0.012,0.012,32,
1986-01-25 01:56:24.890000+00:00,26857,47,417,1,-8.266,-2.108,0.866,8.574,8.574,5.794,194.307,0.008,0.009,0.014,32,
1986-01-25 01:56:26.810000+00:00,26857,47,449,1,-8.259,-2.105,0.856,8.566,8.566,5.734,194.297,0.011,0.017,0.005,32,
1986-01-25 01:56:28.730000+00:00,26857,47,481,1,-8.263,-2.106,0.854,8.57,8.57,5.72,194.298,0.014,0.013,0.006,32,
1986-01-25 01:56:30.650000+00:00,26857,47,513,1,-8.26,-2.11,0.856,8.568,8.568,5.735,194.331,0.01,0.006,0.014,32,
1986-01-25 01:56:32.570000+00:00,26857,47,545,1,-8.262,-2.11,0.848,8.569,8.569,5.676,194.327,0.014,0.015,0.007,32,
1986-01-25 01:56:34.490000+00:00,26857,47,577,1,-8.266,-2.114,0.842,8.573,8.573,5.637,194.35,0.015,0.008,0.01,32,
1986-01-25 01:56:36.410000+00:00,26857,47,609,1,-8.266,-2.124,0.843,8.576,8.576,5.642,194.408,0.011,0.01,0.014,32,
1986-01-25 01:56:38.330000+00:00,26857,47,641,1,-8.259,-2.119,0.848,8.569,8.569,5.678,194.391,0.013,0.017,0.003,32,
1986-01-25 01:56:40.250000+00:00,26857,47,673,1,-8.261,-2.111,0.842,8.568,8.568,5.637,194.337,0.017,0.009,0.01,32,
1986-01-25 01:56:42.170000+00:00,26857,47,705,1,-8.259,-2.1,0.852,8.564,8.564,5.712,194.268,0.011,0.007,0.009,32,
1986-01-25 01:56:44.090000+00:00,26857,47,737,1,-8.266,-2.089,0.87,8.57,8.57,5.826,194.184,0.01,0.014,0.004,32,
1986-01-25 01:56:46.010000+00:00,26857,47,769,1,-8.261,-2.087,0.874,8.565,8.565,5.86,194.179,0.015,0.01,0.011,32,
1986-01-25 01:56:47.930000+00:00,26857,48,1,1,-8.257,-2.084,0.862,8.559,8.559,5.781,194.165,0.017,0.009,0.017,32,
1986-01-25 01:56:49.850000+00:00,26857,48,33,1,-8.256,-2.088,0.872,8.561,8.561,5.848,194.191,0.011,0.01,0.016,32,
1986-01-25 01:56:51.770000+00:00,26857,48,65,1,-8.258,-2.09,0.871,8.563,8.563,5.839,194.205,0.011,0.013,0.008,32,
1986-01-25 01:56:53.690000+00:00,26857,48,97,1,-8.255,-2.084,0.874,8.559,8.559,5.86,194.168,0.01,0.009,0.013,32,
1986-01-25 01:56:55.610000+00:00,26857,48,129,1,-8.261,-2.084,0.881,8.566,8.566,5.904,194.156,0.006,0.013,0.017,32,
1986-01-25 01:56:57.530000+00:00,26857,48,161,1,-8.259,-2.085,0.877,8.563,8.563,5.876,194.17,0.013,0.015,0.005,32,
1986-01-25 01:56:59.450000+00:00,26857,48,193,1,-8.249,-2.089,0.873,8.554,8.554,5.857,194.211,0.018,0.012,0.012,32,
1986-01-25 01:57:01.370000+00:00,26857,48,225,1,-8.252,-2.084,0.875,8.556,8.556,5.867,194.174,0.006,0.01,0.012,32,
1986-01-25 01:57:03.290000+00:00,26857,48,257,1,-8.244,-2.088,0.873,8.549,8.549,5.861,194.212,0.011,0.016,0.005,32,
1986-01-25 01:57:05.210000+00:00,26857,48,289,1,-8.241,-2.082,0.87,8.544,8.545,5.846,194.179,0.011,0.01,0.012,32,
1986-01-25 01:57:07.130000+00:00,26857,48,321,1,-8.245,-2.063,0.874,8.544,8.544,5.874,194.05,0.003,0.012,0.016,32,
1986-01-25 01:57:09.050000+00:00,26857,48,353,1,-8.241,-2.071,0.877,8.543,8.543,5.895,194.104,0.01,0.018,0.009,32,
1986-01-25 01:57:10.970000+00:00,26857,48,385,1,-8.241,-2.076,0.879,8.544,8.544,5.902,194.138,0.014,0.006,0.015,32,
1986-01-25 01:57:12.890000+00:00,26857,48,417,1,-8.247,-2.085,0.87,8.551,8.551,5.84,194.188,0.007,0.013,0.015,32,
1986-01-25 01:57:14.810000+00:00,26857,48,449,1,-8.241,-2.067,0.884,8.543,8.543,5.94,194.08,0.011,0.012,0.007,32,
1986-01-25 01:57:16.730000+00:00,26857,48,481,1,-8.246,-2.071,0.889,8.548,8.548,5.969,194.095,0.01,0.005,0.011,32,
1986-01-25 01:57:18.650000+00:00,26857,48,513,1,-8.241,-2.083,0.869,8.544,8.544,5.839,194.183,0.009,0.008,0.009,32,
1986-01-25 01:57:20.570000+00:00,26857,48,545,1,-8.238,-2.091,0.868,8.543,8.543,5.833,194.241,0.011,0.015,0.007,32,
1986-01-25 01:57:22.490000+00:00,26857,48,577,1,-8.24,-2.089,0.867,8.544,8.544,5.822,194.224,0.018,0.011,0.012,32,
1986-01-25 01:57:24.410000+00:00,26857,48,609,1,-8.237,-2.084,0.874,8.541,8.541,5.875,194.196,0.008,0.012,0.017,32,
1986-01-25 01:57:26.330000+00:00,26857,48,641,1,-8.232,-2.091,0.866,8.538,8.538,5.821,194.255,0.012,0.013,0.007,32,
1986-01-25 01:57:28.250000+00:00,26857,48,673,1,-8.242,-2.091,0.863,8.547,8.547,5.795,194.236,0.016,0.007,0.013,32,
1986-01-25 01:57:30.170000+00:00,26857,48,705,1,-8.223,-2.074,0.874,8.525,8.525,5.886,194.159,0.005,0.011,0.02,32,
1986-01-25 01:57:32.090000+00:00,26857,48,737,1,-8.23,-2.08,0.868,8.533,8.533,5.839,194.185,0.013,0.014,0.009,32,
1986-01-25 01:57:34.010000+00:00,26857,48,769,1,-8.235,-2.079,0.878,8.539,8.539,5.903,194.17,0.017,0.009,0.012,32,
1986-01-25 01:57:35.929000+00:00,26857,49,1,1,-8.227,-2.07,0.88,8.529,8.529,5.923,194.126,0.014,0.006,0.013,32,
1986-01-25 01:57:37.849000+00:00,26857,49,33,1,-8.224,-2.07,0.876,8.526,8.526,5.9,194.13,0.01,0.01,0.016,32,
1986-01-25 01:57:39.769000+00:00,26857,49,65,1,-8.219,-2.076,0.873,8.521,8.521,5.88,194.176,0.011,0.012,0.012,32,
1986-01-25 01:57:41.689000+00:00,26857,49,97,1,-8.216,-2.075,0.865,8.518,8.518,5.826,194.175,0.014,0.005,0.01,32,
1986-01-25 01:57:43.609000+00:00,26857,49,129,1,-8.224,-2.08,0.875,8.528,8.528,5.889,194.194,0.009,0.009,0.012,32,
1986-01-25 01:57:45.529000+00:00,26857,49,161,1,-8.222,-2.073,0.879,8.525,8.525,5.921,194.149,0.014,0.015,0.005,32,
1986-01-25 01:57:47.449000+00:00,26857,49,193,1,-8.218,-2.076,0.878,8.522,8.522,5.914,194.18,0.015,0.006,0.013,32,
1986-01-25 01:57:49.369000+00:00,26857,49,225,1,-8.22,-2.073,0.877,8.523,8.523,5.904,194.155,0.006,0.011,0.019,32,
1986-01-25 01:57:51.289000+00:00,26857,49,257,1,-8.211,-2.076,0.874,8.514,8.514,5.889,194.189,0.011,0.018,0.011,32,
1986-01-25 01:57:53.209000+00:00,26857,49,289,1,-8.214,-2.077,0.873,8.517,8.517,5.882,194.188,0.016,0.007,0.013,32,
1986-01-25 01:57:55.129000+00:00,26857,49,321,1,-8.207,-2.074,0.87,8.51,8.51,5.867,194.184,0.012,0.011,0.012,32,
1986-01-25 01:57:57.049000+00:00,26857,49,353,1,-8.206,-2.08,0.867,8.51,8.51,5.847,194.224,0.011,0.009,0.011,32,
1986-01-25 01:57:58.969000+00:00,26857,49,385,1,-8.204,-2.073,0.876,8.507,8.507,5.912,194.182,0.011,0.004,0.014,32,
1986-01-25 01:58:00.889000+00:00,26857,49,417,1,-8.21,-2.065,0.88,8.511,8.511,5.932,194.116,0.007,0.012,0.014,32,
1986-01-25 01:58:02.809000+00:00,26857,49,449,1,-8.203,-2.065,0.88,8.505,8.505,5.938,194.132,0.011,0.012,0.009,32,
1986-01-25 01:58:04.729000+00:00,26857,49,481,1,-8.209,-2.068,0.868,8.51,8.51,5.855,194.142,0.015,0.008,0.01,32,
1986-01-25 01:58:06.649000+00:00,26857,49,513,1,-8.204,-2.059,0.869,8.503,8.503,5.863,194.088,0.005,0.012,0.016,32,
1986-01-25 01:58:08.569000+00:00,26857,49,545,1,-8.211,-2.065,0.87,8.511,8.511,5.865,194.119,0.01,0.017,0.011,32,
1986-01-25 01:58:10.489000+00:00,26857,49,577,1,-8.202,-2.071,0.877,8.505,8.505,5.922,194.17,0.019,0.009,0.011,32,
1986-01-25 01:58:12.409000+00:00,26857,49,609,1,-8.205,-2.074,0.868,8.507,8.507,5.854,194.183,0.007,0.011,0.017,32,
1986-01-25 01:58:14.329000+00:00,26857,49,641,1,-8.197,-2.063,0.873,8.498,8.498,5.897,194.125,0.013,0.017,0.01,32,
1986-01-25 01:58:16.249000+00:00,26857,49,673,1,-8.206,-2.064,0.874,8.507,8.507,5.897,194.115,0.01,0.011,0.014,32,
1986-01-25 01:58:18.169000+00:00,26857,49,705,1,-8.209,-2.06,0.883,8.509,8.509,5.956,194.087,0.008,0.013,0.012,32,
1986-01-25 01:58:20.089000+00:00,26857,49,737,1,-8.192,-2.054,0.888,8.492,8.492,6.005,194.078,0.012,0.014,0.01,32,
1986-01-25 01:58:22.009000+00:00,26857,49,769,1,-8.198,-2.058,0.885,8.498,8.498,5.981,194.092,0.012,0.011,0.013,32,
1986-01-25 01:58:23.929000+00:00,26857,50,1,1,-8.178,-2.058,0.882,8.479,8.479,5.973,194.123,0.012,0.01,0.007,32,
1986-01-25 01:58:25.849000+00:00,26857,50,33,1,-8.174,-2.06,0.881,8.475,8.475,5.969,194.146,0.008,0.012,0.016,32,
1986-01-25 01:58:27.769000+00:00,26857,50,65,1,-8.186,-2.061,0.878,8.487,8.487,5.937,194.134,0.014,0.015,0.009,32,
1986-01-25 01:58:29.689000+00:00,26857,50,97,1,-8.19,-2.059,0.89,8.491,8.491,6.015,194.11,0.017,0.006,0.01,32,
1986-01-25 01:58:31.609000+00:00,26857,50,129,1,-8.174,-2.052,0.899,8.475,8.475,6.09,194.089,0.007,0.014,0.013,32,
1986-01-25 01:58:33.529000+00:00,26857,50,161,1,-8.173,-2.051,0.889,8.473,8.473,6.021,194.086,0.008,0.013,0.01,32,
1986-01-25 01:58:35.449000+00:00,26857,50,193,1,-8.165,-2.053,0.882,8.465,8.465,5.979,194.111,0.018,0.009,0.012,32,
1986-01-25 01:58:37.369000+00:00,26857,50,225,1,-8.171,-2.068,0.881,8.475,8.475,5.964,194.201,0.008,0.013,0.017,32,
1986-01-25 01:58:39.289000+00:00,26857,50,257,1,-8.189,-2.067,0.878,8.491,8.491,5.936,194.164,0.013,0.012,0.009,32,
1986-01-25 01:58:41.209000+00:00,26857,50,289,1,-8.176,-2.059,0.884,8.478,8.478,5.989,194.134,0.014,0.011,0.008,32,
1986-01-25 01:58:43.129000+00:00,26857,50,321,1,-8.181,-2.057,0.886,8.482,8.482,5.998,194.112,0.004,0.012,0.02,32,
1986-01-25 01:58:45.049000+00:00,26857,50,353,1,-8.186,-2.049,0.889,8.485,8.485,6.014,194.054,0.015,0.014,0.009,32,
1986-01-25 01:58:46.969000+00:00,26857,50,385,1,-8.174,-2.051,0.885,8.474,8.474,5.992,194.082,0.014,0.011,0.012,32,
1986-01-25 01:58:48.889000+00:00,26857,50,417,1,-8.172,-2.048,0.883,8.471,8.471,5.987,194.069,0.007,0.011,0.012,32,
1986-01-25 01:58:50.809000+00:00,26857,50,449,1,-8.163,-2.048,0.883,8.462,8.462,5.988,194.082,0.01,0.015,0.007,32,
1986-01-25 01:58:52.729000+00:00,26857,50,481,1,-8.159,-2.05,0.876,8.458,8.458,5.945,194.105,0.016,0.013,0.012,32,
1986-01-25 01:58:54.649000+00:00,26857,50,513,1,-8.164,-2.04,0.89,8.462,8.462,6.036,194.031,0.011,0.014,0.015,32,
1986-01-25 01:58:56.569000+00:00,26857,50,545,1,-8.166,-2.056,0.878,8.466,8.466,5.955,194.134,0.011,0.018,0.007,32,
1986-01-25 01:58:58.489000+00:00,26857,50,577,1,-8.16,-2.05,0.884,8.46,8.46,5.996,194.104,0.013,0.011,0.01,32,
1986-01-25 01:59:00.409000+00:00,26857,50,609,1,-8.166,-2.047,0.89,8.466,8.466,6.035,194.071,0.009,0.008,0.014,32,
1986-01-25 01:59:02.329000+00:00,26857,50,641,1,-8.161,-2.049,0.891,8.461,8.461,6.046,194.092,0.008,0.016,0.006,32,
1986-01-25 01:59:04.249000+00:00,26857,50,673,1,-8.156,-2.047,0.896,8.456,8.456,6.082,194.089,0.017,0.011,0.009,32,
1986-01-25 01:59:06.169000+00:00,26857,50,705,1,-8.16,-2.054,0.893,8.462,8.462,6.056,194.129,0.009,0.007,0.017,32,
1986-01-25 01:59:08.089000+00:00,26857,50,737,1,-8.164,-2.05,0.895,8.465,8.465,6.07,194.098,0.012,0.017,0.007,32,
1986-01-25 01:59:10.009000+00:00,26857,50,769,1,-8.165,-2.046,0.902,8.466,8.466,6.119,194.069,0.018,0.016,0.008,32,
1986-01-25 01:59:11.929000+00:00,26857,51,1,1,-8.152,-2.048,0.894,8.453,8.453,6.071,194.101,0.015,0.01,0.015,32,
1986-01-25 01:59:13.849000+00:00,26857,51,33,1,-8.15,-2.051,0.885,8.45,8.45,6.015,194.125,0.005,0.011,0.011,32,
1986-01-25 01:59:15.769000+00:00,26857,51,65,1,-8.159,-2.033,0.891,8.456,8.456,6.049,193.994,0.01,0.012,0.012,32,
1986-01-25 01:59:17.689000+00:00,26857,51,97,1,-8.148,-2.045,0.895,8.448,8.448,6.078,194.087,0.013,0.008,0.013,32,
1986-01-25 01:59:19.609000+00:00,26857,51,129,1,-8.16,-2.053,0.895,8.461,8.461,6.07,194.122,0.009,0.01,0.013,32,
1986-01-25 01:59:21.529000+00:00,26857,51,161,1,-8.159,-2.045,0.901,8.459,8.459,6.116,194.072,0.01,0.015,0.008,32,
1986-01-25 01:59:23.449000+00:00,26857,51,193,1,-8.154,-2.043,0.895,8.453,8.454,6.077,194.069,0.016,0.007,0.012,32,
1986-01-25 01:59:25.369000+00:00,26857,51,225,1,-8.154,-2.045,0.901,8.455,8.455,6.116,194.08,0.013,0.015,0.013,32,
1986-01-25 01:59:27.289000+00:00,26857,51,257,1,-8.155,-2.046,0.893,8.455,8.455,6.061,194.085,0.01,0.016,0.011,32,
1986-01-25 01:59:29.209000+00:00,26857,51,289,1,-8.153,-2.039,0.905,8.453,8.453,6.143,194.041,0.019,0.012,0.011,32,
1986-01-25 01:59:31.129000+00:00,26857,51,321,1,-8.147,-2.041,0.905,8.447,8.447,6.149,194.062,0.011,0.015,0.01,32,
1986-01-25 01:59:33.049000+00:00,26857,51,353,1,-8.149,-2.033,0.901,8.447,8.447,6.125,194.006,0.012,0.013,0.008,32,
1986-01-25 01:59:34.969000+00:00,26857,51,385,1,-8.141,-2.029,0.905,8.439,8.439,6.155,193.993,0.013,0.011,0.016,32,
1986-01-25 01:59:36.889000+00:00,26857,51,417,1,-8.13,-2.028,0.91,8.428,8.428,6.195,194.007,0.008,0.008,0.015,32,
1986-01-25 01:59:38.809000+00:00,26857,51,449,1,-8.142,-2.025,0.901,8.438,8.438,6.13,193.964,0.008,0.013,0.011,32,
1986-01-25 01:59:40.729000+00:00,26857,51,481,1,-8.146,-2.027,0.9,8.443,8.443,6.122,193.976,0.017,0.008,0.014,32,
1986-01-25 01:59:42.649000+00:00,26857,51,513,1,-8.136,-2.025,0.907,8.433,8.433,6.176,193.975,0.005,0.013,0.014,32,
1986-01-25 01:59:44.569000+00:00,26857,51,545,1,-8.146,-2.028,0.911,8.444,8.444,6.192,193.98,0.009,0.012,0.012,32,
1986-01-25 01:59:46.489000+00:00,26857,51,577,1,-8.142,-2.03,0.912,8.441,8.441,6.2,194.001,0.012,0.011,0.018,32,
1986-01-25 01:59:48.409000+00:00,26857,51,609,1,-8.147,-2.027,0.903,8.444,8.444,6.142,193.973,0.009,0.01,0.014,32,
1986-01-25 01:59:50.329000+00:00,26857,51,641,1,-8.141,-2.029,0.912,8.439,8.439,6.203,193.996,0.011,0.013,0.011,32,
1986-01-25 01:59:52.249000+00:00,26857,51,673,1,-8.137,-2.031,0.897,8.434,8.434,6.104,194.012,0.015,0.012,0.012,32,
1986-01-25 01:59:54.169000+00:00,26857,51,705,1,-8.139,-2.027,0.903,8.437,8.437,6.148,193.982,0.006,0.009,0.011,32,
1986-01-25 01:59:56.089000+00:00,26857,51,737,1,-8.147,-2.035,0.901,8.446,8.446,6.123,194.027,0.012,0.013,0.009,32,
1986-01-25 01:59:58.009000+00:00,26857,51,769,1,-8.138,-2.028,0.911,8.436,8.436,6.202,193.992,0.015,0.011,0.018,32,
1986-01-25 01:59:59.929000+00:00,26857,52,1,1,-8.13,-2.029,0.905,8.428,8.428,6.161,194.015,0.014,0.012,0.014,32,
1986-01-25 02:00:01.849000+00:00,26857,52,33,1,-8.121,-2.027,0.903,8.418,8.418,6.154,194.015,0.01,0.008,0.013,32,
1986-01-25 02:00:03.769000+00:00,26857,52,65,1,-8.129,-2.035,0.891,8.427,8.427,6.07,194.053,0.014,0.009,0.011,32,
1986-01-25 02:00:05.689000+00:00,26857,52,97,1,-8.127,-2.03,0.899,8.425,8.425,6.128,194.027,0.015,0.012,0.008,32,
1986-01-25 02:00:07.609000+00:00,26857,52,129,1,-8.113,-2.032,0.904,8.412,8.412,6.17,194.059,0.01,0.012,0.011,32,
1986-01-25 02:00:09.529000+00:00,26857,52,161,1,-8.11,-2.03,0.904,8.409,8.409,6.172,194.055,0.015,0.013,0.01,32,
1986-01-25 02:00:11.449000+00:00,26857,52,193,1,-8.117,-2.032,0.903,8.416,8.416,6.159,194.056,0.013,0.011,0.007,32,
1986-01-25 02:00:13.369000+00:00,26857,52,225,1,-8.108,-2.024,0.913,8.406,8.406,6.235,194.015,0.012,0.013,0.011,32,
1986-01-25 02:00:15.289000+00:00,26857,52,257,1,-8.108,-2.014,0.912,8.404,8.404,6.227,193.949,0.014,0.015,0.013,32,
1986-01-25 02:00:17.209000+00:00,26857,52,289,1,-8.122,-2.015,0.907,8.418,8.418,6.187,193.933,0.015,0.012,0.007,32,
1986-01-25 02:00:19.129000+00:00,26857,52,321,1,-8.11,-2.017,0.9,8.405,8.405,6.15,193.97,0.013,0.012,0.015,32,
1986-01-25 02:00:21.049000+00:00,26857,52,353,1,-8.113,-2.015,0.895,8.407,8.407,6.113,193.947,0.016,0.018,0.011,32,
1986-01-25 02:00:22.969000+00:00,26857,52,385,1,-8.102,-2.016,0.894,8.397,8.397,6.113,193.971,0.014,0.012,0.007,32,
1986-01-25 02:00:24.889000+00:00,26857,52,417,1,-8.112,-2.021,0.902,8.409,8.409,6.159,193.991,0.008,0.006,0.017,32,
1986-01-25 02:00:26.809000+00:00,26857,52,449,1,-8.106,-2.022,0.91,8.404,8.404,6.217,194.005,0.015,0.014,0.011,32,
1986-01-25 02:00:28.729000+00:00,26857,52,481,1,-8.106,-2.011,0.913,8.402,8.402,6.239,193.933,0.017,0.012,0.01,32,
1986-01-25 02:00:30.649000+00:00,26857,52,513,1,-8.108,-2.019,0.898,8.404,8.404,6.135,193.981,0.006,0.014,0.016,32,
1986-01-25 02:00:32.569000+00:00,26857,52,545,1,-8.105,-2.02,0.907,8.402,8.402,6.2,193.991,0.015,0.013,0.012,32,
1986-01-25 02:00:34.489000+00:00,26857,52,577,1,-8.104,-2.018,0.91,8.401,8.401,6.22,193.985,0.016,0.008,0.009,32,
1986-01-25 02:00:36.409000+00:00,26857,52,609,1,-8.105,-2.013,0.91,8.401,8.401,6.218,193.951,0.006,0.008,0.013,32,
1986-01-25 02:00:38.329000+00:00,26857,52,641,1,-8.103,-2.011,0.898,8.397,8.397,6.142,193.936,0.015,0.008,0.012,32,
1986-01-25 02:00:40.249000+00:00,26857,52,673,1,-8.1,-2.018,0.902,8.396,8.396,6.169,193.991,0.015,0.014,0.009,32,
1986-01-25 02:00:42.169000+00:00,26857,52,705,1,-8.094,-2.019,0.89,8.39,8.39,6.092,194.004,0.009,0.008,0.015,32,
1986-01-25 02:00:44.089000+00:00,26857,52,737,1,-8.098,-2.012,0.901,8.393,8.393,6.161,193.955,0.012,0.013,0.012,32,
1986-01-25 02:00:46.009000+00:00,26857,52,769,1,-8.094,-2.024,0.893,8.391,8.391,6.107,194.038,0.01,0.013,0.009,32,
1986-01-25 02:00:47.929000+00:00,26857,53,1,1,-8.094,-2.016,0.891,8.389,8.389,6.099,193.984,0.015,0.013,0.016,32,
1986-01-25 02:00:49.849000+00:00,26857,53,33,1,-8.088,-2.02,0.889,8.383,8.383,6.087,194.022,0.012,0.017,0.014,32,
1986-01-25 02:00:51.769000+00:00,26857,53,65,1,-8.094,-2.012,0.907,8.39,8.39,6.204,193.959,0.009,0.014,0.012,32,
1986-01-25 02:00:53.689000+00:00,26857,53,97,1,-8.098,-2.008,0.901,8.392,8.392,6.163,193.927,0.013,0.011,0.058,32,
1986-01-25 02:00:55.609000+00:00,26857,53,129,1,-8.094,-2.018,0.898,8.39,8.39,6.142,193.998,0.012,0.013,0.011,32,
1986-01-25 02:00:57.529000+00:00,26857,53,161,1,-8.098,-2.002,0.898,8.39,8.39,6.142,193.887,0.012,0.013,0.01,32,
1986-01-25 02:00:59.449000+00:00,26857,53,193,1,-8.1,-2.001,0.898,8.391,8.391,6.142,193.875,0.014,0.011,0.013,32,
1986-01-25 02:01:01.369000+00:00,26857,53,225,1,-8.094,-2.009,0.898,8.388,8.388,6.146,193.94,0.012,0.013,0.073,32,
1986-01-25 02:01:03.289000+00:00,26857,53,257,1,-8.079,-2.008,0.899,8.374,8.374,6.164,193.958,0.013,0.014,0.224,32,
1986-01-25 02:01:05.209000+00:00,26857,53,289,1,-8.084,-2.005,0.903,8.378,8.378,6.191,193.931,0.015,0.013,0.286,32,
1986-01-25 02:01:07.129000+00:00,26857,53,321,1,-8.061,-2.013,0.897,8.356,8.356,6.162,194.021,0.009,0.015,1.678,32,
1986-01-25 02:01:09.049000+00:00,26857,53,353,1,-8.068,-2.011,0.898,8.363,8.364,6.162,193.996,0.009,0.016,0.113,32,
1986-01-25 02:01:10.969000+00:00,26857,53,385,1,-8.068,-2.006,0.893,8.361,8.361,6.134,193.961,0.018,0.012,0.833,32,
1986-01-25 02:01:12.889000+00:00,26857,53,417,1,-8.077,-2.008,0.888,8.37,8.37,6.087,193.962,0.011,0.01,,32,
1986-01-25 02:01:14.809000+00:00,26857,53,449,1,-8.069,-2.0,0.905,8.362,8.362,6.213,193.923,0.012,0.015,,32,
1986-01-25 02:01:16.729000+00:00,26857,53,481,1,-8.063,-2.008,0.897,8.357,8.357,6.162,193.985,0.015,0.008,,32,
1986-01-25 02:01:18.649000+00:00,26857,53,513,1,-8.07,-2.005,0.898,8.363,8.363,6.163,193.956,0.01,0.017,,32,
1986-01-25 02:01:20.569000+00:00,26857,53,545,1,-8.08,-2.014,0.902,8.376,8.376,6.181,193.992,0.01,0.011,,32,
1986-01-25 02:01:22.489000+00:00,26857,53,577,1,-8.069,-2.0,0.912,8.363,8.363,6.264,193.922,0.015,0.012,,24,
1986-01-25 02:01:24.409000+00:00,26857,53,609,1,-8.086,-1.938,0.848,8.358,8.361,5.82,193.478,0.009,0.013,,16,
1986-01-25 02:01:26.329000+00:00,26857,53,641,1,-8.253,-2.345,0.472,8.593,8.751,3.147,195.863,0.012,0.017,,28,
1986-01-25 02:01:28.249000+00:00,26857,53,673,1,,,,,,,,,,,0,
1986-01-25 02:01:30.169000+00:00,26857,53,705,1,,,,,,,,,,,0,
1986-01-25 02:01:32.089000+00:00,26857,53,737,1,,,,,,,,,,,0,
1986-01-25 02:01:34.009000+00:00,26857,53,769,1,,,,,,,,,,,0,
1986-01-25 02:01:35.929000+00:00,26857,54,1,1,,,,,,,,,,,0,T
1986-01-25 02:01:37.849000+00:00,26857,54,33,1,,,,,,,,,,,0,T
1986-01-25 02:01:39.769000+00:00,26857,54,65,1,,,,,,,,,,,0,T
1986-01-25 02:01:41.689000+00:00,26857,54,97,1,,,,,,,,,,,0,T
1986-01-25 02:01:43.609000+00:00,26857,54,129,1,,,,,,,,,,,0,T
1986-01-25 02:01:45.529000+00:00,26857,54,161,1,,,,,,,,,,,0,T
1986-01-25 02:01:47.449000+00:00,26857,54,193,1,,,,,,,,,,,0,T
1986-01-25 02:01:49.369000+00:00,26857,54,225,1,,,,,,,,,,,0,T
1986-01-25 02:01:51.289000+00:00,26857,54,257,1,,,,,,,,,,,0,T
1986-01-25 02:01:53.209000+00:00,26857,54,289,1,,,,,,,,,,,0,T
1986-01-25 02:01:55.129000+00:00,26857,54,321,1,,,,,,,,,,,0,T
1986-01-25 02:01:57.049000+00:00,26857,54,353,1,,,,,,,,,,,0,T
1986-01-25 02:01:58.969000+00:00,26857,54,385,1,,,,,,,,,,,0,T
1986-01-25 02:02:00.889000+00:00,26857,54,417,1,,,,,,,,,,,0,T
1986-01-25 02:02:02.809000+00:00,26857,54,449,1,,,,,,,,,,,0,T
1986-01-25 02:02:04.729000+00:00,26857,54,481,1,,,,,,,,,,,0,T
1986-01-25 02:02:06.649000+00:00,26857,54,513,1,,,,,,,,,,,0,T
1986-01-25 02:02:08.569000+00:00,26857,54,545,1,,,,,,,,,,,0,T
1986-01-25 02:02:10.489000+00:00,26857,54,577,1,,,,,,,,,,,0,T
1986-01-25 02:02:12.409000+00:00,26857,54,609,1,,,,,,,,,,,0,T
1986-01-25 02:02:14.329000+00:00,26857,54,641,1,,,,,,,,,,,0,T
1986-01-25 02:02:16.249000+00:00,26857,54,673,1,,,,,,,,,,,0,T
1986-01-25 02:02:18.169000+00:00,26857,54,705,1,,,,,,,,,,,0,T
1986-01-25 02:02:20.089000+00:00,26857,54,737,1,,,,,,,,,,,0,T
1986-01-25 02:02:22.009000+00:00,26857,54,769,1,,,,,,,,,,,0,T
1986-01-25 02:02:23.929000+00:00,26857,55,1,1,-8.027,-2.003,0.91,8.323,8.323,6.279,194.009,0.016,,,27,R
1986-01-25 02:02:25.849000+00:00,26857,55,33,1,-8.081,-2.015,0.93,8.38,8.393,6.369,193.999,0.012,,,18,R
1986-01-25 02:02:27.769000+00:00,26857,55,65,1,,,,,,,,,,,0,R
1986-01-25 02:02:29.689000+00:00,26857,55,97,1,,,,,,,,,,,0,R
1986-01-25 02:02:31.609000+00:00,26857,55,129,1,,,,,,,,,,,0,R
1986-01-25 02:02:33.529000+00:00,26857,55,161,1,,,,,,,,,,,0,R
1986-01-25 02:02:35.449000+00:00,26857,55,193,1,,,,,,,,,,,0,R
1986-01-25 02:02:37.369000+00:00,26857,55,225,1,,,,,,,,,,,0,R
1986-01-25 02:02:39.289000+00:00,26857,55,257,1,,,,,,,,,,,0,R
1986-01-25 02:02:41.209000+00:00,26857,55,289,1,,,,,,,,,,,0,R
1986-01-25 02:02:43.129000+00:00,26857,55,321,1,,,,,,,,,,,0,R
1986-01-25 02:02:45.049000+00:00,26857,55,353,1,,,,,,,,,,,0,R
1986-01-25 02:02:46.969000+00:00,26857,55,385,1,,,,,,,,,,,0,R
1986-01-25 02:02:48.889000+00:00,26857,55,417,1,,,,,,,,,,,0,R
1986-01-25 02:02:50.809000+00:00,26857,55,449,1,,,,,,,,,,,0,R
1986-01-25 02:02:52.729000+00:00,26857,55,481,1,,,,,,,,,,,0,R
1986-01-25 02:02:54.649000+00:00,26857,55,513,1,,,,,,,,,,,0,R
1986-01-25 02:02:56.569000+00:00,26857,55,545,1,,,,,,,,,,,0,R
1986-01-25 02:02:58.489000+00:00,26857,55,577,1,,,,,,,,,,,0,R
1986-01-25 02:03:00.409000+00:00,26857,55,609,1,,,,,,,,,,,0,R
1986-01-25 02:03:02.329000+00:00,26857,55,641,1,,,,,,,,,,,0,R
1986-01-25 02:03:04.249000+00:00,26857,55,673,1,,,,,,,,,,,0,R
1986-01-25 02:03:06.169000+00:00,26857,55,705,1,,,,,,,,,,,0,R
1986-01-25 02:03:08.089000+00:00,26857,55,737,1,,,,,,,,,,,0,R
1986-01-25 02:03:10.009000+00:00,26857,55,769,1,,,,,,,,,,,0,R
1986-01-25 02:08:47.929000+00:00,26858,3,1,1,,,,,,,,,,,0,T
1986-01-25 02:08:49.849000+00:00,26858,3,33,1,,,,,,,,,,,0,T
1986-01-25 02:08:51.769000+00:00,26858,3,65,1,,,,,,,,,,,0,T
1986-01-25 02:08:53.689000+00:00,26858,3,97,1,,,,,,,,,,,0,T
1986-01-25 02:08:55.609000+00:00,26858,3,129,1,,,,,,,,,,,0,T
1986-01-25 02:08:57.529000+00:00,26858,3,161,1,,,,,,,,,,,0,T
1986-01-25 02:08:59.449000+00:00,26858,3,193,1,,,,,,,,,,,0,T
1986-01-25 02:09:01.369000+00:00,26858,3,225,1,,,,,,,,,,,0,T
1986-01-25 02:09:03.289000+00:00,26858,3,257,1,,,,,,,,,,,0,T
1986-01-25 02:09:05.209000+00:00,26858,3,289,1,,,,,,,,,,,0,T
1986-01-25 02:09:07.129000+00:00,26858,3,321,1,,,,,,,,,,,0,T
1986-01-25 02:09:09.049000+00:00,26858,3,353,1,,,,,,,,,,,0,T
1986-01-25 02:09:10.969000+00:00,26858,3,385,1,,,,,,,,,,,0,T
1986-01-25 02:09:12.889000+00:00,26858,3,417,1,,,,,,,,,,,0,T
1986-01-25 02:09:14.809000+00:00,26858,3,449,1,,,,,,,,,,,0,T
1986-01-25 02:09:16.729000+00:00,26858,3,481,1,,,,,,,,,,,0,T
1986-01-25 02:09:18.649000+00:00,26858,3,513,1,,,,,,,,,,,0,T
1986-01-25 02:09:20.569000+00:00,26858,3,545,1,-7.778,-1.85,1.002,8.057,8.057,7.147,193.381,,,0.014,11,T
1986-01-25 02:09:22.489000+00:00,26858,3,577,1,-7.781,-1.846,1.004,8.06,8.06,7.158,193.348,,,0.016,32,T
1986-01-25 02:09:24.409000+00:00,26858,3,609,1,-7.769,-1.857,0.996,8.05,8.05,7.106,193.443,,,0.016,32,T
1986-01-25 02:09:26.329000+00:00,26858,3,641,1,-7.766,-1.862,0.994,8.048,8.048,7.098,193.485,,,0.013,32,T
1986-01-25 02:09:28.249000+00:00,26858,3,673,1,-7.759,-1.856,0.99,8.039,8.039,7.073,193.454,,,0.011,32,T
1986-01-25 02:09:30.169000+00:00,26858,3,705,1,-7.772,-1.853,0.992,8.051,8.051,7.076,193.413,,,0.132,32,T
1986-01-25 02:09:32.089000+00:00,26858,3,737,1,-7.77,-1.843,1.004,8.049,8.049,7.168,193.341,,,0.011,32,T
1986-01-25 02:09:34.009000+00:00,26858,3,769,1,-7.78,-1.816,1.039,8.057,8.058,7.407,193.141,,,0.011,32,T
1986-01-25 02:09:35.929000+00:00,26858,4,1,1,-7.763,-1.849,0.989,8.041,8.041,7.061,193.398,0.018,0.01,0.009,32,
1986-01-25 02:09:37.849000+00:00,26858,4,33,1,-7.764,-1.837,1.001,8.041,8.041,7.155,193.315,0.011,0.007,0.017,32,
1986-01-25 02:09:39.769000+00:00,26858,4,65,1,-7.758,-1.835,1.004,8.035,8.035,7.177,193.308,0.01,0.012,0.011,32,
1986-01-25 02:09:41.689000+00:00,26858,4,97,1,-7.764,-1.838,0.994,8.04,8.04,7.105,193.321,0.016,0.009,0.011,32,
1986-01-25 02:09:43.609000+00:00,26858,4,129,1,-7.759,-1.841,1.006,8.037,8.037,7.19,193.35,0.011,0.01,0.016,32,
1986-01-25 02:09:45.529000+00:00,26858,4,161,1,-7.761,-1.838,1.002,8.038,8.038,7.159,193.323,0.008,0.009,0.013,32,
1986-01-25 02:09:47.449000+00:00,26858,4,193,1,-7.752,-1.85,0.999,8.032,8.032,7.146,193.42,0.016,0.01,0.011,32,
1986-01-25 02:09:49.369000+00:00,26858,4,225,1,-7.75,-1.846,1.015,8.031,8.031,7.26,193.395,0.013,0.011,0.017,32,
1986-01-25 02:09:51.289000+00:00,26858,4,257,1,-7.756,-1.848,1.005,8.036,8.036,7.187,193.405,0.014,0.018,0.01,32,
1986-01-25 02:09:53.209000+00:00,26858,4,289,1,-7.754,-1.845,1.016,8.035,8.035,7.266,193.381,0.02,0.01,0.01,32,
1986-01-25 02:09:55.129000+00:00,26858,4,321,1,-7.751,-1.847,1.026,8.034,8.034,7.339,193.405,0.009,0.008,0.009,32,
1986-01-25 02:09:57.049000+00:00,26858,4,353,1,-7.749,-1.851,1.005,8.03,8.03,7.187,193.434,0.01,0.014,0.012,32,
1986-01-25 02:09:58.969000+00:00,26858,4,385,1,-7.748,-1.835,1.016,8.027,8.027,7.272,193.325,0.018,0.009,0.011,32,
1986-01-25 02:10:00.889000+00:00,26858,4,417,1,-7.754,-1.829,1.015,8.031,8.031,7.261,193.271,0.012,0.011,0.019,32,
1986-01-25 02:10:02.809000+00:00,26858,4,449,1,-7.746,-1.833,1.008,8.023,8.023,7.217,193.315,0.008,0.011,0.008,32,
1986-01-25 02:10:04.729000+00:00,26858,4,481,1,-7.756,-1.829,1.016,8.033,8.033,7.269,193.269,0.017,0.011,0.01,32,
1986-01-25 02:10:06.649000+00:00,26858,4,513,1,-7.751,-1.825,1.019,8.028,8.028,7.294,193.246,0.011,0.01,0.013,32,
1986-01-25 02:10:08.569000+00:00,26858,4,545,1,-7.743,-1.839,1.003,8.021,8.021,7.183,193.358,0.008,0.013,0.011,32,
1986-01-25 02:10:10.489000+00:00,26858,4,577,1,-7.747,-1.84,1.004,8.025,8.025,7.184,193.36,0.016,0.011,0.012,32,
1986-01-25 02:10:12.409000+00:00,26858,4,609,1,-7.742,-1.845,1.004,8.022,8.022,7.192,193.405,0.013,0.011,0.014,32,
1986-01-25 02:10:14.329000+00:00,26858,4,641,1,-7.742,-1.843,1.02,8.024,8.024,7.302,193.386,0.01,0.011,0.013,32,
1986-01-25 02:10:16.249000+00:00,26858,4,673,1,-7.736,-1.848,1.012,8.017,8.017,7.253,193.433,0.019,0.01,0.014,32,
1986-01-25 02:10:18.169000+00:00,26858,4,705,1,-7.733,-1.848,1.03,8.017,8.017,7.384,193.439,0.013,0.008,0.013,32,
1986-01-25 02:10:20.089000+00:00,26858,4,737,1,-7.74,-1.847,1.024,8.023,8.023,7.332,193.423,0.01,0.011,0.011,32,
1986-01-25 02:10:22.009000+00:00,26858,4,769,1,-7.738,-1.848,1.026,8.022,8.022,7.35,193.433,0.021,0.01,0.01,32,
1986-01-25 02:10:23.929000+00:00,26858,5,1,1,-7.728,-1.846,1.026,8.011,8.011,7.355,193.434,0.01,0.01,0.018,32,
1986-01-25 02:10:25.849000+00:00,26858,5,33,1,-7.728,-1.848,1.011,8.01,8.01,7.254,193.451,0.013,0.014,0.014,32,
1986-01-25 02:10:27.769000+00:00,26858,5,65,1,-7.729,-1.854,1.005,8.012,8.012,7.208,193.491,0.016,0.013,0.011,32,
1986-01-25 02:10:29.689000+00:00,26858,5,97,1,-7.728,-1.846,1.015,8.01,8.01,7.278,193.436,0.016,0.013,0.015,32,
1986-01-25 02:10:31.609000+00:00,26858,5,129,1,-7.724,-1.849,1.01,8.006,8.006,7.244,193.466,0.008,0.007,0.016,32,
1986-01-25 02:10:33.529000+00:00,26858,5,161,1,-7.723,-1.843,1.017,8.004,8.004,7.296,193.42,0.014,0.008,0.012,32,
1986-01-25 02:10:35.449000+00:00,26858,5,193,1,-7.725,-1.849,1.017,8.008,8.008,7.299,193.459,0.018,0.011,0.015,32,
1986-01-25 02:10:37.369000+00:00,26858,5,225,1,-7.722,-1.852,1.003,8.004,8.004,7.201,193.486,0.013,0.014,0.014,32,
1986-01-25 02:10:39.289000+00:00,26858,5,257,1,-7.727,-1.846,1.021,8.01,8.01,7.321,193.435,0.013,0.011,0.011,32,
1986-01-25 02:10:41.209000+00:00,26858,5,289,1,-7.733,-1.846,1.024,8.016,8.016,7.339,193.423,0.014,0.012,0.014,32,
1986-01-25 02:10:43.129000+00:00,26858,5,321,1,-7.727,-1.837,1.026,8.008,8.008,7.364,193.376,0.012,0.015,0.013,32,
1986-01-25 02:10:45.049000+00:00,26858,5,353,1,-7.717,-1.845,1.02,8.0,8.0,7.325,193.443,0.01,0.011,0.007,32,
1986-01-25 02:10:46.969000+00:00,26858,5,385,1,-7.723,-1.835,1.017,8.003,8.003,7.303,193.367,0.015,0.009,0.016,32,
1986-01-25 02:10:48.889000+00:00,26858,5,417,1,-7.713,-1.835,1.015,7.993,7.993,7.295,193.382,0.01,0.013,0.016,32,
1986-01-25 02:10:50.809000+00:00,26858,5,449,1,-7.7,-1.84,1.016,7.982,7.982,7.315,193.437,0.011,0.015,0.007,32,
1986-01-25 02:10:52.729000+00:00,26858,5,481,1,-7.714,-1.838,1.012,7.994,7.994,7.274,193.404,0.015,0.012,0.016,32,
1986-01-25 02:10:54.649000+00:00,26858,5,513,1,-7.706,-1.84,1.009,7.986,7.986,7.256,193.428,0.011,0.014,0.015,32,
1986-01-25 02:10:56.569000+00:00,26858,5,545,1,-7.718,-1.835,1.011,7.998,7.998,7.26,193.375,0.016,0.018,0.013,32,
1986-01-25 02:10:58.489000+00:00,26858,5,577,1,-7.714,-1.833,1.013,7.993,7.993,7.283,193.366,0.018,0.01,0.013,32,
1986-01-25 02:11:00.409000+00:00,26858,5,609,1,-7.709,-1.834,1.016,7.989,7.989,7.308,193.381,0.014,0.015,0.018,32,
1986-01-25 02:11:02.329000+00:00,26858,5,641,1,-7.701,-1.835,1.018,7.982,7.982,7.326,193.405,0.009,0.016,0.017,32,
1986-01-25 02:11:04.249000+00:00,26858,5,673,1,-7.702,-1.839,1.011,7.983,7.983,7.278,193.429,0.017,0.01,0.011,32,
1986-01-25 02:11:06.169000+00:00,26858,5,705,1,-7.715,-1.836,1.027,7.997,7.997,7.378,193.384,0.01,0.018,0.01,32,
1986-01-25 02:11:08.089000+00:00,26858,5,737,1,-7.716,-1.84,1.008,7.997,7.997,7.241,193.415,0.01,0.017,0.011,32,
1986-01-25 02:11:10.009000+00:00,26858,5,769,1,-7.719,-1.825,1.01,7.996,7.996,7.257,193.304,0.016,0.008,0.016,32,
1986-01-25 02:11:11.929000+00:00,26858,6,1,1,-7.713,-1.827,1.006,7.99,7.99,7.233,193.328,0.017,0.01,0.01,32,
1986-01-25 02:11:13.849000+00:00,26858,6,33,1,-7.708,-1.826,1.017,7.987,7.987,7.315,193.33,0.012,0.017,0.011,32,
1986-01-25 02:11:15.769000+00:00,26858,6,65,1,-7.71,-1.827,1.002,7.986,7.986,7.207,193.335,0.017,0.012,0.012,32,
1986-01-25 02:11:17.689000+00:00,26858,6,97,1,-7.705,-1.835,1.018,7.986,7.986,7.327,193.397,0.011,0.012,0.012,32,
1986-01-25 02:11:19.609000+00:00,26858,6,129,1,-7.704,-1.828,1.023,7.984,7.984,7.36,193.348,0.012,0.012,0.007,32,
1986-01-25 02:11:21.529000+00:00,26858,6,161,1,-7.696,-1.838,1.021,7.978,7.978,7.351,193.434,0.017,0.009,0.015,32,
1986-01-25 02:11:23.449000+00:00,26858,6,193,1,-7.703,-1.832,1.02,7.983,7.983,7.337,193.376,0.015,0.008,0.009,32,
1986-01-25 02:11:25.369000+00:00,26858,6,225,1,-7.701,-1.826,1.021,7.98,7.98,7.352,193.343,0.012,0.012,0.015,32,
1986-01-25 02:11:27.289000+00:00,26858,6,257,1,-7.703,-1.84,1.017,7.984,7.984,7.32,193.438,0.016,0.011,0.014,32,
1986-01-25 02:11:29.209000+00:00,26858,6,289,1,-7.695,-1.829,1.02,7.975,7.975,7.345,193.37,0.017,0.012,0.012,32,
1986-01-25 02:11:31.129000+00:00,26858,6,321,1,-7.695,-1.825,1.023,7.974,7.974,7.369,193.34,0.011,0.01,0.009,32,
1986-01-25 02:11:33.049000+00:00,26858,6,353,1,-7.69,-1.829,1.033,7.972,7.972,7.442,193.379,0.016,0.008,0.011,32,
1986-01-25 02:11:34.969000+00:00,26858,6,385,1,-7.694,-1.828,1.032,7.975,7.975,7.434,193.367,0.009,0.01,0.01,32,
1986-01-25 02:11:36.889000+00:00,26858,6,417,1,-7.693,-1.824,1.031,7.974,7.974,7.433,193.334,0.012,0.012,0.009,32,
1986-01-25 02:11:38.809000+00:00,26858,6,449,1,-7.69,-1.823,1.032,7.97,7.97,7.441,193.336,0.014,0.009,0.011,32,
1986-01-25 02:11:40.729000+00:00,26858,6,481,1,-7.691,-1.816,1.021,7.968,7.968,7.362,193.289,0.014,0.011,0.014,32,
1986-01-25 02:11:42.649000+00:00,26858,6,513,1,-7.688,-1.82,1.027,7.967,7.967,7.405,193.314,0.012,0.009,0.011,32,
1986-01-25 02:11:44.569000+00:00,26858,6,545,1,-7.693,-1.824,1.032,7.973,7.973,7.439,193.337,0.011,0.012,0.012,32,
1986-01-25 02:11:46.489000+00:00,26858,6,577,1,-7.684,-1.826,1.034,7.965,7.965,7.459,193.368,0.012,0.008,0.013,32,
1986-01-25 02:11:48.409000+00:00,26858,6,609,1,-7.682,-1.814,1.022,7.96,7.96,7.38,193.289,0.011,0.006,0.013,32,
1986-01-25 02:11:50.329000+00:00,26858,6,641,1,-7.684,-1.817,1.026,7.962,7.962,7.406,193.303,0.014,0.013,0.011,32,
1986-01-25 02:11:52.249000+00:00,26858,6,673,1,-7.679,-1.808,1.027,7.955,7.955,7.416,193.249,0.014,0.012,0.012,32,
1986-01-25 02:11:54.169000+00:00,26858,6,705,1,-7.682,-1.805,1.029,7.958,7.958,7.43,193.22,0.014,0.012,0.017,32,
1986-01-25 02:11:56.089000+00:00,26858,6,737,1,-7.671,-1.802,1.027,7.947,7.947,7.426,193.218,0.013,0.01,0.011,32,
1986-01-25 02:11:58.009000+00:00,26858,6,769,1,-7.673,-1.799,1.037,7.949,7.949,7.498,193.198,0.016,0.008,0.011,32,
1986-01-25 02:11:59.929000+00:00,26858,7,1,1,-7.668,-1.806,1.021,7.943,7.943,7.387,193.252,0.008,0.01,0.013,32,
1986-01-25 02:12:01.849000+00:00,26858,7,33,1,-7.67,-1.811,1.029,7.948,7.948,7.438,193.286,0.011,0.014,0.012,32,
1986-01-25 02:12:03.769000+00:00,26858,7,65,1,-7.671,-1.82,1.026,7.95,7.95,7.414,193.347,0.013,0.008,0.012,32,
1986-01-25 02:12:05.689000+00:00,26858,7,97,1,-7.671,-1.804,1.029,7.947,7.947,7.442,193.236,0.015,0.01,0.011,32,
1986-01-25 02:12:07.609000+00:00,26858,7,129,1,-7.671,-1.807,1.024,7.947,7.947,7.4,193.256,0.013,0.01,0.011,32,
1986-01-25 02:12:09.529000+00:00,26858,7,161,1,-7.67,-1.813,1.028,7.948,7.948,7.429,193.3,0.012,0.009,0.009,32,
1986-01-25 02:12:11.449000+00:00,26858,7,193,1,-7.667,-1.812,1.026,7.945,7.945,7.422,193.299,0.008,0.011,0.009,32,
1986-01-25 02:12:13.369000+00:00,26858,7,225,1,-7.665,-1.817,1.031,7.945,7.945,7.458,193.334,0.01,0.008,0.009,32,
1986-01-25 02:12:15.289000+00:00,26858,7,257,1,-7.669,-1.82,1.026,7.949,7.949,7.417,193.35,0.012,0.014,0.011,32,
1986-01-25 02:12:17.209000+00:00,26858,7,289,1,-7.663,-1.817,1.032,7.943,7.943,7.462,193.342,0.011,0.011,0.011,32,
1986-01-25 02:12:19.129000+00:00,26858,7,321,1,-7.657,-1.805,1.033,7.934,7.934,7.48,193.266,0.011,0.01,0.012,32,
1986-01-25 02:12:21.049000+00:00,26858,7,353,1,-7.662,-1.818,1.018,7.941,7.941,7.364,193.35,0.014,0.013,0.011,32,
1986-01-25 02:12:22.969000+00:00,26858,7,385,1,-7.654,-1.81,1.017,7.931,7.931,7.368,193.307,0.009,0.011,0.009,32,
1986-01-25 02:12:24.889000+00:00,26858,7,417,1,-7.658,-1.816,1.029,7.937,7.937,7.45,193.342,0.009,0.01,0.011,32,
1986-01-25 02:12:26.809000+00:00,26858,7,449,1,-7.659,-1.811,1.027,7.937,7.937,7.433,193.302,0.015,0.01,0.009,32,
1986-01-25 02:12:28.729000+00:00,26858,7,481,1,-7.657,-1.808,1.028,7.935,7.935,7.443,193.288,0.005,0.01,0.009,32,
1986-01-25 02:12:30.649000+00:00,26858,7,513,1,-7.664,-1.81,1.025,7.942,7.942,7.416,193.287,0.011,0.013,0.015,32,
1986-01-25 02:12:32.569000+00:00,26858,7,545,1,-7.658,-1.807,1.025,7.935,7.935,7.419,193.277,0.013,0.012,0.011,32,
1986-01-25 02:12:34.489000+00:00,26858,7,577,1,-7.658,-1.801,1.03,7.934,7.934,7.457,193.237,0.009,0.011,0.006,32,
1986-01-25 02:12:36.409000+00:00,26858,7,609,1,-7.651,-1.801,1.022,7.926,7.926,7.408,193.245,0.01,0.009,0.015,32,
1986-01-25 02:12:38.329000+00:00,26858,7,641,1,-7.654,-1.796,1.025,7.928,7.928,7.432,193.209,0.013,0.009,0.013,32,
1986-01-25 02:12:40.249000+00:00,26858,7,673,1,-7.646,-1.796,1.021,7.92,7.92,7.41,193.219,0.008,0.01,0.009,32,
1986-01-25 02:12:42.169000+00:00,26858,7,705,1,-7.651,-1.797,1.027,7.926,7.926,7.447,193.218,0.009,0.008,0.016,32,
1986-01-25 02:12:44.089000+00:00,26858,7,737,1,-7.649,-1.8,1.03,7.925,7.925,7.467,193.239,0.013,0.01,0.01,32,
1986-01-25 02:12:46.009000+00:00,26858,7,769,1,-7.652,-1.794,1.036,7.928,7.928,7.509,193.197,0.008,0.013,0.007,32,
1986-01-25 02:12:47.928000+00:00,26858,8,1,1,-7.638,-1.795,1.024,7.913,7.913,7.432,193.228,0.012,0.011,0.011,32,
1986-01-25 02:12:49.848000+00:00,26858,8,33,1,-7.643,-1.791,1.026,7.916,7.916,7.443,193.188,0.012,0.01,0.012,32,
1986-01-25 02:12:51.768000+00:00,26858,8,65,1,-7.637,-1.792,1.027,7.911,7.911,7.458,193.204,0.011,0.01,0.008,32,
1986-01-25 02:12:53.688000+00:00,26858,8,97,1,-7.642,-1.8,1.023,7.917,7.917,7.422,193.25,0.013,0.01,0.012,32,
1986-01-25 02:12:55.608000+00:00,26858,8,129,1,-7.639,-1.793,1.017,7.912,7.912,7.387,193.212,0.009,0.011,0.012,32,
1986-01-25 02:12:57.528000+00:00,26858,8,161,1,-7.635,-1.802,1.021,7.911,7.911,7.416,193.28,0.012,0.011,0.012,32,
1986-01-25 02:12:59.448000+00:00,26858,8,193,1,-7.636,-1.796,1.016,7.91,7.91,7.378,193.233,0.014,0.009,0.01,32,
1986-01-25 02:13:01.368000+00:00,26858,8,225,1,-7.636,-1.8,1.019,7.911,7.911,7.399,193.26,0.011,0.014,0.016,32,
1986-01-25 02:13:03.288000+00:00,26858,8,257,1,-7.638,-1.793,1.028,7.913,7.913,7.466,193.21,0.01,0.011,0.009,32,
1986-01-25 02:13:05.208000+00:00,26858,8,289,1,-7.624,-1.785,1.028,7.897,7.897,7.476,193.18,0.015,0.01,0.01,32,
1986-01-25 02:13:07.128000+00:00,26858,8,321,1,-7.622,-1.795,1.014,7.896,7.896,7.375,193.254,0.01,0.012,0.011,32,
1986-01-25 02:13:09.048000+00:00,26858,8,353,1,-7.629,-1.803,1.016,7.904,7.904,7.385,193.3,0.007,0.013,0.01,32,
1986-01-25 02:13:10.968000+00:00,26858,8,385,1,-7.628,-1.796,1.022,7.903,7.903,7.43,193.246,0.008,0.01,0.013,32,
1986-01-25 02:13:12.888000+00:00,26858,8,417,1,-7.629,-1.79,1.024,7.903,7.903,7.443,193.207,0.008,0.008,0.011,32,
1986-01-25 02:13:14.808000+00:00,26858,8,449,1,-7.628,-1.79,1.023,7.901,7.901,7.438,193.204,0.009,0.012,0.009,32,
1986-01-25 02:13:16.728000+00:00,26858,8,481,1,-7.63,-1.793,1.027,7.905,7.905,7.463,193.224,0.014,0.009,0.012,32,
1986-01-25 02:13:18.648000+00:00,26858,8,513,1,-7.634,-1.791,1.032,7.909,7.909,7.496,193.202,0.01,0.011,0.011,32,
1986-01-25 02:13:20.568000+00:00,26858,8,545,1,-7.623,-1.787,1.029,7.897,7.897,7.488,193.196,0.013,0.009,0.008,32,
1986-01-25 02:13:22.488000+00:00,26858,8,577,1,-7.623,-1.792,1.027,7.898,7.898,7.472,193.227,0.012,0.007,0.011,32,
1986-01-25 02:13:24.408000+00:00,26858,8,609,1,-7.627,-1.787,1.033,7.902,7.902,7.51,193.183,0.007,0.008,0.017,32,
1986-01-25 02:13:26.328000+00:00,26858,8,641,1,-7.622,-1.793,1.034,7.898,7.898,7.523,193.239,0.012,0.011,0.012,32,
1986-01-25 02:13:28.248000+00:00,26858,8,673,1,-7.615,-1.793,1.019,7.89,7.89,7.423,193.252,0.011,0.011,0.011,32,
1986-01-25 02:13:30.168000+00:00,26858,8,705,1,-7.618,-1.787,1.027,7.892,7.892,7.474,193.201,0.01,0.011,0.013,26,
1986-01-25 02:13:32.088000+00:00,26858,8,737,1,-7.627,-1.795,1.031,7.903,7.903,7.497,193.243,0.011,0.013,0.006,32,
1986-01-25 02:13:34.008000+00:00,26858,8,769,1,-7.615,-1.779,1.031,7.887,7.887,7.513,193.15,0.014,0.01,0.014,32,
1986-01-25 02:13:35.928000+00:00,26858,9,1,1,-7.611,-1.774,1.035,7.883,7.883,7.546,193.12,0.016,0.008,0.012,32,
1986-01-25 02:13:37.848000+00:00,26858,9,33,1,-7.61,-1.778,1.033,7.883,7.883,7.53,193.151,0.006,0.016,0.015,32,
1986-01-25 02:13:39.768000+00:00,26858,9,65,1,-7.602,-1.781,1.031,7.876,7.876,7.52,193.182,0.011,0.01,0.009,32,
1986-01-25 02:13:41.688000+00:00,26858,9,97,1,-7.612,-1.781,1.027,7.885,7.885,7.487,193.167,0.016,0.006,0.008,32,
1986-01-25 02:13:43.608000+00:00,26858,9,129,1,-7.613,-1.777,1.032,7.885,7.885,7.522,193.141,0.007,0.013,0.016,32,
1986-01-25 02:13:45.528000+00:00,26858,9,161,1,-7.607,-1.777,1.032,7.88,7.88,7.524,193.148,0.013,0.01,0.01,32,
1986-01-25 02:13:47.448000+00:00,26858,9,193,1,-7.61,-1.784,1.027,7.884,7.884,7.485,193.194,0.015,0.006,0.008,32,
1986-01-25 02:13:49.368000+00:00,26858,9,225,1,-7.611,-1.788,1.023,7.885,7.885,7.453,193.219,0.009,0.012,0.017,32,
1986-01-25 02:13:51.288000+00:00,26858,9,257,1,-7.613,-1.785,1.031,7.887,7.887,7.513,193.198,0.008,0.01,0.009,32,
1986-01-25 02:13:53.208000+00:00,26858,9,289,1,-7.61,-1.781,1.027,7.883,7.883,7.488,193.172,0.014,0.004,0.012,32,
1986-01-25 02:13:55.128000+00:00,26858,9,321,1,-7.606,-1.782,1.024,7.879,7.879,7.468,193.183,0.006,0.012,0.016,32,
1986-01-25 02:13:57.048000+00:00,26858,9,353,1,-7.604,-1.782,1.024,7.877,7.877,7.467,193.19,0.012,0.018,0.009,32,
1986-01-25 02:13:58.968000+00:00,26858,9,385,1,-7.602,-1.776,1.038,7.876,7.876,7.573,193.151,0.017,0.009,0.011,32,
1986-01-25 02:14:00.888000+00:00,26858,9,417,1,-7.591,-1.773,1.039,7.864,7.864,7.591,193.146,0.004,0.015,0.013,32,
1986-01-25 02:14:02.808000+00:00,26858,9,449,1,-7.593,-1.776,1.035,7.867,7.867,7.562,193.168,0.014,0.014,0.006,32,
1986-01-25 02:14:04.728000+00:00,26858,9,481,1,-7.589,-1.778,1.029,7.862,7.862,7.519,193.186,0.013,0.008,0.008,32,
1986-01-25 02:14:06.648000+00:00,26858,9,513,1,-7.592,-1.78,1.029,7.866,7.866,7.514,193.198,0.005,0.008,0.013,32,
1986-01-25 02:14:08.568000+00:00,26858,9,545,1,-7.59,-1.776,1.033,7.864,7.864,7.548,193.169,0.01,0.012,0.006,32,
1986-01-25 02:14:10.488000+00:00,26858,9,577,1,-7.603,-1.769,1.047,7.876,7.876,7.64,193.1,0.013,0.008,0.013,32,
1986-01-25 02:14:12.408000+00:00,26858,9,609,1,-7.591,-1.771,1.043,7.864,7.864,7.621,193.133,0.009,0.007,0.015,32,
1986-01-25 02:14:14.328000+00:00,26858,9,641,1,-7.593,-1.769,1.047,7.866,7.866,7.648,193.112,0.014,0.011,0.005,32,
1986-01-25 02:14:16.248000+00:00,26858,9,673,1,-7.596,-1.776,1.032,7.869,7.869,7.534,193.162,0.011,0.008,0.014,32,
1986-01-25 02:14:18.168000+00:00,26858,9,705,1,-7.594,-1.772,1.033,7.866,7.866,7.549,193.132,0.011,0.007,0.02,32,
1986-01-25 02:14:20.088000+00:00,26858,9,737,1,-7.594,-1.767,1.042,7.866,7.866,7.612,193.102,0.013,0.011,0.01,32,
1986-01-25 02:14:22.008000+00:00,26858,9,769,1,-7.598,-1.765,1.057,7.871,7.871,7.714,193.078,0.012,0.008,0.01,26,
1986-01-25 02:14:23.928000+00:00,26858,10,1,1,-7.598,-1.761,1.048,7.869,7.869,7.65,193.05,0.018,0.005,0.013,32,O
1986-01-25 02:14:25.848000+00:00,26858,10,33,1,-7.595,-1.764,1.045,7.867,7.867,7.63,193.076,0.005,0.014,0.017,32,O
1986-01-25 02:14:27.768000+00:00,26858,10,65,1,-7.588,-1.773,1.03,7.86,7.86,7.531,193.15,0.008,0.015,0.006,32,O
1986-01-25 02:14:29.688000+00:00,26858,10,97,1,-7.584,-1.774,1.029,7.856,7.856,7.523,193.164,0.017,0.009,0.016,32,O
1986-01-25 02:14:31.608000+00:00,26858,10,129,1,-7.589,-1.771,1.038,7.862,7.862,7.587,193.134,0.005,0.013,0.014,32,O
1986-01-25 02:14:33.528000+00:00,26858,10,161,1,-7.587,-1.767,1.038,7.859,7.859,7.589,193.109,0.012,0.018,0.007,32,O
1986-01-25 02:14:35.448000+00:00,26858,10,193,1,-7.574,-1.774,1.031,7.847,7.847,7.549,193.181,0.012,0.008,0.012,32,O
1986-01-25 02:14:37.368000+00:00,26858,10,225,1,-7.573,-1.774,1.032,7.846,7.846,7.557,193.18,0.004,0.01,0.016,32,O
1986-01-25 02:14:39.288000+00:00,26858,10,257,1,-7.564,-1.76,1.046,7.836,7.836,7.667,193.095,0.013,0.014,0.005,32,O
1986-01-25 02:14:41.208000+00:00,26858,10,289,1,-7.564,-1.762,1.046,7.836,7.836,7.667,193.114,0.014,0.008,0.011,32,O
1986-01-25 02:14:43.128000+00:00,26858,10,321,1,-7.559,-1.758,1.044,7.83,7.83,7.662,193.092,0.007,0.017,0.011,32,O
1986-01-25 02:14:45.048000+00:00,26858,10,353,1,-7.567,-1.762,1.043,7.839,7.839,7.647,193.107,0.012,0.014,0.007,32,O
1986-01-25 02:14:46.968000+00:00,26858,10,385,1,-7.565,-1.764,1.037,7.837,7.837,7.604,193.129,0.016,0.0,0.014,6,O
1986-01-25 02:14:48.888000+00:00,26858,10,417,1,,,,,,,,,,,0,O
1986-01-25 02:14:50.808000+00:00,26858,10,449,1,,,,,,,,,,,0,O
1986-01-25 02:14:52.728000+00:00,26858,10,481,1,-7.555,-1.768,1.039,7.828,7.828,7.629,193.172,0.013,,0.015,27,O
1986-01-25 02:14:54.648000+00:00,26858,10,513,1,-7.555,-1.761,1.047,7.828,7.828,7.686,193.121,0.004,,0.014,32,O
1986-01-25 02:14:56.568000+00:00,26858,10,545,1,-7.555,-1.756,1.05,7.827,7.827,7.711,193.085,0.01,,0.006,32,O
1986-01-25 02:14:58.488000+00:00,26858,10,577,1,-7.553,-1.758,1.051,7.826,7.826,7.718,193.104,0.014,,0.014,32,O
1986-01-25 02:15:00.408000+00:00,26858,10,609,1,-7.556,-1.759,1.045,7.828,7.828,7.672,193.108,0.008,,0.021,32,O
1986-01-25 02:15:02.328000+00:00,26858,10,641,1,-7.557,-1.76,1.034,7.828,7.828,7.59,193.114,0.013,0.017,0.006,32,O
1986-01-25 02:15:04.248000+00:00,26858,10,673,1,-7.557,-1.75,1.055,7.829,7.829,7.741,193.034,0.011,0.009,0.014,32,O
1986-01-25 02:15:06.168000+00:00,26858,10,705,1,-7.55,-1.749,1.055,7.822,7.822,7.754,193.039,0.006,0.016,0.016,32,O
1986-01-25 02:15:08.088000+00:00,26858,10,737,1,-7.545,-1.748,1.056,7.817,7.817,7.761,193.047,0.016,0.017,0.008,32,O
1986-01-25 02:15:10.008000+00:00,26858,10,769,1,-7.552,-1.748,1.055,7.823,7.823,7.754,193.031,0.015,0.008,0.012,32,O
1986-01-25 02:15:11.928000+00:00,26858,11,1,1,-7.548,-1.754,1.047,7.82,7.82,7.693,193.081,0.016,0.005,0.008,32,
1986-01-25 02:15:13.848000+00:00,26858,11,33,1,-7.545,-1.758,1.047,7.818,7.818,7.698,193.115,0.005,0.007,0.012,32,
1986-01-25 02:15:15.768000+00:00,26858,11,65,1,-7.54,-1.756,1.043,7.812,7.812,7.675,193.106,0.01,0.012,0.006,32,
1986-01-25 02:15:17.688000+00:00,26858,11,97,1,-7.536,-1.76,1.038,7.808,7.808,7.643,193.143,0.017,0.008,0.008,32,
1986-01-25 02:15:19.608000+00:00,26858,11,129,1,-7.547,-1.758,1.043,7.819,7.819,7.665,193.115,0.006,0.009,0.01,32,
1986-01-25 02:15:21.528000+00:00,26858,11,161,1,-7.552,-1.761,1.04,7.824,7.824,7.641,193.126,0.01,0.013,0.004,32,
1986-01-25 02:15:23.448000+00:00,26858,11,193,1,-7.533,-1.762,1.038,7.805,7.805,7.64,193.163,0.011,0.009,0.006,32,
1986-01-25 02:15:25.368000+00:00,26858,11,225,1,-7.53,-1.757,1.042,7.802,7.802,7.672,193.132,0.005,0.01,0.011,32,
1986-01-25 02:15:27.288000+00:00,26858,11,257,1,-7.53,-1.757,1.042,7.802,7.802,7.674,193.136,0.013,0.012,0.005,32,
1986-01-25 02:15:29.208000+00:00,26858,11,289,1,-7.53,-1.768,1.04,7.805,7.805,7.655,193.213,0.015,0.006,0.006,32,
1986-01-25 02:15:31.128000+00:00,26858,11,321,1,-7.533,-1.763,1.038,7.806,7.806,7.644,193.172,0.005,0.01,0.015,32,
1986-01-25 02:15:33.048000+00:00,26858,11,353,1,-7.533,-1.759,1.038,7.805,7.805,7.643,193.147,0.011,0.008,0.007,32,
1986-01-25 02:15:34.968000+00:00,26858,11,385,1,-7.524,-1.763,1.035,7.797,7.797,7.627,193.188,0.012,0.006,0.011,32,
1986-01-25 02:15:36.888000+00:00,26858,11,417,1,-7.526,-1.753,1.045,7.798,7.798,7.704,193.111,0.006,0.007,0.012,32,
1986-01-25 02:15:38.808000+00:00,26858,11,449,1,-7.523,-1.756,1.04,7.794,7.794,7.665,193.14,0.012,0.014,0.008,32,
1986-01-25 02:15:40.728000+00:00,26858,11,481,1,-7.524,-1.754,1.038,7.795,7.795,7.649,193.125,0.014,0.004,0.01,32,
1986-01-25 02:15:42.648000+00:00,26858,11,513,1,-7.523,-1.756,1.039,7.795,7.795,7.663,193.142,0.004,0.007,0.016,32,
1986-01-25 02:15:44.568000+00:00,26858,11,545,1,-7.523,-1.757,1.04,7.796,7.796,7.668,193.147,0.015,0.014,0.007,32,
1986-01-25 02:15:46.488000+00:00,26858,11,577,1,-7.524,-1.76,1.035,7.796,7.796,7.631,193.163,0.013,0.008,0.007,32,
1986-01-25 02:15:48.408000+00:00,26858,11,609,1,-7.525,-1.757,1.041,7.797,7.797,7.673,193.139,0.006,0.007,0.016,32,
1986-01-25 02:15:50.328000+00:00,26858,11,641,1,-7.514,-1.752,1.048,7.787,7.787,7.737,193.121,0.012,0.015,0.005,32,
1986-01-25 02:15:52.248000+00:00,26858,11,673,1,-7.522,-1.746,1.054,7.793,7.793,7.773,193.067,0.017,0.007,0.01,32,
1986-01-25 02:15:54.168000+00:00,26858,11,705,1,-7.523,-1.749,1.049,7.794,7.794,7.737,193.086,0.004,0.006,0.014,32,
1986-01-25 02:15:56.088000+00:00,26858,11,737,1,-7.523,-1.749,1.052,7.794,7.794,7.754,193.087,0.008,0.01,0.006,32,
1986-01-25 02:15:58.008000+00:00,26858,11,769,1,-7.52,-1.755,1.045,7.793,7.793,7.709,193.137,0.009,0.006,0.007,32,
1986-01-25 02:15:59.928000+00:00,26858,12,1,1,-7.525,-1.748,1.046,7.796,7.796,7.711,193.075,0.014,0.008,0.014,32,
1986-01-25 02:16:01.848000+00:00,26858,12,33,1,-7.529,-1.745,1.045,7.799,7.799,7.704,193.052,0.007,0.009,0.015,32,
1986-01-25 02:16:03.768000+00:00,26858,12,65,1,-7.519,-1.751,1.047,7.791,7.791,7.721,193.113,0.008,0.014,0.005,32,
1986-01-25 02:16:05.688000+00:00,26858,12,97,1,-7.522,-1.758,1.039,7.794,7.794,7.658,193.154,0.014,0.007,0.017,32,
1986-01-25 02:16:07.608000+00:00,26858,12,129,1,-7.524,-1.753,1.046,7.796,7.796,7.71,193.117,0.008,0.01,0.015,32,
1986-01-25 02:16:09.528000+00:00,26858,12,161,1,-7.52,-1.744,1.053,7.791,7.791,7.767,193.06,0.003,0.015,0.006,32,
1986-01-25 02:16:11.448000+00:00,26858,12,193,1,-7.519,-1.749,1.052,7.792,7.792,7.76,193.097,0.015,0.007,0.014,32,
1986-01-25 02:16:13.368000+00:00,26858,12,225,1,-7.518,-1.753,1.04,7.789,7.789,7.671,193.122,0.004,0.009,0.012,32,
1986-01-25 02:16:15.288000+00:00,26858,12,257,1,-7.522,-1.747,1.054,7.794,7.794,7.771,193.079,0.01,0.011,0.007,32,
1986-01-25 02:16:17.208000+00:00,26858,12,289,1,-7.521,-1.747,1.045,7.792,7.792,7.709,193.074,0.013,0.004,0.01,32,
1986-01-25 02:16:19.128000+00:00,26858,12,321,1,-7.517,-1.756,1.043,7.789,7.789,7.699,193.147,0.003,0.012,0.017,32,
1986-01-25 02:16:21.048000+00:00,26858,12,353,1,-7.509,-1.752,1.044,7.781,7.781,7.713,193.133,0.006,0.013,0.008,32,
1986-01-25 02:16:22.968000+00:00,26858,12,385,1,-7.507,-1.749,1.043,7.778,7.778,7.705,193.115,0.012,0.005,0.013,32,
1986-01-25 02:16:24.888000+00:00,26858,12,417,1,-7.505,-1.74,1.053,7.776,7.776,7.785,193.056,0.004,0.013,0.011,32,
1986-01-25 02:16:26.808000+00:00,26858,12,449,1,-7.49,-1.742,1.051,7.762,7.762,7.779,193.093,0.005,0.014,0.008,32,
1986-01-25 02:16:28.728000+00:00,26858,12,481,1,-7.506,-1.743,1.048,7.777,7.777,7.744,193.074,0.016,0.008,0.013,32,
1986-01-25 02:16:30.648000+00:00,26858,12,513,1,-7.499,-1.74,1.052,7.77,7.77,7.778,193.066,0.005,0.016,0.017,32,
1986-01-25 02:16:32.568000+00:00,26858,12,545,1,-7.503,-1.742,1.052,7.774,7.774,7.778,193.068,0.007,0.017,0.005,32,
1986-01-25 02:16:34.488000+00:00,26858,12,577,1,-7.503,-1.746,1.043,7.774,7.774,7.711,193.103,0.013,0.008,0.015,32,
1986-01-25 02:16:36.408000+00:00,26858,12,609,1,-7.504,-1.747,1.04,7.774,7.774,7.69,193.106,0.009,0.014,0.015,32,
1986-01-25 02:16:38.328000+00:00,26858,12,641,1,-7.507,-1.738,1.044,7.776,7.776,7.718,193.038,0.008,0.014,0.005,32,
1986-01-25 02:16:40.248000+00:00,26858,12,673,1,-7.505,-1.75,1.041,7.777,7.777,7.693,193.129,0.014,0.008,0.017,32,
1986-01-25 02:16:42.168000+00:00,26858,12,705,1,-7.507,-1.744,1.05,7.778,7.778,7.755,193.081,0.006,0.015,0.011,32,
1986-01-25 02:16:44.088000+00:00,26858,12,737,1,-7.486,-1.736,1.053,7.757,7.757,7.8,193.057,0.01,0.014,0.006,32,
1986-01-25 02:16:46.008000+00:00,26858,12,769,1,-7.478,-1.741,1.051,7.749,7.749,7.794,193.104,0.012,0.004,0.01,32,
1986-01-25 02:16:47.928000+00:00,26858,13,1,1,-7.482,-1.742,1.045,7.753,7.753,7.743,193.109,0.009,0.007,0.012,32,
1986-01-25 02:16:49.848000+00:00,26858,13,33,1,-7.498,-1.746,1.049,7.769,7.769,7.76,193.106,0.004,0.012,0.016,32,
1986-01-25 02:16:51.768000+00:00,26858,13,65,1,-7.498,-1.739,1.048,7.768,7.768,7.751,193.06,0.011,0.017,0.007,32,
1986-01-25 02:16:53.688000+00:00,26858,13,97,1,-7.499,-1.739,1.052,7.769,7.769,7.783,193.057,0.018,0.006,0.012,32,
1986-01-25 02:16:55.608000+00:00,26858,13,129,1,-7.481,-1.736,1.042,7.75,7.75,7.725,193.061,0.004,0.01,0.017,32,
1986-01-25 02:16:57.528000+00:00,26858,13,161,1,-7.481,-1.732,1.05,7.75,7.75,7.786,193.036,0.015,0.016,0.008,32,
1986-01-25 02:16:59.448000+00:00,26858,13,193,1,-7.473,-1.734,1.05,7.743,7.743,7.796,193.065,0.012,0.007,0.009,32,
1986-01-25 02:17:01.368000+00:00,26858,13,225,1,-7.479,-1.726,1.054,7.748,7.748,7.819,192.999,0.007,0.011,0.016,32,
1986-01-25 02:17:03.288000+00:00,26858,13,257,1,-7.483,-1.725,1.062,7.753,7.753,7.872,192.977,0.017,0.012,0.008,32,
1986-01-25 02:17:05.208000+00:00,26858,13,289,1,-7.478,-1.726,1.06,7.747,7.747,7.865,193.0,0.016,0.004,0.01,32,
1986-01-25 02:17:07.128000+00:00,26858,13,321,1,-7.466,-1.727,1.054,7.736,7.736,7.828,193.027,0.006,0.012,0.017,32,
1986-01-25 02:17:09.048000+00:00,26858,13,353,1,-7.471,-1.72,1.069,7.74,7.74,7.935,192.969,0.015,0.018,0.009,32,
1986-01-25 02:17:10.968000+00:00,26858,13,385,1,-7.472,-1.723,1.066,7.742,7.742,7.916,192.986,0.015,0.008,0.011,32,
1986-01-25 02:17:12.888000+00:00,26858,13,417,1,-7.477,-1.72,1.066,7.746,7.746,7.908,192.958,0.008,0.008,0.013,32,
1986-01-25 02:17:14.808000+00:00,26858,13,449,1,-7.481,-1.724,1.062,7.751,7.751,7.877,192.978,0.016,0.017,0.006,32,
1986-01-25 02:17:16.728000+00:00,26858,13,481,1,-7.471,-1.726,1.06,7.741,7.741,7.868,193.006,0.016,0.009,0.013,32,
1986-01-25 02:17:18.648000+00:00,26858,13,513,1,-7.467,-1.719,1.064,7.736,7.736,7.904,192.968,0.007,0.008,0.013,32,
1986-01-25 02:17:20.568000+00:00,26858,13,545,1,-7.471,-1.722,1.063,7.74,7.74,7.891,192.979,0.011,0.016,0.007,32,
1986-01-25 02:17:22.488000+00:00,26858,13,577,1,-7.475,-1.714,1.069,7.743,7.743,7.936,192.915,0.014,0.007,0.013,32,
1986-01-25 02:17:24.408000+00:00,26858,13,609,1,-7.474,-1.718,1.068,7.743,7.743,7.927,192.944,0.006,0.01,0.012,32,
1986-01-25 02:17:26.328000+00:00,26858,13,641,1,-7.46,-1.712,1.059,7.727,7.727,7.88,192.924,0.01,0.017,0.006,32,
1986-01-25 02:17:28.248000+00:00,26858,13,673,1,-7.45,-1.723,1.055,7.719,7.719,7.857,193.024,0.011,0.006,0.015,32,
1986-01-25 02:17:30.168000+00:00,26858,13,705,1,-7.462,-1.733,1.051,7.732,7.732,7.812,193.072,0.008,0.008,0.016,32,
1986-01-25 02:17:32.088000+00:00,26858,13,737,1,-7.461,-1.726,1.056,7.73,7.731,7.85,193.025,0.011,0.016,0.007,32,
1986-01-25 02:17:34.008000+00:00,26858,13,769,1,-7.458,-1.714,1.067,7.726,7.726,7.937,192.943,0.013,0.007,0.013,32,
1986-01-25 02:17:35.928000+00:00,26858,14,1,1,-7.457,-1.714,1.065,7.725,7.725,7.927,192.947,0.015,0.006,0.014,32,
1986-01-25 02:17:37.848000+00:00,26858,14,33,1,-7.468,-1.716,1.067,7.736,7.736,7.928,192.939,0.01,0.013,0.018,32,
1986-01-25 02:17:39.768000+00:00,26858,14,65,1,-7.475,-1.709,1.074,7.742,7.742,7.975,192.88,0.014,0.011,0.009,32,
1986-01-25 02:17:41.688000+00:00,26858,14,97,1,-7.471,-1.712,1.073,7.74,7.74,7.966,192.908,0.017,0.007,0.013,32,
1986-01-25 02:17:43.608000+00:00,26858,14,129,1,-7.464,-1.72,1.061,7.732,7.732,7.886,192.975,0.007,0.01,0.015,32,
1986-01-25 02:17:45.528000+00:00,26858,14,161,1,-7.465,-1.71,1.064,7.732,7.732,7.908,192.9,0.014,0.019,0.007,32,
1986-01-25 02:17:47.448000+00:00,26858,14,193,1,-7.467,-1.715,1.065,7.735,7.735,7.916,192.937,0.013,0.008,0.008,32,
1986-01-25 02:17:49.368000+00:00,26858,14,225,1,-7.448,-1.715,1.068,7.717,7.717,7.955,192.97,0.008,0.012,0.017,32,
1986-01-25 02:17:51.288000+00:00,26858,14,257,1,-7.453,-1.715,1.067,7.722,7.722,7.945,192.957,0.011,0.017,0.009,32,
1986-01-25 02:17:53.208000+00:00,26858,14,289,1,-7.458,-1.704,1.079,7.726,7.726,8.03,192.87,0.016,0.007,0.012,32,
1986-01-25 02:17:55.128000+00:00,26858,14,321,1,-7.46,-1.715,1.064,7.728,7.728,7.912,192.951,0.01,0.015,0.016,32,
1986-01-25 02:17:57.048000+00:00,26858,14,353,1,-7.451,-1.716,1.062,7.719,7.719,7.905,192.967,0.013,0.016,0.011,32,
1986-01-25 02:17:58.968000+00:00,26858,14,385,1,-7.44,-1.714,1.056,7.708,7.708,7.875,192.976,0.014,0.008,0.01,32,
1986-01-25 02:18:00.888000+00:00,26858,14,417,1,-7.454,-1.706,1.068,7.721,7.721,7.952,192.894,0.007,0.01,0.019,32,
1986-01-25 02:18:02.808000+00:00,26858,14,449,1,-7.445,-1.711,1.057,7.712,7.712,7.877,192.941,0.013,0.021,0.007,32,
1986-01-25 02:18:04.728000+00:00,26858,14,481,1,-7.444,-1.708,1.063,7.711,7.711,7.926,192.921,0.015,0.007,0.013,32,
1986-01-25 02:18:06.648000+00:00,26858,14,513,1,-7.436,-1.71,1.062,7.704,7.704,7.924,192.948,0.007,0.01,0.016,32,
1986-01-25 02:18:08.568000+00:00,26858,14,545,1,-7.434,-1.713,1.057,7.702,7.702,7.885,192.979,0.011,0.016,0.007,32,
1986-01-25 02:18:10.488000+00:00,26858,14,577,1,-7.448,-1.712,1.067,7.717,7.717,7.945,192.945,0.016,0.009,0.012,32,
1986-01-25 02:18:12.408000+00:00,26858,14,609,1,-7.44,-1.71,1.064,7.708,7.708,7.931,192.944,0.008,0.011,0.014,32,
1986-01-25 02:18:14.328000+00:00,26858,14,641,1,-7.431,-1.703,1.062,7.697,7.697,7.929,192.908,0.014,0.013,0.01,32,
1986-01-25 02:18:16.248000+00:00,26858,14,673,1,-7.44,-1.709,1.069,7.709,7.709,7.969,192.938,0.016,0.01,0.011,32,
1986-01-25 02:18:18.168000+00:00,26858,14,705,1,-7.438,-1.715,1.06,7.707,7.707,7.904,192.98,0.006,0.013,0.016,32,
1986-01-25 02:18:20.088000+00:00,26858,14,737,1,-7.44,-1.711,1.065,7.708,7.708,7.939,192.948,0.013,0.016,0.008,32,
1986-01-25 02:18:22.008000+00:00,26858,14,769,1,-7.432,-1.701,1.07,7.699,7.699,7.989,192.893,0.018,0.009,0.008,32,
1986-01-25 02:18:23.928000+00:00,26858,15,1,1,-7.431,-1.705,1.056,7.697,7.697,7.886,192.92,0.018,0.007,0.006,32,
1986-01-25 02:18:25.848000+00:00,26858,15,33,1,-7.435,-1.71,1.061,7.703,7.703,7.914,192.953,0.009,0.008,0.015,32,
1986-01-25 02:18:27.768000+00:00,26858,15,65,1,-7.424,-1.712,1.054,7.692,7.692,7.876,192.986,0.01,0.021,0.007,32,
1986-01-25 02:18:29.688000+00:00,26858,15,97,1,-7.425,-1.715,1.054,7.693,7.693,7.876,193.004,0.02,0.008,0.012,32,
1986-01-25 02:18:31.608000+00:00,26858,15,129,1,-7.423,-1.709,1.057,7.691,7.691,7.902,192.967,0.011,0.006,0.014,32,
1986-01-25 02:18:33.528000+00:00,26858,15,161,1,-7.418,-1.706,1.064,7.686,7.686,7.956,192.952,0.011,0.018,0.006,32,
1986-01-25 02:18:35.448000+00:00,26858,15,193,1,-7.414,-1.705,1.056,7.681,7.681,7.906,192.949,0.013,0.009,0.012,32,
1986-01-25 02:18:37.368000+00:00,26858,15,225,1,-7.42,-1.708,1.058,7.687,7.687,7.914,192.965,0.008,0.009,0.013,32,
1986-01-25 02:18:39.288000+00:00,26858,15,257,1,-7.417,-1.706,1.067,7.685,7.685,7.982,192.951,0.009,0.016,0.008,32,
1986-01-25 02:18:41.208000+00:00,26858,15,289,1,-7.426,-1.697,1.076,7.693,7.693,8.037,192.875,0.013,0.008,0.011,32,
1986-01-25 02:18:43.128000+00:00,26858,15,321,1,-7.43,-1.702,1.072,7.697,7.697,8.006,192.901,0.009,0.007,0.018,32,
1986-01-25 02:18:45.048000+00:00,26858,15,353,1,-7.423,-1.703,1.068,7.69,7.69,7.983,192.92,0.01,0.017,0.006,32,
1986-01-25 02:18:46.968000+00:00,26858,15,385,1,-7.42,-1.7,1.079,7.689,7.689,8.066,192.902,0.016,0.007,0.013,32,
1986-01-25 02:18:48.888000+00:00,26858,15,417,1,-7.426,-1.698,1.075,7.693,7.693,8.035,192.877,0.009,0.01,0.014,32,
1986-01-25 02:18:50.808000+00:00,26858,15,449,1,-7.419,-1.705,1.072,7.687,7.687,8.014,192.943,0.008,0.016,0.008,32,
1986-01-25 02:18:52.728000+00:00,26858,15,481,1,-7.422,-1.707,1.061,7.69,7.69,7.935,192.953,0.015,0.008,0.013,32,
1986-01-25 02:18:54.648000+00:00,26858,15,513,1,-7.423,-1.702,1.073,7.691,7.691,8.021,192.917,0.008,0.007,0.016,32,
1986-01-25 02:18:56.568000+00:00,26858,15,545,1,-7.42,-1.696,1.082,7.688,7.688,8.092,192.874,0.007,0.016,0.007,32,
1986-01-25 02:18:58.488000+00:00,26858,15,577,1,-7.411,-1.701,1.076,7.679,7.679,8.058,192.925,0.014,0.007,0.014,32,
1986-01-25 02:19:00.408000+00:00,26858,15,609,1,-7.41,-1.705,1.066,7.678,7.678,7.977,192.961,0.007,0.007,0.018,32,
1986-01-25 02:19:02.328000+00:00,26858,15,641,1,-7.405,-1.708,1.063,7.674,7.674,7.965,192.992,0.008,0.018,0.008,32,
1986-01-25 02:19:04.248000+00:00,26858,15,673,1,-7.41,-1.693,1.077,7.676,7.676,8.067,192.87,0.016,0.008,0.014,32,
1986-01-25 02:19:06.168000+00:00,26858,15,705,1,-7.404,-1.691,1.073,7.671,7.671,8.043,192.865,0.008,0.008,0.085,32,
1986-01-25 02:19:08.088000+00:00,26858,15,737,1,-7.398,-1.693,1.074,7.665,7.665,8.054,192.888,0.006,0.016,0.052,32,
1986-01-25 02:19:10.008000+00:00,26858,15,769,1,-7.423,-1.695,1.101,7.693,7.694,8.228,192.86,0.015,0.007,0.078,32,
1986-01-25 02:19:11.928000+00:00,26858,16,1,1,-7.399,-1.698,1.067,7.666,7.666,7.999,192.926,0.019,0.008,0.011,32,
1986-01-25 02:19:13.848000+00:00,26858,16,33,1,-7.392,-1.691,1.069,7.658,7.658,8.024,192.885,0.008,0.013,0.017,32,
1986-01-25 02:19:15.768000+00:00,26858,16,65,1,-7.392,-1.693,1.068,7.659,7.659,8.013,192.898,0.012,0.015,0.008,32,
1986-01-25 02:19:17.688000+00:00,26858,16,97,1,-7.394,-1.686,1.08,7.66,7.66,8.106,192.844,0.015,0.01,0.011,32,
1986-01-25 02:19:19.608000+00:00,26858,16,129,1,-7.39,-1.693,1.074,7.657,7.657,8.06,192.901,0.008,0.012,0.012,32,
1986-01-25 02:19:21.528000+00:00,26858,16,161,1,-7.385,-1.699,1.066,7.652,7.652,8.006,192.955,0.014,0.014,0.006,32,
1986-01-25 02:19:23.448000+00:00,26858,16,193,1,-7.392,-1.69,1.067,7.658,7.658,8.011,192.879,0.014,0.01,0.012,32,
1986-01-25 02:19:25.368000+00:00,26858,16,225,1,-7.399,-1.686,1.079,7.665,7.665,8.093,192.834,0.01,0.012,0.013,32,
1986-01-25 02:19:27.288000+00:00,26858,16,257,1,-7.4,-1.683,1.084,7.666,7.666,8.129,192.811,0.013,0.016,0.008,32,
1986-01-25 02:19:29.208000+00:00,26858,16,289,1,-7.394,-1.69,1.08,7.661,7.661,8.107,192.872,0.017,0.014,0.01,32,
1986-01-25 02:19:31.128000+00:00,26858,16,321,1,-7.39,-1.683,1.071,7.655,7.655,8.047,192.833,0.008,0.012,0.011,32,
1986-01-25 02:19:33.048000+00:00,26858,16,353,1,-7.39,-1.68,1.06,7.653,7.653,7.963,192.808,0.011,0.015,0.01,32,
1986-01-25 02:19:34.968000+00:00,26858,16,385,1,-7.386,-1.68,1.072,7.65,7.65,8.052,192.815,0.016,0.009,0.009,32,
1986-01-25 02:19:36.888000+00:00,26858,16,417,1,-7.396,-1.664,1.073,7.657,7.657,8.058,192.682,0.01,0.009,0.012,32,
1986-01-25 02:19:38.808000+00:00,26858,16,449,1,-7.394,-1.678,1.078,7.658,7.658,8.09,192.79,0.013,0.018,0.01,32,
1986-01-25 02:19:40.728000+00:00,26858,16,481,1,-7.387,-1.677,1.076,7.651,7.651,8.086,192.789,0.017,0.014,0.007,32,
1986-01-25 02:19:42.648000+00:00,26858,16,513,1,-7.379,-1.682,1.072,7.644,7.644,8.06,192.842,0.007,0.009,0.019,32,
1986-01-25 02:19:44.568000+00:00,26858,16,545,1,-7.384,-1.694,1.061,7.649,7.649,7.969,192.918,0.008,0.009,0.008,32,
1986-01-25 02:19:46.488000+00:00,26858,16,577,1,-7.393,-1.681,1.077,7.658,7.658,8.086,192.809,0.018,0.007,0.012,32,
1986-01-25 02:19:48.408000+00:00,26858,16,609,1,-7.387,-1.673,1.082,7.651,7.651,8.132,192.76,0.007,0.012,0.012,32,
1986-01-25 02:19:50.328000+00:00,26858,16,641,1,-7.389,-1.679,1.074,7.653,7.653,8.067,192.801,0.011,0.016,0.009,32,
1986-01-25 02:19:52.248000+00:00,26858,16,673,1,-7.378,-1.685,1.067,7.643,7.643,8.026,192.867,0.016,0.011,0.015,32,
1986-01-25 02:19:54.168000+00:00,26858,16,705,1,-7.386,-1.693,1.074,7.653,7.654,8.066,192.907,0.007,0.015,0.015,32,
1986-01-25 02:19:56.088000+00:00,26858,16,737,1,-7.379,-1.681,1.081,7.645,7.645,8.126,192.836,0.013,0.014,0.008,32,
1986-01-25 02:19:58.008000+00:00,26858,16,769,1,-7.367,-1.679,1.071,7.632,7.632,8.069,192.839,0.014,0.009,0.013,32,
1986-01-25 02:19:59.928000+00:00,26858,17,1,1,-7.373,-1.681,1.083,7.64,7.64,8.151,192.843,0.011,0.006,0.013,32,
1986-01-25 02:20:01.848000+00:00,26858,17,33,1,-7.372,-1.677,1.076,7.637,7.637,8.103,192.814,0.009,0.012,0.01,32,
1986-01-25 02:20:03.768000+00:00,26858,17,65,1,-7.366,-1.683,1.082,7.633,7.633,8.152,192.87,0.013,0.015,0.01,32,
1986-01-25 02:20:05.688000+00:00,26858,17,97,1,-7.376,-1.685,1.076,7.642,7.642,8.094,192.867,0.014,0.008,0.015,32,
1986-01-25 02:20:07.608000+00:00,26858,17,129,1,-7.374,-1.688,1.078,7.641,7.641,8.113,192.894,0.007,0.015,0.015,32,
1986-01-25 02:20:09.528000+00:00,26858,17,161,1,-7.371,-1.682,1.076,7.636,7.636,8.103,192.855,0.012,0.015,0.009,32,
1986-01-25 02:20:11.448000+00:00,26858,17,193,1,-7.368,-1.681,1.075,7.633,7.633,8.096,192.854,0.016,0.007,0.015,32,
1986-01-25 02:20:13.368000+00:00,26858,17,225,1,-7.362,-1.676,1.082,7.627,7.627,8.157,192.829,0.007,0.013,0.008,32,
1986-01-25 02:20:15.288000+00:00,26858,17,257,1,-7.361,-1.673,1.095,7.627,7.627,8.251,192.807,0.014,0.015,0.01,32,
1986-01-25 02:20:17.208000+00:00,26858,17,289,1,-7.365,-1.674,1.088,7.631,7.631,8.193,192.808,0.016,0.009,0.013,32,
1986-01-25 02:20:19.128000+00:00,26858,17,321,1,-7.371,-1.678,1.08,7.636,7.636,8.129,192.826,0.008,0.015,0.013,32,
1986-01-25 02:20:21.048000+00:00,26858,17,353,1,-7.361,-1.675,1.077,7.626,7.626,8.121,192.817,0.011,0.019,0.013,32,
1986-01-25 02:20:22.968000+00:00,26858,17,385,1,-7.37,-1.675,1.09,7.636,7.636,8.208,192.806,0.012,0.009,0.01,32,
1986-01-25 02:20:24.888000+00:00,26858,17,417,1,-7.366,-1.662,1.1,7.63,7.63,8.285,192.714,0.007,0.013,0.012,32,
1986-01-25 02:20:26.808000+00:00,26858,17,449,1,-7.358,-1.666,1.094,7.624,7.624,8.248,192.757,0.012,0.013,0.013,32,
1986-01-25 02:20:28.728000+00:00,26858,17,481,1,-7.354,-1.67,1.096,7.62,7.62,8.266,192.792,0.014,0.01,0.011,32,
1986-01-25 02:20:30.648000+00:00,26858,17,513,1,-7.357,-1.665,1.088,7.621,7.621,8.207,192.754,0.007,0.014,0.008,32,
1986-01-25 02:20:32.568000+00:00,26858,17,545,1,-7.369,-1.662,1.09,7.632,7.632,8.207,192.709,0.012,0.011,0.01,32,
1986-01-25 02:20:34.488000+00:00,26858,17,577,1,-7.363,-1.662,1.088,7.626,7.626,8.203,192.717,0.017,0.008,0.014,32,
1986-01-25 02:20:36.408000+00:00,26858,17,609,1,-7.36,-1.664,1.079,7.622,7.622,8.14,192.74,0.007,0.012,0.013,32,
1986-01-25 02:20:38.328000+00:00,26858,17,641,1,-7.353,-1.662,1.075,7.615,7.615,8.116,192.737,0.012,0.015,0.009,32,
1986-01-25 02:20:40.248000+00:00,26858,17,673,1,-7.357,-1.66,1.082,7.619,7.619,8.162,192.712,0.014,0.007,0.012,32,
1986-01-25 02:20:42.168000+00:00,26858,17,705,1,-7.353,-1.66,1.08,7.615,7.615,8.155,192.725,0.008,0.013,0.013,32,
1986-01-25 02:20:44.088000+00:00,26858,17,737,1,-7.347,-1.659,1.084,7.61,7.61,8.193,192.722,0.013,0.014,0.011,32,
1986-01-25 02:20:46.008000+00:00,26858,17,769,1,-7.352,-1.659,1.078,7.614,7.614,8.14,192.719,0.016,0.011,0.012,32,
1986-01-25 02:20:47.928000+00:00,26858,18,1,1,-7.356,-1.655,1.075,7.616,7.616,8.118,192.679,0.011,0.007,0.011,32,
1986-01-25 02:20:49.848000+00:00,26858,18,33,1,-7.345,-1.655,1.088,7.607,7.607,8.221,192.699,0.011,0.009,0.017,32,
1986-01-25 02:20:51.768000+00:00,26858,18,65,1,-7.343,-1.655,1.086,7.605,7.605,8.209,192.7,0.012,0.014,0.01,32,
1986-01-25 02:20:53.688000+00:00,26858,18,97,1,-7.353,-1.651,1.088,7.614,7.614,8.217,192.652,0.012,0.009,0.011,32,
1986-01-25 02:20:55.608000+00:00,26858,18,129,1,-7.351,-1.646,1.101,7.613,7.613,8.317,192.622,0.008,0.01,0.014,32,
1986-01-25 02:20:57.528000+00:00,26858,18,161,1,-7.34,-1.653,1.089,7.602,7.602,8.235,192.693,0.012,0.013,0.011,32,
1986-01-25 02:20:59.448000+00:00,26858,18,193,1,-7.338,-1.657,1.089,7.601,7.601,8.234,192.722,0.013,0.009,0.009,32,
1986-01-25 02:21:01.368000+00:00,26858,18,225,1,-7.34,-1.659,1.092,7.604,7.604,8.259,192.739,0.009,0.009,0.012,32,
1986-01-25 02:21:03.288000+00:00,26858,18,257,1,-7.336,-1.664,1.089,7.601,7.601,8.24,192.779,0.013,0.015,0.011,32,
1986-01-25 02:21:05.208000+00:00,26858,18,289,1,-7.338,-1.663,1.088,7.602,7.602,8.227,192.77,0.014,0.012,0.007,32,
1986-01-25 02:21:07.128000+00:00,26858,18,321,1,-7.332,-1.667,1.08,7.597,7.597,8.17,192.805,0.013,0.008,0.015,32,
1986-01-25 02:21:09.048000+00:00,26858,18,353,1,-7.336,-1.655,1.084,7.598,7.598,8.2,192.712,0.012,0.015,0.01,32,
1986-01-25 02:21:10.968000+00:00,26858,18,385,1,-7.343,-1.647,1.092,7.604,7.604,8.253,192.64,0.015,0.011,0.013,32,
1986-01-25 02:21:12.888000+00:00,26858,18,417,1,-7.34,-1.647,1.099,7.602,7.602,8.315,192.649,0.013,0.008,0.019,32,
1986-01-25 02:21:14.808000+00:00,26858,18,449,1,-7.339,-1.649,1.088,7.6,7.6,8.229,192.662,0.011,0.016,0.006,32,
1986-01-25 02:21:16.728000+00:00,26858,18,481,1,-7.336,-1.644,1.093,7.597,7.597,8.274,192.635,0.018,0.007,0.009,32,
1986-01-25 02:21:18.648000+00:00,26858,18,513,1,-7.331,-1.646,1.094,7.593,7.593,8.287,192.651,0.01,0.003,0.011,32,
1986-01-25 02:21:20.568000+00:00,26858,18,545,1,-7.334,-1.64,1.104,7.596,7.596,8.358,192.608,0.009,0.016,0.01,32,
1986-01-25 02:21:22.488000+00:00,26858,18,577,1,-7.331,-1.648,1.094,7.593,7.593,8.283,192.668,0.011,0.012,0.01,32,
1986-01-25 02:21:24.408000+00:00,26858,18,609,1,-7.334,-1.652,1.092,7.597,7.597,8.267,192.693,0.009,0.007,0.015,32,
1986-01-25 02:21:26.328000+00:00,26858,18,641,1,-7.322,-1.649,1.096,7.585,7.585,8.306,192.694,0.006,0.016,0.012,32,
1986-01-25 02:21:28.248000+00:00,26858,18,673,1,-7.311,-1.656,1.081,7.574,7.574,8.208,192.761,0.009,0.011,0.007,32,
1986-01-25 02:21:30.168000+00:00,26858,18,705,1,-7.316,-1.65,1.082,7.577,7.577,8.213,192.709,0.011,0.008,0.014,32,
1986-01-25 02:21:32.088000+00:00,26858,18,737,1,-7.322,-1.64,1.08,7.581,7.581,8.189,192.623,0.01,0.018,0.014,32,
1986-01-25 02:21:34.008000+00:00,26858,18,769,1,-7.322,-1.639,1.09,7.582,7.582,8.265,192.614,0.016,0.011,0.011,12,
1986-01-25 02:21:35.928000+00:00,26858,19,1,1,,,,,,,,,,,0,T    R
1986-01-25 02:21:37.848000+00:00,26858,19,33,1,,,,,,,,,,,0,T    R
1986-01-25 02:21:39.768000+00:00,26858,19,65,1,,,,,,,,,,,0,T    R
1986-01-25 02:21:41.688000+00:00,26858,19,97,1,,,,,,,,,,,0,T    R
1986-01-25 02:21:43.608000+00:00,26858,19,129,1,,,,,,,,,,,0,T    R
1986-01-25 02:21:45.528000+00:00,26858,19,161,1,,,,,,,,,,,0,T    R
1986-01-25 02:21:47.448000+00:00,26858,19,193,1,,,,,,,,,,,0,T    R
1986-01-25 02:21:49.368000+00:00,26858,19,225,1,,,,,,,,,,,0,T    R
1986-01-25 02:21:51.288000+00:00,26858,19,257,1,,,,,,,,,,,0,T    R
1986-01-25 02:21:53.208000+00:00,26858,19,289,1,,,,,,,,,,,0,T    R
1986-01-25 02:21:55.128000+00:00,26858,19,321,1,-7.32,-1.649,1.094,7.583,7.583,8.298,192.697,,0.012,,27,T    R
1986-01-25 02:21:57.048000+00:00,26858,19,353,1,-7.321,-1.64,1.093,7.581,7.581,8.29,192.628,,0.015,,32,T    R
1986-01-25 02:21:58.968000+00:00,26858,19,385,1,-7.306,-1.642,1.098,7.569,7.569,8.345,192.666,,0.009,,32,T    R
1986-01-25 02:22:00.888000+00:00,26858,19,417,1,-7.316,-1.642,1.102,7.579,7.579,8.363,192.649,,0.015,,32,T    R
1986-01-25 02:22:02.808000+00:00,26858,19,449,1,-7.314,-1.639,1.104,7.576,7.576,8.377,192.629,,0.011,,22,T    R
1986-01-25 02:22:04.728000+00:00,26858,19,481,1,,,,,,,,,,,0,T    R
1986-01-25 02:22:06.648000+00:00,26858,19,513,1,,,,,,,,,,,0,T    R
1986-01-25 02:22:08.568000+00:00,26858,19,545,1,,,,,,,,,,,0,T    R
1986-01-25 02:22:10.488000+00:00,26858,19,577,1,,,,,,,,,,,0,T    R
1986-01-25 02:22:12.408000+00:00,26858,19,609,1,,,,,,,,,,,0,T    R
1986-01-25 02:22:14.328000+00:00,26858,19,641,1,,,,,,,,,,,0,T    R
1986-01-25 02:22:16.248000+00:00,26858,19,673,1,,,,,,,,,,,0,T    R
1986-01-25 02:22:18.168000+00:00,26858,19,705,1,,,,,,,,,,,0,T    R
1986-01-25 02:22:20.088000+00:00,26858,19,737,1,,,,,,,,,,,0,T    R
1986-01-25 02:22:22.008000+00:00,26858,19,769,1,,,,,,,,,,,0,T    R
1986-01-25 02:22:23.928000+00:00,26858,20,1,1,,,,,,,,,,,0,T
1986-01-25 02:22:25.848000+00:00,26858,20,33,1,,,,,,,,,,,0,T
1986-01-25 02:22:27.768000+00:00,26858,20,65,1,,,,,,,,,,,0,T
1986-01-25 02:22:29.688000+00:00,26858,20,97,1,,,,,,,,,,,0,T
1986-01-25 02:22:31.608000+00:00,26858,20,129,1,,,,,,,,,,,0,T
1986-01-25 02:22:33.528000+00:00,26858,20,161,1,,,,,,,,,,,0,T
1986-01-25 02:22:35.448000+00:00,26858,20,193,1,,,,,,,,,,,0,T
1986-01-25 02:22:37.368000+00:00,26858,20,225,1,,,,,,,,,,,0,T
1986-01-25 02:22:39.288000+00:00,26858,20,257,1,,,,,,,,,,,0,T
1986-01-25 02:22:41.208000+00:00,26858,20,289,1,,,,,,,,,,,0,T
1986-01-25 02:22:43.128000+00:00,26858,20,321,1,,,,,,,,,,,0,T
1986-01-25 02:22:45.048000+00:00,26858,20,353,1,,,,,,,,,,,0,T
1986-01-25 02:22:46.968000+00:00,26858,20,385,1,,,,,,,,,,,0,T
1986-01-25 02:22:48.888000+00:00,26858,20,417,1,,,,,,,,,,,0,T
1986-01-25 02:22:50.808000+00:00,26858,20,449,1,,,,,,,,,,,0,T
1986-01-25 02:22:52.728000+00:00,26858,20,481,1,,,,,,,,,,,0,T
1986-01-25 02:22:54.648000+00:00,26858,20,513,1,,,,,,,,,,,0,T
1986-01-25 02:22:56.568000+00:00,26858,20,545,1,-7.271,-1.62,1.108,7.531,7.531,8.46,192.561,,,0.01,11,T
1986-01-25 02:22:58.488000+00:00,26858,20,577,1,-7.27,-1.626,1.102,7.531,7.531,8.413,192.605,,,0.004,32,T
1986-01-25 02:23:00.408000+00:00,26858,20,609,1,-7.273,-1.62,1.109,7.533,7.533,8.465,192.559,,,,32,T
1986-01-25 02:23:02.328000+00:00,26858,20,641,1,-7.27,-1.622,1.108,7.531,7.531,8.459,192.575,,,,32,T
1986-01-25 02:23:04.248000+00:00,26858,20,673,1,-7.269,-1.635,1.092,7.53,7.53,8.336,192.676,,,,32,T
1986-01-25 02:23:06.168000+00:00,26858,20,705,1,-7.27,-1.622,1.098,7.529,7.529,8.389,192.58,,,,16,T
1986-01-25 02:23:08.088000+00:00,26858,20,737,1,,,,,,,,,,,0,T
1986-01-25 02:23:10.008000+00:00,26858,20,769,1,,,,,,,,,,,0,T
1986-01-25 02:23:59.928000+00:00,26858,22,1,1,,,,,,,,,,,0,T
1986-01-25 02:24:01.848000+00:00,26858,22,33,1,,,,,,,,,,,0,T
1986-01-25 02:24:03.768000+00:00,26858,22,65,1,,,,,,,,,,,0,T
1986-01-25 02:24:05.688000+00:00,26858,22,97,1,,,,,,,,,,,0,T
1986-01-25 02:24:07.608000+00:00,26858,22,129,1,,,,,,,,,,,0,T
1986-01-25 02:24:09.528000+00:00,26858,22,161,1,,,,,,,,,,,0,T
1986-01-25 02:24:11.448000+00:00,26858,22,193,1,,,,,,,,,,,0,T
1986-01-25 02:24:13.368000+00:00,26858,22,225,1,,,,,,,,,,,0,T
1986-01-25 02:24:15.288000+00:00,26858,22,257,1,,,,,,,,,,,0,T
1986-01-25 02:24:17.208000+00:00,26858,22,289,1,,,,,,,,,,,0,T
1986-01-25 02:24:19.128000+00:00,26858,22,321,1,,,,,,,,,,,0,T
1986-01-25 02:24:21.048000+00:00,26858,22,353,1,,,,,,,,,,,0,T
1986-01-25 02:24:22.968000+00:00,26858,22,385,1,,,,,,,,,,,0,T
1986-01-25 02:24:24.888000+00:00,26858,22,417,1,,,,,,,,,,,0,T
1986-01-25 02:24:26.808000+00:00,26858,22,449,1,,,,,,,,,,,0,T
1986-01-25 02:24:28.728000+00:00,26858,22,481,1,-7.214,-1.614,1.095,7.473,7.473,8.424,192.609,,,0.01,27,T
1986-01-25 02:24:30.648000+00:00,26858,22,513,1,-7.217,-1.608,1.095,7.474,7.474,8.426,192.558,,,0.014,32,T
1986-01-25 02:24:32.568000+00:00,26858,22,545,1,-7.217,-1.609,1.094,7.475,7.475,8.415,192.572,,,0.015,32,T
1986-01-25 02:24:34.488000+00:00,26858,22,577,1,-7.217,-1.601,1.098,7.473,7.473,8.446,192.511,,,0.011,32,T
1986-01-25 02:24:36.408000+00:00,26858,22,609,1,-7.22,-1.602,1.1,7.477,7.477,8.459,192.508,,,0.017,32,T
1986-01-25 02:24:38.328000+00:00,26858,22,641,1,-7.214,-1.611,1.094,7.473,7.473,8.422,192.592,,0.016,0.014,32,T
1986-01-25 02:24:40.248000+00:00,26858,22,673,1,-7.206,-1.606,1.095,7.464,7.464,8.435,192.565,,0.013,0.012,32,T
1986-01-25 02:24:42.168000+00:00,26858,22,705,1,-7.204,-1.601,1.098,7.461,7.461,8.462,192.531,,0.008,0.013,32,T
1986-01-25 02:24:44.088000+00:00,26858,22,737,1,-7.206,-1.607,1.105,7.465,7.465,8.509,192.571,,0.015,0.011,32,T
1986-01-25 02:24:46.008000+00:00,26858,22,769,1,-7.206,-1.611,1.106,7.466,7.466,8.52,192.6,,0.013,0.01,32,T
1986-01-25 02:24:47.928000+00:00,26858,23,1,1,-7.19,-1.598,1.109,7.449,7.449,8.561,192.53,0.012,0.011,0.014,32,
1986-01-25 02:24:49.848000+00:00,26858,23,33,1,-7.194,-1.598,1.109,7.452,7.452,8.556,192.522,0.014,0.012,0.013,32,
1986-01-25 02:24:51.768000+00:00,26858,23,65,1,-7.188,-1.6,1.116,7.448,7.448,8.615,192.545,0.012,0.017,0.015,32,
1986-01-25 02:24:53.688000+00:00,26858,23,97,1,-7.197,-1.598,1.105,7.455,7.455,8.527,192.519,0.014,0.01,0.012,32,
1986-01-25 02:24:55.608000+00:00,26858,23,129,1,-7.197,-1.609,1.1,7.456,7.456,8.486,192.602,0.013,0.014,0.013,32,
1986-01-25 02:24:57.528000+00:00,26858,23,161,1,-7.204,-1.598,1.093,7.46,7.46,8.425,192.506,0.012,0.018,0.012,32,
1986-01-25 02:24:59.448000+00:00,26858,23,193,1,-7.191,-1.612,1.092,7.45,7.45,8.431,192.636,0.014,0.009,0.011,32,
1986-01-25 02:25:01.368000+00:00,26858,23,225,1,-7.203,-1.595,1.099,7.459,7.459,8.471,192.489,0.012,0.012,0.014,32,
1986-01-25 02:25:03.288000+00:00,26858,23,257,1,-7.198,-1.595,1.099,7.454,7.454,8.478,192.492,0.012,0.014,0.013,32,
1986-01-25 02:25:05.208000+00:00,26858,23,289,1,-7.18,-1.595,1.089,7.436,7.436,8.421,192.527,0.015,0.012,0.013,32,
1986-01-25 02:25:07.128000+00:00,26858,23,321,1,-7.192,-1.601,1.089,7.448,7.448,8.404,192.55,0.012,0.012,0.013,32,
1986-01-25 02:25:09.048000+00:00,26858,23,353,1,-7.191,-1.596,1.093,7.447,7.447,8.438,192.514,0.011,0.018,0.013,32,
1986-01-25 02:25:10.968000+00:00,26858,23,385,1,-7.197,-1.588,1.094,7.451,7.451,8.446,192.444,0.015,0.009,0.012,32,
1986-01-25 02:25:12.888000+00:00,26858,23,417,1,-7.196,-1.587,1.1,7.451,7.451,8.49,192.439,0.011,0.011,0.017,32,
1986-01-25 02:25:14.808000+00:00,26858,23,449,1,-7.19,-1.593,1.092,7.445,7.445,8.433,192.492,0.011,0.014,0.013,32,
1986-01-25 02:25:16.728000+00:00,26858,23,481,1,-7.191,-1.587,1.105,7.446,7.446,8.531,192.444,0.015,0.013,0.01,32,
1986-01-25 02:25:18.648000+00:00,26858,23,513,1,-7.192,-1.586,1.108,7.447,7.447,8.553,192.44,0.01,0.011,0.014,32,
1986-01-25 02:25:20.568000+00:00,26858,23,545,1,-7.188,-1.585,1.109,7.444,7.444,8.566,192.438,0.007,0.018,0.012,32,
1986-01-25 02:25:22.488000+00:00,26858,23,577,1,-7.188,-1.586,1.116,7.445,7.445,8.618,192.443,0.017,0.011,0.009,32,
1986-01-25 02:25:24.408000+00:00,26858,23,609,1,-7.185,-1.595,1.107,7.442,7.442,8.555,192.513,0.012,0.014,0.008,32,
1986-01-25 02:25:26.328000+00:00,26858,23,641,1,-7.197,-1.584,1.106,7.451,7.451,8.534,192.41,0.011,0.012,0.01,32,
1986-01-25 02:25:28.248000+00:00,26858,23,673,1,-7.185,-1.588,1.099,7.44,7.44,8.498,192.465,0.016,0.01,0.012,32,
1986-01-25 02:25:30.168000+00:00,26858,23,705,1,-7.183,-1.582,1.111,7.438,7.438,8.587,192.421,0.01,0.012,0.009,32,
1986-01-25 02:25:32.088000+00:00,26858,23,737,1,-7.185,-1.582,1.122,7.442,7.442,8.669,192.415,0.012,0.013,0.013,32,
1986-01-25 02:25:34.008000+00:00,26858,23,769,1,-7.19,-1.575,1.121,7.446,7.446,8.662,192.353,0.017,0.013,0.01,32,
1986-01-25 02:25:35.928000+00:00,26858,24,1,1,-7.186,-1.575,1.112,7.441,7.441,8.599,192.359,0.012,0.013,0.014,32,
1986-01-25 02:25:37.848000+00:00,26858,24,33,1,-7.182,-1.582,1.112,7.437,7.437,8.597,192.425,0.01,0.013,0.011,32,
1986-01-25 02:25:39.768000+00:00,26858,24,65,1,-7.173,-1.589,1.121,7.432,7.432,8.673,192.489,0.009,0.014,0.011,32,
1986-01-25 02:25:41.688000+00:00,26858,24,97,1,-7.19,-1.587,1.116,7.447,7.447,8.616,192.447,0.015,0.011,0.014,32,
1986-01-25 02:25:43.608000+00:00,26858,24,129,1,-7.18,-1.582,1.106,7.435,7.435,8.556,192.428,0.013,0.009,0.014,32,
1986-01-25 02:25:45.528000+00:00,26858,24,161,1,-7.18,-1.575,1.108,7.434,7.434,8.569,192.371,0.011,0.012,0.009,32,
1986-01-25 02:25:47.448000+00:00,26858,24,193,1,-7.171,-1.586,1.107,7.427,7.427,8.573,192.468,0.015,0.009,0.013,32,
1986-01-25 02:25:49.368000+00:00,26858,24,225,1,-7.172,-1.58,1.109,7.427,7.427,8.584,192.422,0.012,0.015,0.014,32,
1986-01-25 02:25:51.288000+00:00,26858,24,257,1,-7.172,-1.587,1.106,7.429,7.429,8.565,192.475,0.012,0.015,0.011,32,
1986-01-25 02:25:53.208000+00:00,26858,24,289,1,-7.172,-1.575,1.108,7.426,7.426,8.58,192.385,0.014,0.012,0.016,32,
1986-01-25 02:25:55.128000+00:00,26858,24,321,1,-7.162,-1.571,1.109,7.415,7.415,8.599,192.374,0.012,0.014,0.014,32,
1986-01-25 02:25:57.048000+00:00,26858,24,353,1,-7.162,-1.579,1.111,7.418,7.418,8.616,192.435,0.012,0.013,0.008,32,
1986-01-25 02:25:58.968000+00:00,26858,24,385,1,-7.161,-1.588,1.108,7.418,7.418,8.591,192.502,0.019,0.012,0.014,32,
1986-01-25 02:26:00.888000+00:00,26858,24,417,1,-7.155,-1.572,1.11,7.409,7.409,8.615,192.391,0.012,0.011,0.012,32,
1986-01-25 02:26:02.808000+00:00,26858,24,449,1,-7.162,-1.573,1.108,7.416,7.416,8.595,192.388,0.01,0.014,0.013,32,
1986-01-25 02:26:04.728000+00:00,26858,24,481,1,-7.159,-1.568,1.116,7.413,7.413,8.658,192.351,0.015,0.01,0.013,32,
1986-01-25 02:26:06.648000+00:00,26858,24,513,1,-7.16,-1.566,1.115,7.414,7.414,8.652,192.337,0.009,0.014,0.015,32,
1986-01-25 02:26:08.568000+00:00,26858,24,545,1,-7.156,-1.566,1.12,7.41,7.41,8.694,192.342,0.01,0.014,0.013,32,
1986-01-25 02:26:10.488000+00:00,26858,24,577,1,-7.164,-1.57,1.109,7.418,7.418,8.6,192.362,0.015,0.012,0.011,32,
1986-01-25 02:26:12.408000+00:00,26858,24,609,1,-7.159,-1.574,1.108,7.414,7.414,8.595,192.398,0.014,0.012,0.013,32,
1986-01-25 02:26:14.328000+00:00,26858,24,641,1,-7.154,-1.572,1.104,7.408,7.408,8.569,192.39,0.01,0.012,0.012,32,
1986-01-25 02:26:16.248000+00:00,26858,24,673,1,-7.155,-1.575,1.117,7.411,7.411,8.671,192.413,0.014,0.01,0.016,32,
1986-01-25 02:26:18.168000+00:00,26858,24,705,1,-7.158,-1.582,1.115,7.416,7.416,8.651,192.464,0.011,0.015,0.012,32,
1986-01-25 02:26:20.088000+00:00,26858,24,737,1,-7.151,-1.575,1.115,7.407,7.407,8.654,192.421,0.012,0.009,0.009,32,
1986-01-25 02:26:22.008000+00:00,26858,24,769,1,-7.147,-1.567,1.111,7.4,7.4,8.637,192.364,0.015,0.008,0.014,32,
1986-01-25 02:26:23.928000+00:00,26858,25,1,1,-7.145,-1.566,1.108,7.398,7.398,8.614,192.365,0.018,0.009,0.011,32,
1986-01-25 02:26:25.848000+00:00,26858,25,33,1,-7.144,-1.571,1.102,7.397,7.397,8.567,192.402,0.007,0.013,0.012,32,
1986-01-25 02:26:27.768000+00:00,26858,25,65,1,-7.146,-1.575,1.102,7.4,7.4,8.568,192.433,0.015,0.015,0.006,32,
1986-01-25 02:26:29.688000+00:00,26858,25,97,1,-7.145,-1.581,1.104,7.401,7.401,8.578,192.477,0.014,0.009,0.01,32,
1986-01-25 02:26:31.608000+00:00,26858,25,129,1,-7.148,-1.584,1.112,7.406,7.406,8.633,192.497,0.013,0.009,0.016,32,
1986-01-25 02:26:33.528000+00:00,26858,25,161,1,-7.154,-1.583,1.108,7.411,7.411,8.6,192.476,0.013,0.014,0.004,32,
1986-01-25 02:26:35.448000+00:00,26858,25,193,1,-7.143,-1.58,1.109,7.399,7.399,8.623,192.472,0.012,0.011,0.009,32,
1986-01-25 02:26:37.368000+00:00,26858,25,225,1,-7.145,-1.574,1.11,7.4,7.4,8.626,192.421,0.009,0.012,0.013,32,
1986-01-25 02:26:39.288000+00:00,26858,25,257,1,-7.143,-1.571,1.111,7.398,7.398,8.641,192.407,0.016,0.014,0.006,32,
1986-01-25 02:26:41.208000+00:00,26858,25,289,1,-7.136,-1.567,1.097,7.388,7.388,8.541,192.388,0.013,0.01,0.008,32,
1986-01-25 02:26:43.128000+00:00,26858,25,321,1,-7.134,-1.563,1.11,7.387,7.387,8.644,192.356,0.012,0.013,0.015,32,
1986-01-25 02:26:45.048000+00:00,26858,25,353,1,-7.136,-1.57,1.105,7.39,7.39,8.602,192.405,0.014,0.014,0.013,32,
1986-01-25 02:26:46.968000+00:00,26858,25,385,1,-7.132,-1.57,1.113,7.387,7.387,8.662,192.418,0.014,0.01,0.006,32,
1986-01-25 02:26:48.888000+00:00,26858,25,417,1,-7.128,-1.575,1.106,7.383,7.383,8.617,192.457,0.012,0.014,0.013,32,
1986-01-25 02:26:50.808000+00:00,26858,25,449,1,-7.131,-1.564,1.113,7.385,7.385,8.664,192.371,0.014,0.015,0.005,32,
1986-01-25 02:26:52.728000+00:00,26858,25,481,1,-7.132,-1.565,1.113,7.386,7.386,8.665,192.374,0.016,0.013,0.01,32,
1986-01-25 02:26:54.648000+00:00,26858,25,513,1,-7.12,-1.566,1.102,7.373,7.373,8.598,192.408,0.013,0.014,0.013,32,
1986-01-25 02:26:56.568000+00:00,26858,25,545,1,-7.12,-1.557,1.112,7.373,7.373,8.677,192.337,0.016,0.016,0.011,32,
1986-01-25 02:26:58.488000+00:00,26858,25,577,1,-7.115,-1.551,1.113,7.367,7.367,8.69,192.298,0.015,0.011,0.012,32,
1986-01-25 02:27:00.408000+00:00,26858,25,609,1,-7.115,-1.55,1.113,7.367,7.367,8.686,192.292,0.013,0.013,0.014,32,
1986-01-25 02:27:02.328000+00:00,26858,25,641,1,-7.111,-1.562,1.114,7.365,7.365,8.695,192.391,0.012,0.011,0.009,32,
1986-01-25 02:27:04.248000+00:00,26858,25,673,1,-7.12,-1.557,1.109,7.372,7.372,8.654,192.337,0.014,0.01,0.011,32,
1986-01-25 02:27:06.168000+00:00,26858,25,705,1,-7.122,-1.563,1.103,7.374,7.374,8.602,192.381,0.01,0.012,0.016,32,
1986-01-25 02:27:08.088000+00:00,26858,25,737,1,-7.128,-1.56,1.108,7.381,7.381,8.631,192.344,0.015,0.012,0.008,32,
1986-01-25 02:27:10.008000+00:00,26858,25,769,1,-7.11,-1.559,1.105,7.362,7.362,8.633,192.366,0.013,0.01,0.008,32,
1986-01-25 02:27:11.928000+00:00,26858,26,1,1,-7.124,-1.556,1.102,7.375,7.375,8.596,192.323,0.013,0.006,0.009,32,
1986-01-25 02:27:13.848000+00:00,26858,26,33,1,-7.117,-1.56,1.103,7.369,7.369,8.605,192.364,0.008,0.006,0.011,32,
1986-01-25 02:27:15.768000+00:00,26858,26,65,1,-7.112,-1.568,1.098,7.365,7.365,8.573,192.436,0.012,0.011,0.009,32,
1986-01-25 02:27:17.688000+00:00,26858,26,97,1,-7.109,-1.566,1.1,7.362,7.362,8.592,192.424,0.018,0.011,0.008,32,
1986-01-25 02:27:19.608000+00:00,26858,26,129,1,-7.114,-1.561,1.103,7.366,7.366,8.613,192.376,0.007,0.008,0.012,32,
1986-01-25 02:27:21.528000+00:00,26858,26,161,1,-7.106,-1.56,1.095,7.357,7.357,8.561,192.384,0.01,0.012,0.008,32,
1986-01-25 02:27:23.448000+00:00,26858,26,193,1,-7.107,-1.561,1.107,7.36,7.36,8.65,192.385,0.012,0.01,0.007,32,
1986-01-25 02:27:25.368000+00:00,26858,26,225,1,-7.108,-1.557,1.104,7.36,7.36,8.627,192.355,0.009,0.005,0.015,32,
1986-01-25 02:27:27.288000+00:00,26858,26,257,1,-7.108,-1.558,1.105,7.36,7.36,8.634,192.36,0.012,0.016,0.009,32,
1986-01-25 02:27:29.208000+00:00,26858,26,289,1,-7.113,-1.553,1.118,7.366,7.366,8.731,192.319,0.013,0.007,0.009,32,
1986-01-25 02:27:31.128000+00:00,26858,26,321,1,-7.113,-1.55,1.119,7.365,7.365,8.735,192.297,0.006,0.009,0.014,32,
1986-01-25 02:27:33.048000+00:00,26858,26,353,1,-7.106,-1.55,1.109,7.357,7.357,8.669,192.307,0.006,0.015,0.011,32,
1986-01-25 02:27:34.968000+00:00,26858,26,385,1,-7.098,-1.558,1.1,7.35,7.35,8.61,192.383,0.015,0.011,0.014,32,
1986-01-25 02:27:36.888000+00:00,26858,26,417,1,-7.109,-1.557,1.108,7.361,7.361,8.659,192.351,0.007,0.01,0.014,32,
1986-01-25 02:27:38.808000+00:00,26858,26,449,1,-7.104,-1.557,1.104,7.356,7.356,8.635,192.365,0.011,0.015,0.009,32,
1986-01-25 02:27:40.728000+00:00,26858,26,481,1,-7.096,-1.554,1.105,7.348,7.348,8.653,192.352,0.011,0.011,0.011,32,
1986-01-25 02:27:42.648000+00:00,26858,26,513,1,-7.096,-1.551,1.11,7.348,7.348,8.685,192.327,0.009,0.006,0.015,32,
1986-01-25 02:27:44.568000+00:00,26858,26,545,1,-7.103,-1.544,1.115,7.354,7.354,8.723,192.26,0.008,0.014,0.009,32,
1986-01-25 02:27:46.488000+00:00,26858,26,577,1,-7.102,-1.546,1.115,7.353,7.353,8.724,192.284,0.018,0.006,0.008,32,
1986-01-25 02:27:48.408000+00:00,26858,26,609,1,-7.1,-1.552,1.113,7.353,7.353,8.709,192.33,0.008,0.008,0.013,32,
1986-01-25 02:27:50.328000+00:00,26858,26,641,1,-7.097,-1.552,1.12,7.35,7.35,8.767,192.335,0.006,0.015,0.008,32,
1986-01-25 02:27:52.248000+00:00,26858,26,673,1,-7.102,-1.55,1.115,7.354,7.354,8.724,192.313,0.015,0.007,0.008,32,
1986-01-25 02:27:54.168000+00:00,26858,26,705,1,-7.104,-1.55,1.103,7.355,7.355,8.626,192.308,0.008,0.012,0.012,32,
1986-01-25 02:27:56.088000+00:00,26858,26,737,1,-7.107,-1.553,1.104,7.358,7.358,8.634,192.324,0.004,0.016,0.01,32,
1986-01-25 02:27:58.008000+00:00,26858,26,769,1,-7.101,-1.542,1.118,7.352,7.352,8.75,192.252,0.018,0.007,0.01,32,
1986-01-25 02:27:59.927000+00:00,26858,27,1,1,-7.081,-1.533,1.123,7.331,7.331,8.808,192.218,0.006,0.007,0.016,32,
1986-01-25 02:28:01.847000+00:00,26858,27,33,1,-7.088,-1.544,1.113,7.339,7.339,8.725,192.292,0.007,0.013,0.011,32,
1986-01-25 02:28:03.767000+00:00,26858,27,65,1,-7.089,-1.537,1.118,7.339,7.339,8.762,192.235,0.011,0.011,0.011,32,
1986-01-25 02:28:05.687000+00:00,26858,27,97,1,-7.102,-1.538,1.12,7.353,7.353,8.766,192.218,0.013,0.009,0.012,32,
1986-01-25 02:28:07.607000+00:00,26858,27,129,1,-7.086,-1.545,1.107,7.337,7.337,8.677,192.3,0.006,0.016,0.012,32,
1986-01-25 02:28:09.527000+00:00,26858,27,161,1,-7.089,-1.549,1.113,7.341,7.341,8.718,192.322,0.012,0.013,0.011,32,
1986-01-25 02:28:11.447000+00:00,26858,27,193,1,-7.093,-1.546,1.111,7.344,7.344,8.705,192.293,0.009,0.008,0.009,32,
1986-01-25 02:28:13.367000+00:00,26858,27,225,1,-7.092,-1.546,1.112,7.343,7.343,8.711,192.294,0.01,0.018,0.008,32,
1986-01-25 02:28:15.287000+00:00,26858,27,257,1,-7.09,-1.546,1.11,7.341,7.341,8.698,192.302,0.012,0.008,0.007,32,
1986-01-25 02:28:17.207000+00:00,26858,27,289,1,-7.09,-1.54,1.118,7.341,7.341,8.764,192.251,0.012,0.009,0.014,32,
1986-01-25 02:28:19.127000+00:00,26858,27,321,1,-7.089,-1.541,1.112,7.34,7.34,8.712,192.265,0.007,0.013,0.01,32,
1986-01-25 02:28:21.047000+00:00,26858,27,353,1,-7.088,-1.536,1.117,7.338,7.338,8.752,192.23,0.009,0.011,0.009,32,
1986-01-25 02:28:22.967000+00:00,26858,27,385,1,-7.087,-1.542,1.118,7.339,7.339,8.764,192.274,0.014,0.01,0.013,32,
1986-01-25 02:28:24.887000+00:00,26858,27,417,1,-7.083,-1.539,1.118,7.334,7.334,8.772,192.258,0.01,0.017,0.011,32,
1986-01-25 02:28:26.807000+00:00,26858,27,449,1,-7.097,-1.543,1.121,7.349,7.349,8.775,192.268,0.016,0.01,0.014,32,
1986-01-25 02:28:28.727000+00:00,26858,27,481,1,-7.08,-1.532,1.117,7.329,7.329,8.768,192.212,0.012,0.008,0.011,32,
1986-01-25 02:28:30.647000+00:00,26858,27,513,1,-7.075,-1.533,1.113,7.324,7.324,8.741,192.224,0.005,0.016,0.009,32,
1986-01-25 02:28:32.567000+00:00,26858,27,545,1,-7.067,-1.536,1.11,7.317,7.317,8.729,192.264,0.012,0.009,0.01,32,
1986-01-25 02:28:34.487000+00:00,26858,27,577,1,-7.067,-1.527,1.125,7.317,7.317,8.843,192.194,0.012,0.004,0.008,32,
1986-01-25 02:28:36.407000+00:00,26858,27,609,1,-7.073,-1.536,1.117,7.323,7.323,8.772,192.25,0.007,0.01,0.008,32,
1986-01-25 02:28:38.327000+00:00,26858,27,641,1,-7.07,-1.527,1.122,7.32,7.32,8.819,192.188,0.013,0.009,0.008,32,
1986-01-25 02:28:40.247000+00:00,26858,27,673,1,-7.061,-1.522,1.114,7.309,7.309,8.767,192.165,0.016,0.011,0.016,32,
1986-01-25 02:28:42.167000+00:00,26858,27,705,1,-7.063,-1.523,1.121,7.312,7.312,8.818,192.171,0.008,0.015,0.011,32,
1986-01-25 02:28:44.087000+00:00,26858,27,737,1,-7.063,-1.532,1.117,7.313,7.313,8.788,192.238,0.014,0.011,0.008,32,
1986-01-25 02:28:46.007000+00:00,26858,27,769,1,-7.058,-1.533,1.118,7.309,7.309,8.801,192.252,0.012,0.011,0.012,32,
1986-01-25 02:28:47.927000+00:00,26858,28,1,1,-7.063,-1.528,1.113,7.312,7.312,8.759,192.211,0.011,0.008,0.014,32,
1986-01-25 02:28:49.847000+00:00,26858,28,33,1,-7.061,-1.527,1.115,7.31,7.31,8.771,192.203,0.011,0.013,0.009,32,
1986-01-25 02:28:51.767000+00:00,26858,28,65,1,-7.058,-1.534,1.11,7.307,7.307,8.737,192.265,0.007,0.012,0.009,32,
1986-01-25 02:28:53.687000+00:00,26858,28,97,1,-7.048,-1.531,1.117,7.298,7.298,8.804,192.254,0.008,0.009,0.013,32,
1986-01-25 02:28:55.607000+00:00,26858,28,129,1,-7.054,-1.529,1.123,7.304,7.304,8.844,192.233,0.009,0.012,0.01,32,
1986-01-25 02:28:57.527000+00:00,26858,28,161,1,-7.049,-1.528,1.109,7.298,7.298,8.743,192.23,0.01,0.01,0.008,32,
1986-01-25 02:28:59.447000+00:00,26858,28,193,1,-7.052,-1.528,1.121,7.302,7.302,8.827,192.229,0.012,0.013,0.017,32,
1986-01-25 02:29:01.367000+00:00,26858,28,225,1,-7.052,-1.527,1.114,7.301,7.301,8.774,192.214,0.009,0.011,0.012,32,
1986-01-25 02:29:03.287000+00:00,26858,28,257,1,-7.044,-1.528,1.118,7.294,7.294,8.815,192.241,0.009,0.011,0.008,32,
1986-01-25 02:29:05.207000+00:00,26858,28,289,1,-7.048,-1.528,1.116,7.298,7.298,8.8,192.235,0.012,0.012,0.013,32,
1986-01-25 02:29:07.127000+00:00,26858,28,321,1,-7.055,-1.524,1.117,7.304,7.304,8.801,192.188,0.008,0.011,0.008,32,
1986-01-25 02:29:09.047000+00:00,26858,28,353,1,-7.053,-1.522,1.117,7.302,7.302,8.8,192.18,0.012,0.009,0.014,32,
1986-01-25 02:29:10.967000+00:00,26858,28,385,1,-7.048,-1.514,1.115,7.295,7.295,8.793,192.124,0.013,0.008,0.012,32,
1986-01-25 02:29:12.887000+00:00,26858,28,417,1,-7.043,-1.511,1.12,7.29,7.29,8.835,192.105,0.006,0.011,0.015,32,
1986-01-25 02:29:14.807000+00:00,26858,28,449,1,-7.037,-1.52,1.109,7.284,7.284,8.761,192.186,0.013,0.007,0.009,32,
1986-01-25 02:29:16.727000+00:00,26858,28,481,1,-7.031,-1.52,1.116,7.279,7.279,8.82,192.197,0.013,0.015,0.01,32,
1986-01-25 02:29:18.647000+00:00,26858,28,513,1,-7.031,-1.525,1.115,7.281,7.281,8.807,192.241,0.009,0.015,0.015,32,
1986-01-25 02:29:20.567000+00:00,26858,28,545,1,-7.026,-1.52,1.12,7.275,7.275,8.858,192.205,0.011,0.013,0.012,32,
1986-01-25 02:29:22.487000+00:00,26858,28,577,1,-7.029,-1.527,1.119,7.28,7.28,8.843,192.253,0.012,0.01,0.011,32,
1986-01-25 02:29:24.407000+00:00,26858,28,609,1,-7.022,-1.518,1.12,7.271,7.271,8.857,192.196,0.01,0.014,0.014,32,
1986-01-25 02:29:26.327000+00:00,26858,28,641,1,-7.028,-1.506,1.121,7.275,7.275,8.862,192.098,0.011,0.012,0.011,32,
1986-01-25 02:29:28.247000+00:00,26858,28,673,1,-7.029,-1.5,1.125,7.275,7.275,8.893,192.045,0.011,0.008,0.011,32,
1986-01-25 02:29:30.167000+00:00,26858,28,705,1,-7.025,-1.495,1.131,7.27,7.27,8.947,192.016,0.012,0.014,0.014,32,
1986-01-25 02:29:32.087000+00:00,26858,28,737,1,-7.019,-1.497,1.126,7.265,7.265,8.918,192.038,0.011,0.012,0.012,32,
1986-01-25 02:29:34.007000+00:00,26858,28,769,1,-7.011,-1.503,1.119,7.257,7.257,8.869,192.097,0.01,0.009,0.007,32,
1986-01-25 02:29:35.927000+00:00,26858,29,1,1,-7.025,-1.499,1.108,7.268,7.268,8.765,192.044,0.014,0.012,0.01,32,
1986-01-25 02:29:37.847000+00:00,26858,29,33,1,-7.027,-1.499,1.116,7.271,7.271,8.828,192.041,0.012,0.013,0.008,32,
1986-01-25 02:29:39.767000+00:00,26858,29,65,1,-7.021,-1.498,1.11,7.265,7.265,8.791,192.045,0.015,0.008,0.014,32,
1986-01-25 02:29:41.687000+00:00,26858,29,97,1,-7.015,-1.509,1.116,7.261,7.261,8.843,192.137,0.011,0.012,0.013,32,
1986-01-25 02:29:43.607000+00:00,26858,29,129,1,-7.026,-1.503,1.108,7.27,7.27,8.765,192.07,0.012,0.015,0.007,32,
1986-01-25 02:29:45.527000+00:00,26858,29,161,1,-7.025,-1.511,1.109,7.271,7.271,8.771,192.137,0.014,0.01,0.011,32,
1986-01-25 02:29:47.447000+00:00,26858,29,193,1,-7.024,-1.508,1.115,7.27,7.27,8.823,192.117,0.008,0.008,0.011,32,
1986-01-25 02:29:49.367000+00:00,26858,29,225,1,-7.021,-1.508,1.119,7.268,7.268,8.857,192.12,0.013,0.012,0.009,32,
1986-01-25 02:29:51.287000+00:00,26858,29,257,1,-7.024,-1.508,1.113,7.27,7.27,8.808,192.117,0.012,0.007,0.011,32,
1986-01-25 02:29:53.207000+00:00,26858,29,289,1,-7.024,-1.507,1.112,7.269,7.269,8.796,192.113,0.01,0.01,0.008,32,
1986-01-25 02:29:55.127000+00:00,26858,29,321,1,-7.021,-1.511,1.122,7.269,7.269,8.882,192.147,0.01,0.012,0.01,32,
1986-01-25 02:29:57.047000+00:00,26858,29,353,1,-7.016,-1.514,1.12,7.264,7.265,8.865,192.177,0.011,0.009,0.012,32,
1986-01-25 02:29:58.967000+00:00,26858,29,385,1,-7.016,-1.511,1.127,7.265,7.265,8.922,192.157,0.011,0.009,0.009,32,
1986-01-25 02:30:00.887000+00:00,26858,29,417,1,-7.019,-1.509,1.126,7.267,7.267,8.912,192.133,0.013,0.012,0.009,32,
1986-01-25 02:30:02.807000+00:00,26858,29,449,1,-7.017,-1.494,1.111,7.26,7.26,8.8,192.022,0.013,0.01,0.01,32,
1986-01-25 02:30:04.727000+00:00,26858,29,481,1,-7.007,-1.5,1.116,7.252,7.252,8.851,192.085,0.008,0.011,0.006,32,
1986-01-25 02:30:06.647000+00:00,26858,29,513,1,-7.016,-1.498,1.121,7.261,7.261,8.878,192.052,0.013,0.013,0.01,32,
1986-01-25 02:30:08.567000+00:00,26858,29,545,1,-7.018,-1.5,1.115,7.263,7.263,8.834,192.065,0.015,0.011,0.014,32,
1986-01-25 02:30:10.487000+00:00,26858,29,577,1,-7.014,-1.508,1.121,7.261,7.261,8.885,192.138,0.011,0.012,0.01,32,
1986-01-25 02:30:12.407000+00:00,26858,29,609,1,-7.011,-1.499,1.111,7.255,7.255,8.811,192.069,0.013,0.01,0.013,32,
1986-01-25 02:30:14.327000+00:00,26858,29,641,1,-7.013,-1.492,1.105,7.255,7.255,8.764,192.013,0.013,0.012,0.014,32,
1986-01-25 02:30:16.247000+00:00,26858,29,673,1,-7.011,-1.491,1.115,7.254,7.254,8.841,192.006,0.009,0.013,0.009,32,
1986-01-25 02:30:18.167000+00:00,26858,29,705,1,-7.012,-1.491,1.109,7.254,7.254,8.796,192.007,0.01,0.006,0.016,32,
1986-01-25 02:30:20.087000+00:00,26858,29,737,1,-7.011,-1.498,1.118,7.256,7.256,8.866,192.062,0.016,0.012,0.013,32,
1986-01-25 02:30:22.007000+00:00,26858,29,769,1,-7.005,-1.491,1.124,7.249,7.249,8.92,192.015,0.009,0.01,0.007,32,
1986-01-25 02:30:23.927000+00:00,26858,30,1,1,,,,,,,,,,,0,T    R
1986-01-25 02:30:25.847000+00:00,26858,30,33,1,,,,,,,,,,,0,T    R
1986-01-25 02:30:27.767000+00:00,26858,30,65,1,,,,,,,,,,,0,T    R
1986-01-25 02:30:29.687000+00:00,26858,30,97,1,,,,,,,,,,,0,T    R
1986-01-25 02:30:31.607000+00:00,26858,30,129,1,,,,,,,,,,,0,T    R
1986-01-25 02:30:33.527000+00:00,26858,30,161,1,,,,,,,,,,,0,T    R
1986-01-25 02:30:35.447000+00:00,26858,30,193,1,-7.024,-1.472,1.143,7.267,7.267,9.051,191.836,,0.008,0.008,24,T    R
1986-01-25 02:30:37.367000+00:00,26858,30,225,1,-7.022,-1.469,1.14,7.264,7.264,9.029,191.819,,0.008,0.016,32,T    R
1986-01-25 02:30:39.287000+00:00,26858,30,257,1,-7.011,-1.469,1.14,7.253,7.253,9.043,191.831,,0.013,0.008,32,T    R
1986-01-25 02:30:41.207000+00:00,26858,30,289,1,-7.014,-1.466,1.137,7.256,7.256,9.013,191.808,,0.008,0.009,32,T    R
1986-01-25 02:30:43.127000+00:00,26858,30,321,1,-7.019,-1.473,1.139,7.262,7.262,9.027,191.849,,0.01,0.013,32,T    R
1986-01-25 02:30:45.047000+00:00,26858,30,353,1,-7.014,-1.476,1.131,7.256,7.256,8.968,191.88,,0.015,0.009,32,T    R
1986-01-25 02:30:46.967000+00:00,26858,30,385,1,-7.014,-1.473,1.126,7.255,7.255,8.93,191.862,,0.007,0.011,32,T    R
1986-01-25 02:30:48.887000+00:00,26858,30,417,1,-7.014,-1.477,1.133,7.257,7.257,8.98,191.889,,0.01,0.013,32,T    R
1986-01-25 02:30:50.807000+00:00,26858,30,449,1,-7.015,-1.482,1.133,7.259,7.259,8.98,191.93,,0.012,0.009,32,T    R
1986-01-25 02:30:52.727000+00:00,26858,30,481,1,-7.013,-1.474,1.132,7.255,7.255,8.975,191.867,,0.009,0.01,32,T    R
1986-01-25 02:30:54.647000+00:00,26858,30,513,1,-7.016,-1.469,1.146,7.259,7.259,9.083,191.829,,0.009,0.014,32,T    R
1986-01-25 02:30:56.567000+00:00,26858,30,545,1,-7.01,-1.466,1.142,7.252,7.252,9.06,191.812,,0.016,0.009,32,T    R
1986-01-25 02:30:58.487000+00:00,26858,30,577,1,-7.021,-1.47,1.137,7.263,7.263,9.009,191.827,0.009,0.007,0.012,32,T    R
1986-01-25 02:31:00.407000+00:00,26858,30,609,1,-7.008,-1.469,1.139,7.25,7.25,9.035,191.839,0.007,0.01,0.011,32,T    R
1986-01-25 02:31:02.327000+00:00,26858,30,641,1,-6.999,-1.46,1.131,7.239,7.239,8.992,191.783,0.012,0.013,0.009,32,T    R
1986-01-25 02:31:04.247000+00:00,26858,30,673,1,-7.0,-1.46,1.144,7.242,7.242,9.086,191.784,0.01,0.007,0.01,32,T    R
1986-01-25 02:31:06.167000+00:00,26858,30,705,1,-6.995,-1.469,1.139,7.237,7.237,9.052,191.859,0.008,0.009,0.011,32,T    R
1986-01-25 02:31:08.087000+00:00,26858,30,737,1,-7.0,-1.458,1.144,7.241,7.241,9.092,191.77,0.009,0.013,0.01,32,T    R
1986-01-25 02:31:10.007000+00:00,26858,30,769,1,-6.999,-1.461,1.143,7.24,7.24,9.087,191.789,0.014,0.011,0.014,32,T    R
1986-01-25 02:31:11.927000+00:00,26858,31,1,1,-6.989,-1.459,1.158,7.233,7.233,9.214,191.792,0.011,0.01,0.01,32,
1986-01-25 02:31:13.847000+00:00,26858,31,33,1,-6.992,-1.462,1.155,7.236,7.236,9.185,191.81,0.008,0.013,0.013,32,
1986-01-25 02:31:15.767000+00:00,26858,31,65,1,-6.998,-1.455,1.158,7.241,7.241,9.203,191.749,0.008,0.013,0.009,32,
1986-01-25 02:31:17.687000+00:00,26858,31,97,1,-6.988,-1.454,1.152,7.23,7.23,9.169,191.755,0.011,0.008,0.01,32,
1986-01-25 02:31:19.607000+00:00,26858,31,129,1,-6.99,-1.456,1.151,7.232,7.232,9.158,191.77,0.008,0.011,0.013,32,
1986-01-25 02:31:21.527000+00:00,26858,31,161,1,-6.987,-1.463,1.144,7.23,7.23,9.102,191.826,0.009,0.014,0.007,32,
1986-01-25 02:31:23.447000+00:00,26858,31,193,1,-6.992,-1.452,1.153,7.234,7.234,9.174,191.728,0.013,0.009,0.008,32,
1986-01-25 02:31:25.367000+00:00,26858,31,225,1,-6.989,-1.456,1.157,7.232,7.232,9.206,191.765,0.009,0.012,0.011,32,
1986-01-25 02:31:27.287000+00:00,26858,31,257,1,-6.996,-1.464,1.15,7.24,7.24,9.14,191.822,0.008,0.016,0.006,32,
1986-01-25 02:31:29.207000+00:00,26858,31,289,1,-6.99,-1.46,1.158,7.234,7.234,9.21,191.8,0.013,0.009,0.012,32,
1986-01-25 02:31:31.127000+00:00,26858,31,321,1,-6.983,-1.461,1.157,7.228,7.228,9.21,191.82,0.008,0.011,0.015,32,
1986-01-25 02:31:33.047000+00:00,26858,31,353,1,-6.982,-1.462,1.153,7.226,7.226,9.184,191.824,0.014,0.014,0.007,32,
1986-01-25 02:31:34.967000+00:00,26858,31,385,1,-6.984,-1.462,1.149,7.228,7.228,9.144,191.821,0.015,0.008,0.011,32,
1986-01-25 02:31:36.887000+00:00,26858,31,417,1,-6.987,-1.456,1.149,7.229,7.229,9.146,191.769,0.008,0.014,0.012,32,
1986-01-25 02:31:38.807000+00:00,26858,31,449,1,-6.979,-1.456,1.142,7.22,7.22,9.097,191.781,0.01,0.011,0.007,32,
1986-01-25 02:31:40.727000+00:00,26858,31,481,1,-6.969,-1.457,1.134,7.21,7.21,9.052,191.808,0.012,0.007,0.008,32,
1986-01-25 02:31:42.647000+00:00,26858,31,513,1,-6.964,-1.454,1.147,7.206,7.206,9.162,191.792,0.009,0.01,0.012,32,
1986-01-25 02:31:44.567000+00:00,26858,31,545,1,-6.974,-1.452,1.148,7.215,7.215,9.156,191.76,0.01,0.014,0.007,32,
1986-01-25 02:31:46.487000+00:00,26858,31,577,1,-6.967,-1.452,1.147,7.208,7.208,9.153,191.777,0.013,0.009,0.006,32,
1986-01-25 02:31:48.407000+00:00,26858,31,609,1,-6.973,-1.45,1.148,7.214,7.214,9.157,191.747,0.007,0.011,0.013,32,
1986-01-25 02:31:50.327000+00:00,26858,31,641,1,-6.968,-1.459,1.143,7.21,7.21,9.117,191.829,0.011,0.01,0.008,32,
1986-01-25 02:31:52.247000+00:00,26858,31,673,1,-6.967,-1.445,1.143,7.206,7.206,9.127,191.719,0.015,0.009,0.007,32,
1986-01-25 02:31:54.167000+00:00,26858,31,705,1,-6.955,-1.45,1.138,7.195,7.195,9.098,191.774,0.008,0.009,0.013,32,
1986-01-25 02:31:56.087000+00:00,26858,31,737,1,-6.965,-1.452,1.134,7.204,7.204,9.058,191.776,0.011,0.01,0.008,32,
1986-01-25 02:31:58.007000+00:00,26858,31,769,1,-6.96,-1.453,1.132,7.2,7.2,9.049,191.789,0.012,0.01,0.006,32,
1986-01-25 02:31:59.927000+00:00,26858,32,1,1,-6.959,-1.451,1.143,7.2,7.2,9.135,191.781,0.017,0.011,0.01,32,
1986-01-25 02:32:01.847000+00:00,26858,32,33,1,-6.961,-1.454,1.143,7.202,7.202,9.128,191.798,0.008,0.011,0.013,32,
1986-01-25 02:32:03.767000+00:00,26858,32,65,1,-6.962,-1.458,1.149,7.205,7.205,9.176,191.832,0.007,0.016,0.006,32,
1986-01-25 02:32:05.687000+00:00,26858,32,97,1,-6.968,-1.46,1.146,7.211,7.211,9.145,191.832,0.011,0.008,0.009,32,
1986-01-25 02:32:07.607000+00:00,26858,32,129,1,-6.969,-1.464,1.136,7.211,7.211,9.064,191.86,0.007,0.012,0.012,32,
1986-01-25 02:32:09.527000+00:00,26858,32,161,1,-6.966,-1.463,1.141,7.209,7.209,9.103,191.857,0.009,0.011,0.008,32,
1986-01-25 02:32:11.447000+00:00,26858,32,193,1,-6.966,-1.448,1.144,7.206,7.206,9.132,191.743,0.011,0.007,0.012,32,
1986-01-25 02:32:13.367000+00:00,26858,32,225,1,-6.967,-1.455,1.138,7.208,7.208,9.084,191.793,0.008,0.01,0.01,32,
1986-01-25 02:32:15.287000+00:00,26858,32,257,1,-6.968,-1.454,1.143,7.209,7.209,9.124,191.789,0.008,0.016,0.008,32,
1986-01-25 02:32:17.207000+00:00,26858,32,289,1,-6.97,-1.447,1.148,7.211,7.211,9.16,191.728,0.01,0.01,0.01,32,
1986-01-25 02:32:19.127000+00:00,26858,32,321,1,-6.952,-1.451,1.14,7.193,7.193,9.12,191.79,0.008,0.009,0.013,32,
1986-01-25 02:32:21.047000+00:00,26858,32,353,1,-6.947,-1.454,1.141,7.189,7.189,9.132,191.822,0.011,0.012,0.008,32,
1986-01-25 02:32:22.967000+00:00,26858,32,385,1,-6.949,-1.448,1.142,7.189,7.189,9.143,191.772,0.014,0.008,0.012,32,
1986-01-25 02:32:24.887000+00:00,26858,32,417,1,-6.96,-1.459,1.144,7.202,7.203,9.141,191.84,0.012,0.009,0.014,32,
1986-01-25 02:32:26.807000+00:00,26858,32,449,1,-6.96,-1.458,1.146,7.203,7.203,9.153,191.833,0.009,0.013,0.008,32,
1986-01-25 02:32:28.727000+00:00,26858,32,481,1,-6.961,-1.445,1.148,7.202,7.202,9.176,191.725,0.011,0.007,0.01,32,
1986-01-25 02:32:30.647000+00:00,26858,32,513,1,-6.959,-1.456,1.142,7.201,7.201,9.128,191.82,0.008,0.011,0.011,32,
1986-01-25 02:32:32.567000+00:00,26858,32,545,1,-6.948,-1.44,1.158,7.189,7.189,9.267,191.706,0.009,0.011,0.007,32,
1986-01-25 02:32:34.487000+00:00,26858,32,577,1,-6.946,-1.438,1.148,7.186,7.186,9.192,191.699,0.015,0.009,0.008,32,
1986-01-25 02:32:36.407000+00:00,26858,32,609,1,-6.95,-1.443,1.15,7.19,7.19,9.207,191.732,0.006,0.01,0.01,32,
1986-01-25 02:32:38.327000+00:00,26858,32,641,1,-6.943,-1.439,1.148,7.183,7.183,9.195,191.713,0.01,0.014,0.007,32,
1986-01-25 02:32:40.247000+00:00,26858,32,673,1,-6.946,-1.434,1.155,7.186,7.186,9.25,191.662,0.012,0.01,0.011,32,
1986-01-25 02:32:42.167000+00:00,26858,32,705,1,-6.959,-1.436,1.156,7.199,7.199,9.243,191.662,0.008,0.008,0.012,32,
1986-01-25 02:32:44.087000+00:00,26858,32,737,1,-6.952,-1.435,1.158,7.193,7.193,9.264,191.662,0.011,0.014,0.009,32,
1986-01-25 02:32:46.007000+00:00,26858,32,769,1,-6.956,-1.434,1.153,7.195,7.195,9.223,191.652,0.014,0.008,0.012,32,
1986-01-25 02:32:47.927000+00:00,26858,33,1,1,-6.949,-1.43,1.151,7.188,7.188,9.219,191.631,0.008,0.009,0.011,32,
1986-01-25 02:32:49.847000+00:00,26858,33,33,1,-6.943,-1.44,1.147,7.183,7.183,9.189,191.719,0.009,0.013,0.012,32,
1986-01-25 02:32:51.767000+00:00,26858,33,65,1,-6.951,-1.435,1.156,7.191,7.191,9.249,191.661,0.012,0.011,0.008,32,
1986-01-25 02:32:53.687000+00:00,26858,33,97,1,-6.952,-1.429,1.151,7.19,7.19,9.211,191.612,0.013,0.007,0.009,32,
1986-01-25 02:32:55.607000+00:00,26858,33,129,1,-6.946,-1.439,1.145,7.185,7.185,9.169,191.703,0.007,0.011,0.012,32,
1986-01-25 02:32:57.527000+00:00,26858,33,161,1,-6.945,-1.443,1.138,7.183,7.183,9.111,191.734,0.012,0.013,0.008,32,
1986-01-25 02:32:59.447000+00:00,26858,33,193,1,-6.946,-1.439,1.137,7.184,7.184,9.108,191.706,0.017,0.008,0.009,32,
1986-01-25 02:33:01.367000+00:00,26858,33,225,1,-6.942,-1.45,1.131,7.181,7.181,9.058,191.8,0.011,0.01,0.01,32,
1986-01-25 02:33:03.287000+00:00,26858,33,257,1,-6.934,-1.44,1.141,7.173,7.173,9.15,191.732,0.01,0.009,0.008,32,
1986-01-25 02:33:05.207000+00:00,26858,33,289,1,-6.947,-1.444,1.138,7.187,7.187,9.114,191.744,0.014,0.01,0.015,32,
1986-01-25 02:33:07.127000+00:00,26858,33,321,1,-6.942,-1.434,1.14,7.179,7.179,9.139,191.669,0.012,0.009,0.012,32,
1986-01-25 02:33:09.047000+00:00,26858,33,353,1,-6.937,-1.429,1.141,7.174,7.174,9.153,191.644,0.013,0.011,0.007,32,
1986-01-25 02:33:10.967000+00:00,26858,33,385,1,-6.937,-1.433,1.147,7.175,7.175,9.202,191.671,0.014,0.008,0.01,32,
1986-01-25 02:33:12.887000+00:00,26858,33,417,1,-6.943,-1.432,1.146,7.181,7.181,9.183,191.653,0.007,0.012,0.015,32,
1986-01-25 02:33:14.807000+00:00,26858,33,449,1,-6.945,-1.437,1.143,7.183,7.183,9.156,191.689,0.009,0.013,0.01,32,
1986-01-25 02:33:16.727000+00:00,26858,33,481,1,-6.938,-1.444,1.142,7.178,7.178,9.157,191.755,0.008,0.009,0.012,32,
1986-01-25 02:33:18.647000+00:00,26858,33,513,1,-6.937,-1.44,1.152,7.178,7.178,9.233,191.728,0.009,0.012,0.017,32,
1986-01-25 02:33:20.567000+00:00,26858,33,545,1,-6.933,-1.429,1.148,7.172,7.172,9.215,191.644,0.01,0.012,0.007,32,
1986-01-25 02:33:22.487000+00:00,26858,33,577,1,-6.929,-1.439,1.145,7.169,7.169,9.192,191.735,0.012,0.006,0.01,32,
1986-01-25 02:33:24.407000+00:00,26858,33,609,1,-6.925,-1.43,1.142,7.163,7.163,9.178,191.669,0.007,0.012,0.012,32,
1986-01-25 02:33:26.327000+00:00,26858,33,641,1,-6.93,-1.432,1.141,7.168,7.168,9.163,191.677,0.009,0.014,0.009,32,
1986-01-25 02:33:28.247000+00:00,26858,33,673,1,-6.924,-1.423,1.148,7.162,7.162,9.22,191.615,0.012,0.006,0.008,32,
1986-01-25 02:33:30.167000+00:00,26858,33,705,1,-6.927,-1.424,1.153,7.166,7.166,9.259,191.613,0.009,0.009,0.011,32,
1986-01-25 02:33:32.087000+00:00,26858,33,737,1,-6.932,-1.419,1.158,7.17,7.17,9.298,191.565,0.009,0.01,0.009,32,
1986-01-25 02:33:34.007000+00:00,26858,33,769,1,-6.927,-1.421,1.149,7.164,7.164,9.228,191.592,0.014,0.007,0.011,32,
1986-01-25 02:33:35.927000+00:00,26858,34,1,1,-6.924,-1.417,1.145,7.16,7.16,9.205,191.564,0.011,0.007,0.009,32,
1986-01-25 02:33:37.847000+00:00,26858,34,33,1,-6.922,-1.424,1.156,7.161,7.161,9.292,191.622,0.007,0.008,0.018,32,
1986-01-25 02:33:39.767000+00:00,26858,34,65,1,-6.919,-1.416,1.165,7.158,7.158,9.365,191.562,0.008,0.012,0.01,32,
1986-01-25 02:33:41.687000+00:00,26858,34,97,1,-6.923,-1.419,1.165,7.162,7.162,9.358,191.588,0.011,0.009,0.008,32,
1986-01-25 02:33:43.607000+00:00,26858,34,129,1,-6.926,-1.423,1.148,7.163,7.163,9.222,191.613,0.006,0.01,0.014,32,
1986-01-25 02:33:45.527000+00:00,26858,34,161,1,-6.921,-1.416,1.149,7.157,7.157,9.237,191.561,0.009,0.012,0.009,32,
1986-01-25 02:33:47.447000+00:00,26858,34,193,1,-6.929,-1.418,1.155,7.166,7.166,9.275,191.569,0.012,0.008,0.01,32,
1986-01-25 02:33:49.367000+00:00,26858,34,225,1,-6.927,-1.424,1.154,7.165,7.165,9.266,191.618,0.007,0.009,0.015,32,
1986-01-25 02:33:51.287000+00:00,26858,34,257,1,-6.925,-1.425,1.147,7.163,7.163,9.216,191.627,0.008,0.012,0.008,32,
1986-01-25 02:33:53.207000+00:00,26858,34,289,1,-6.925,-1.421,1.159,7.164,7.164,9.308,191.592,0.011,0.009,0.011,32,
1986-01-25 02:33:55.127000+00:00,26858,34,321,1,-6.918,-1.419,1.15,7.155,7.155,9.25,191.595,0.006,0.011,0.013,32,
1986-01-25 02:33:57.047000+00:00,26858,34,353,1,-6.914,-1.413,1.161,7.152,7.152,9.346,191.549,0.011,0.014,0.009,32,
1986-01-25 02:33:58.967000+00:00,26858,34,385,1,-6.91,-1.405,1.155,7.146,7.146,9.304,191.493,0.014,0.01,0.008,32,
1986-01-25 02:34:00.887000+00:00,26858,34,417,1,-6.916,-1.414,1.147,7.151,7.151,9.233,191.553,0.009,0.014,0.012,32,
1986-01-25 02:34:02.807000+00:00,26858,34,449,1,-6.914,-1.414,1.143,7.149,7.149,9.201,191.56,0.007,0.009,0.008,32,
1986-01-25 02:34:04.727000+00:00,26858,34,481,1,-6.909,-1.407,1.138,7.142,7.142,9.167,191.508,0.015,0.008,0.008,32,
1986-01-25 02:34:06.647000+00:00,26858,34,513,1,-6.919,-1.403,1.139,7.152,7.152,9.166,191.461,0.009,0.009,0.01,32,
1986-01-25 02:34:08.567000+00:00,26858,34,545,1,-6.911,-1.407,1.138,7.144,7.144,9.162,191.508,0.008,0.012,0.008,32,
1986-01-25 02:34:10.487000+00:00,26858,34,577,1,-6.906,-1.403,1.149,7.14,7.14,9.26,191.487,0.014,0.007,0.012,32,
1986-01-25 02:34:12.407000+00:00,26858,34,609,1,-6.91,-1.418,1.15,7.148,7.148,9.26,191.594,0.009,0.011,0.01,32,
1986-01-25 02:34:14.327000+00:00,26858,34,641,1,-6.908,-1.414,1.145,7.144,7.144,9.224,191.566,0.012,0.015,0.011,32,
1986-01-25 02:34:16.247000+00:00,26858,34,673,1,-6.897,-1.419,1.138,7.133,7.133,9.183,191.628,0.009,0.006,0.008,32,
1986-01-25 02:34:18.167000+00:00,26858,34,705,1,-6.901,-1.422,1.134,7.136,7.136,9.139,191.646,0.01,0.009,0.009,32,
1986-01-25 02:34:20.087000+00:00,26858,34,737,1,-6.902,-1.42,1.144,7.139,7.139,9.217,191.628,0.008,0.014,0.008,32,
1986-01-25 02:34:22.007000+00:00,26858,34,769,1,-6.902,-1.427,1.15,7.141,7.141,9.264,191.682,0.012,0.008,0.01,32,
1986-01-25 02:34:23.927000+00:00,26858,35,1,1,-6.9,-1.419,1.145,7.137,7.137,9.234,191.62,0.011,0.012,0.009,32,
1986-01-25 02:34:25.847000+00:00,26858,35,33,1,-6.903,-1.416,1.15,7.14,7.14,9.268,191.589,0.009,0.012,0.013,32,
1986-01-25 02:34:27.767000+00:00,26858,35,65,1,-6.899,-1.418,1.142,7.135,7.135,9.208,191.612,0.012,0.012,0.009,32,
1986-01-25 02:34:29.687000+00:00,26858,35,97,1,-6.894,-1.412,1.15,7.13,7.13,9.281,191.572,0.011,0.008,0.009,32,
1986-01-25 02:34:31.607000+00:00,26858,35,129,1,-6.889,-1.41,1.151,7.125,7.125,9.297,191.565,0.008,0.008,0.013,32,
1986-01-25 02:34:33.527000+00:00,26858,35,161,1,-6.885,-1.412,1.153,7.123,7.123,9.314,191.587,0.011,0.015,0.01,32,
1986-01-25 02:34:35.447000+00:00,26858,35,193,1,-6.889,-1.411,1.148,7.125,7.125,9.273,191.574,0.012,0.012,0.01,32,
1986-01-25 02:34:37.367000+00:00,26858,35,225,1,-6.889,-1.419,1.137,7.125,7.125,9.182,191.638,0.01,0.012,0.013,32,
1986-01-25 02:34:39.287000+00:00,26858,35,257,1,-6.892,-1.421,1.14,7.128,7.129,9.205,191.648,0.008,0.014,0.01,32,
1986-01-25 02:34:41.207000+00:00,26858,35,289,1,-6.891,-1.422,1.145,7.129,7.129,9.242,191.659,0.012,0.009,0.012,32,
1986-01-25 02:34:43.127000+00:00,26858,35,321,1,-6.893,-1.404,1.154,7.128,7.128,9.313,191.511,0.007,0.012,0.013,32,
1986-01-25 02:34:45.047000+00:00,26858,35,353,1,-6.886,-1.408,1.15,7.122,7.122,9.295,191.556,0.011,0.01,0.009,32,
1986-01-25 02:34:46.967000+00:00,26858,35,385,1,-6.883,-1.412,1.14,7.118,7.118,9.214,191.597,0.01,0.012,0.01,32,
1986-01-25 02:34:48.887000+00:00,26858,35,417,1,-6.889,-1.414,1.14,7.124,7.124,9.208,191.602,0.009,0.01,0.011,32,
1986-01-25 02:34:50.807000+00:00,26858,35,449,1,-6.882,-1.416,1.14,7.118,7.118,9.215,191.625,0.007,0.012,0.01,32,
1986-01-25 02:34:52.727000+00:00,26858,35,481,1,-6.89,-1.413,1.138,7.125,7.125,9.19,191.589,0.012,0.01,0.01,32,
1986-01-25 02:34:54.647000+00:00,26858,35,513,1,-6.887,-1.4,1.142,7.12,7.12,9.228,191.49,0.008,0.011,0.012,32,
1986-01-25 02:34:56.567000+00:00,26858,35,545,1,-6.883,-1.396,1.14,7.115,7.115,9.218,191.468,0.01,0.014,0.007,32,
1986-01-25 02:34:58.487000+00:00,26858,35,577,1,-6.891,-1.399,1.149,7.125,7.125,9.279,191.475,0.013,0.008,0.013,32,
1986-01-25 02:35:00.407000+00:00,26858,35,609,1,-6.888,-1.401,1.156,7.124,7.124,9.34,191.497,0.009,0.011,0.012,32,
1986-01-25 02:35:02.327000+00:00,26858,35,641,1,-6.89,-1.4,1.15,7.124,7.124,9.289,191.487,0.01,0.016,0.008,32,
1986-01-25 02:35:04.247000+00:00,26858,35,673,1,-6.89,-1.404,1.156,7.126,7.126,9.34,191.518,0.009,0.009,0.008,32,
1986-01-25 02:35:06.167000+00:00,26858,35,705,1,-6.878,-1.4,1.153,7.114,7.114,9.327,191.505,0.01,0.01,0.014,32,
1986-01-25 02:35:08.087000+00:00,26858,35,737,1,-6.886,-1.394,1.156,7.12,7.12,9.344,191.447,0.01,0.015,0.011,32,
1986-01-25 02:35:10.007000+00:00,26858,35,769,1,-6.882,-1.393,1.168,7.118,7.118,9.441,191.443,0.011,0.009,0.011,32,
1986-01-25 02:35:11.927000+00:00,26858,36,1,1,-6.87,-1.399,1.151,7.105,7.105,9.319,191.508,0.013,0.007,0.009,32,
1986-01-25 02:35:13.847000+00:00,26858,36,33,1,-6.877,-1.399,1.152,7.112,7.112,9.325,191.497,0.01,0.011,0.012,32,
1986-01-25 02:35:15.767000+00:00,26858,36,65,1,-6.881,-1.397,1.149,7.115,7.115,9.296,191.477,0.012,0.017,0.01,32,
1986-01-25 02:35:17.687000+00:00,26858,36,97,1,-6.877,-1.404,1.149,7.112,7.112,9.297,191.541,0.012,0.009,0.008,32,
1986-01-25 02:35:19.607000+00:00,26858,36,129,1,-6.876,-1.407,1.135,7.11,7.11,9.184,191.562,0.009,0.01,0.014,32,
1986-01-25 02:35:21.527000+00:00,26858,36,161,1,-6.87,-1.401,1.131,7.102,7.102,9.167,191.523,0.013,0.013,0.011,32,
1986-01-25 02:35:23.447000+00:00,26858,36,193,1,-6.872,-1.4,1.133,7.104,7.104,9.174,191.516,0.014,0.007,0.007,32,
1986-01-25 02:35:25.367000+00:00,26858,36,225,1,-6.869,-1.402,1.132,7.102,7.102,9.173,191.537,0.01,0.009,0.016,32,
1986-01-25 02:35:27.287000+00:00,26858,36,257,1,-6.87,-1.392,1.139,7.101,7.101,9.233,191.458,0.014,0.013,0.008,32,
1986-01-25 02:35:29.207000+00:00,26858,36,289,1,-6.863,-1.393,1.144,7.096,7.096,9.281,191.471,0.013,0.006,0.008,32,
1986-01-25 02:35:31.127000+00:00,26858,36,321,1,-6.856,-1.395,1.146,7.09,7.09,9.301,191.501,0.008,0.008,0.008,32,
1986-01-25 02:35:33.047000+00:00,26858,36,353,1,-6.863,-1.392,1.146,7.096,7.096,9.291,191.468,0.01,0.013,0.009,32,
1986-01-25 02:35:34.967000+00:00,26858,36,385,1,-6.863,-1.394,1.139,7.095,7.095,9.237,191.478,0.012,0.008,0.012,32,
1986-01-25 02:35:36.887000+00:00,26858,36,417,1,-6.869,-1.395,1.146,7.103,7.103,9.283,191.48,0.009,0.012,0.015,32,
1986-01-25 02:35:38.807000+00:00,26858,36,449,1,-6.854,-1.394,1.134,7.086,7.086,9.209,191.495,0.012,0.012,0.01,32,
1986-01-25 02:35:40.727000+00:00,26858,36,481,1,-6.85,-1.402,1.132,7.083,7.083,9.199,191.563,0.013,0.009,0.01,32,
1986-01-25 02:35:42.647000+00:00,26858,36,513,1,-6.851,-1.389,1.139,7.082,7.082,9.255,191.46,0.009,0.01,0.01,32,
1986-01-25 02:35:44.567000+00:00,26858,36,545,1,-6.849,-1.389,1.138,7.08,7.08,9.246,191.463,0.009,0.014,0.009,32,
1986-01-25 02:35:46.487000+00:00,26858,36,577,1,-6.857,-1.389,1.152,7.09,7.09,9.355,191.448,0.018,0.008,0.009,32,
1986-01-25 02:35:48.407000+00:00,26858,36,609,1,-6.853,-1.379,1.168,7.087,7.087,9.485,191.374,0.008,0.009,0.01,32,
1986-01-25 02:35:50.327000+00:00,26858,36,641,1,-6.854,-1.375,1.15,7.085,7.085,9.342,191.346,0.01,0.014,0.009,32,
1986-01-25 02:35:52.247000+00:00,26858,36,673,1,-6.852,-1.383,1.153,7.085,7.085,9.368,191.415,0.012,0.01,0.01,32,
1986-01-25 02:35:54.167000+00:00,26858,36,705,1,-6.85,-1.378,1.15,7.081,7.081,9.347,191.372,0.01,0.009,0.011,32,
1986-01-25 02:35:56.087000+00:00,26858,36,737,1,-6.847,-1.379,1.15,7.079,7.079,9.347,191.384,0.009,0.013,0.006,32,
1986-01-25 02:35:58.007000+00:00,26858,36,769,1,-6.843,-1.382,1.147,7.075,7.075,9.328,191.42,0.014,0.008,0.009,32,
1986-01-25 02:35:59.927000+00:00,26858,37,1,1,-6.835,-1.376,1.146,7.065,7.065,9.332,191.384,0.012,0.009,0.008,32,
1986-01-25 02:36:01.847000+00:00,26858,37,33,1,-6.829,-1.381,1.152,7.062,7.062,9.388,191.429,0.01,0.008,0.014,32,
1986-01-25 02:36:03.767000+00:00,26858,37,65,1,-6.84,-1.387,1.15,7.073,7.073,9.361,191.461,0.01,0.01,0.009,32,
1986-01-25 02:36:05.687000+00:00,26858,37,97,1,-6.84,-1.389,1.147,7.073,7.073,9.329,191.478,0.015,0.008,0.007,32,
1986-01-25 02:36:07.607000+00:00,26858,37,129,1,-6.838,-1.389,1.16,7.074,7.074,9.435,191.483,0.009,0.011,0.013,32,
1986-01-25 02:36:09.527000+00:00,26858,37,161,1,-6.83,-1.39,1.158,7.065,7.066,9.43,191.506,0.011,0.011,0.009,32,
1986-01-25 02:36:11.447000+00:00,26858,37,193,1,-6.839,-1.392,1.143,7.072,7.072,9.305,191.507,0.014,0.009,0.011,32,
1986-01-25 02:36:13.367000+00:00,26858,37,225,1,-6.841,-1.39,1.148,7.074,7.074,9.34,191.485,0.01,0.008,0.016,32,
1986-01-25 02:36:15.287000+00:00,26858,37,257,1,-6.837,-1.39,1.139,7.069,7.069,9.271,191.49,0.009,0.013,0.008,32,
1986-01-25 02:36:17.207000+00:00,26858,37,289,1,-6.833,-1.384,1.144,7.065,7.065,9.321,191.451,0.011,0.007,0.009,32,
1986-01-25 02:36:19.127000+00:00,26858,37,321,1,-6.832,-1.373,1.148,7.063,7.063,9.356,191.367,0.009,0.011,0.012,32,
1986-01-25 02:36:21.047000+00:00,26858,37,353,1,-6.83,-1.377,1.144,7.061,7.061,9.327,191.398,0.009,0.015,0.009,32,
1986-01-25 02:36:22.967000+00:00,26858,37,385,1,-6.834,-1.383,1.141,7.065,7.065,9.295,191.444,0.011,0.008,0.009,32,
1986-01-25 02:36:24.887000+00:00,26858,37,417,1,-6.821,-1.373,1.14,7.05,7.05,9.305,191.379,0.008,0.011,0.011,32,
1986-01-25 02:36:26.807000+00:00,26858,37,449,1,-6.827,-1.375,1.145,7.058,7.058,9.337,191.389,0.01,0.014,0.01,32,
1986-01-25 02:36:28.727000+00:00,26858,37,481,1,-6.829,-1.376,1.146,7.059,7.059,9.346,191.39,0.012,0.006,0.008,32,
1986-01-25 02:36:30.647000+00:00,26858,37,513,1,-6.829,-1.384,1.144,7.061,7.061,9.327,191.458,0.009,0.013,0.013,32,
1986-01-25 02:36:32.567000+00:00,26858,37,545,1,-6.83,-1.382,1.146,7.062,7.062,9.338,191.439,0.01,0.011,0.009,32,
1986-01-25 02:36:34.487000+00:00,26858,37,577,1,-6.837,-1.384,1.151,7.07,7.07,9.367,191.446,0.012,0.009,0.008,32,
1986-01-25 02:36:36.407000+00:00,26858,37,609,1,-6.82,-1.376,1.165,7.054,7.054,9.503,191.408,0.008,0.007,0.011,32,
1986-01-25 02:36:38.327000+00:00,26858,37,641,1,-6.827,-1.376,1.146,7.058,7.058,9.348,191.399,0.011,0.013,0.006,32,
1986-01-25 02:36:40.247000+00:00,26858,37,673,1,-6.818,-1.376,1.153,7.05,7.05,9.416,191.413,0.015,0.007,0.008,32,
1986-01-25 02:36:42.167000+00:00,26858,37,705,1,-6.821,-1.371,1.155,7.052,7.052,9.424,191.365,0.008,0.007,0.011,32,
1986-01-25 02:36:44.087000+00:00,26858,37,737,1,-6.822,-1.363,1.155,7.052,7.052,9.423,191.295,0.009,0.012,0.008,32,
1986-01-25 02:36:46.007000+00:00,26858,37,769,1,-6.823,-1.371,1.159,7.055,7.055,9.459,191.36,0.011,0.008,0.012,32,
1986-01-25 02:36:47.927000+00:00,26858,38,1,1,-6.817,-1.368,1.155,7.048,7.048,9.431,191.344,0.012,0.006,0.01,32,
1986-01-25 02:36:49.847000+00:00,26858,38,33,1,-6.815,-1.374,1.148,7.046,7.046,9.378,191.397,0.008,0.01,0.011,32,
1986-01-25 02:36:51.767000+00:00,26858,38,65,1,-6.817,-1.368,1.154,7.048,7.048,9.425,191.347,0.009,0.011,0.009,32,
1986-01-25 02:36:53.687000+00:00,26858,38,97,1,-6.818,-1.36,1.167,7.05,7.05,9.531,191.284,0.012,0.006,0.011,32,
1986-01-25 02:36:55.607000+00:00,26858,38,129,1,-6.813,-1.365,1.157,7.044,7.044,9.449,191.329,0.009,0.01,0.013,32,
1986-01-25 02:36:57.527000+00:00,26858,38,161,1,-6.804,-1.363,1.16,7.035,7.035,9.494,191.326,0.009,0.012,0.008,32,
1986-01-25 02:36:59.447000+00:00,26858,38,193,1,-6.814,-1.368,1.161,7.046,7.046,9.48,191.352,0.013,0.007,0.009,32,
1986-01-25 02:37:01.367000+00:00,26858,38,225,1,-6.809,-1.359,1.163,7.04,7.04,9.512,191.284,0.009,0.011,0.009,32,
1986-01-25 02:37:03.287000+00:00,26858,38,257,1,-6.817,-1.36,1.164,7.049,7.049,9.508,191.286,0.01,0.012,0.008,32,
1986-01-25 02:37:05.207000+00:00,26858,38,289,1,-6.812,-1.355,1.16,7.041,7.041,9.486,191.247,0.016,0.007,0.011,32,
1986-01-25 02:37:07.127000+00:00,26858,38,321,1,-6.812,-1.354,1.169,7.043,7.043,9.555,191.242,0.008,0.013,0.015,32,
1986-01-25 02:37:09.047000+00:00,26858,38,353,1,-6.799,-1.353,1.16,7.029,7.029,9.495,191.254,0.009,0.012,0.008,32,
1986-01-25 02:37:10.967000+00:00,26858,38,385,1,-6.804,-1.35,1.157,7.033,7.033,9.472,191.22,0.011,0.007,0.008,32,
1986-01-25 02:37:12.887000+00:00,26858,38,417,1,-6.793,-1.357,1.143,7.02,7.021,9.374,191.296,0.01,0.01,0.012,32,
1986-01-25 02:37:14.807000+00:00,26858,38,449,1,-6.806,-1.357,1.155,7.035,7.035,9.449,191.274,0.012,0.019,0.009,32,
1986-01-25 02:37:16.727000+00:00,26858,38,481,1,-6.8,-1.357,1.156,7.03,7.03,9.468,191.29,0.014,0.005,0.01,32,
1986-01-25 02:37:18.647000+00:00,26858,38,513,1,-6.798,-1.355,1.146,7.025,7.025,9.385,191.273,0.009,0.009,0.01,32,
1986-01-25 02:37:20.567000+00:00,26858,38,545,1,-6.795,-1.365,1.146,7.025,7.025,9.39,191.355,0.008,0.012,0.008,32,
1986-01-25 02:37:22.487000+00:00,26858,38,577,1,-6.795,-1.358,1.157,7.025,7.025,9.482,191.301,0.009,0.007,0.012,32,
1986-01-25 02:37:24.407000+00:00,26858,38,609,1,-6.8,-1.347,1.158,7.028,7.028,9.481,191.204,0.007,0.01,0.016,32,
1986-01-25 02:37:26.327000+00:00,26858,38,641,1,-6.787,-1.353,1.153,7.015,7.015,9.458,191.274,0.013,0.013,0.007,32,
1986-01-25 02:37:28.247000+00:00,26858,38,673,1,-6.775,-1.356,1.155,7.005,7.005,9.493,191.318,0.011,0.008,0.012,32,
1986-01-25 02:37:30.167000+00:00,26858,38,705,1,-6.788,-1.351,1.153,7.017,7.017,9.461,191.254,0.009,0.008,0.014,32,
1986-01-25 02:37:32.087000+00:00,26858,38,737,1,-6.785,-1.346,1.156,7.013,7.013,9.486,191.223,0.011,0.013,0.007,32,
1986-01-25 02:37:34.007000+00:00,26858,38,769,1,-6.788,-1.353,1.15,7.016,7.016,9.434,191.276,0.013,0.008,0.009,32,
1986-01-25 02:37:35.927000+00:00,26858,39,1,1,-6.786,-1.349,1.148,7.013,7.013,9.423,191.245,0.01,0.031,0.011,32,
1986-01-25 02:37:37.847000+00:00,26858,39,33,1,-6.782,-1.355,1.143,7.01,7.01,9.386,191.3,0.007,0.007,0.012,32,
1986-01-25 02:37:39.767000+00:00,26858,39,65,1,-6.785,-1.343,1.157,7.013,7.013,9.493,191.199,0.011,0.04,0.009,32,
1986-01-25 02:37:41.687000+00:00,26858,39,97,1,-6.776,-1.35,1.157,7.006,7.006,9.509,191.267,0.012,0.027,0.011,32,
1986-01-25 02:37:43.607000+00:00,26858,39,129,1,-6.774,-1.341,1.16,7.002,7.002,9.536,191.199,0.009,0.057,0.012,32,
1986-01-25 02:37:45.527000+00:00,26858,39,161,1,-6.778,-1.347,1.153,7.006,7.006,9.47,191.237,0.009,0.011,0.008,32,
1986-01-25 02:37:47.447000+00:00,26858,39,193,1,-6.789,-1.337,1.175,7.018,7.019,9.638,191.14,0.012,0.008,0.012,22,
1986-01-25 02:37:49.367000+00:00,26858,39,225,1,-6.46,-1.252,1.196,6.688,6.899,10.298,190.965,0.01,0.011,0.012,28,
1986-01-25 02:37:51.287000+00:00,26858,39,257,1,-6.784,-1.347,1.152,7.011,7.011,9.459,191.229,0.013,0.014,0.007,32,
1986-01-25 02:37:53.207000+00:00,26858,39,289,1,-6.767,-1.339,1.173,6.998,6.998,9.651,191.188,0.012,0.009,0.011,32,
1986-01-25 02:37:55.127000+00:00,26858,39,321,1,-6.767,-1.341,1.16,6.995,6.995,9.543,191.208,0.008,0.009,0.01,32,
1986-01-25 02:37:57.047000+00:00,26858,39,353,1,-6.769,-1.341,1.166,6.999,6.999,9.592,191.202,0.01,0.014,0.009,32,
1986-01-25 02:37:58.967000+00:00,26858,39,385,1,-6.771,-1.344,1.155,6.999,6.999,9.501,191.23,0.014,0.009,0.009,32,
1986-01-25 02:38:00.887000+00:00,26858,39,417,1,-6.767,-1.351,1.155,6.997,6.997,9.504,191.286,0.008,0.01,0.009,32,
1986-01-25 02:38:02.807000+00:00,26858,39,449,1,-6.755,-1.341,1.168,6.985,6.985,9.623,191.232,0.011,0.015,0.009,32,
1986-01-25 02:38:04.727000+00:00,26858,39,481,1,-6.765,-1.339,1.16,6.993,6.993,9.55,191.192,0.012,0.008,0.011,32,
1986-01-25 02:38:06.647000+00:00,26858,39,513,1,-6.761,-1.331,1.163,6.988,6.988,9.58,191.14,0.007,0.012,0.011,32,
1986-01-25 02:38:08.567000+00:00,26858,39,545,1,-6.766,-1.342,1.161,6.995,6.995,9.557,191.218,0.01,0.012,0.009,32,
1986-01-25 02:38:10.487000+00:00,26858,39,577,1,-6.771,-1.335,1.165,6.999,6.999,9.585,191.153,0.041,0.008,0.009,32,
1986-01-25 02:38:12.407000+00:00,26858,39,609,1,-6.755,-1.331,1.167,6.983,6.983,9.623,191.148,0.033,0.009,0.01,32,
1986-01-25 02:38:14.327000+00:00,26858,39,641,1,-6.758,-1.333,1.167,6.986,6.986,9.617,191.163,0.037,0.01,0.008,32,
1986-01-25 02:38:16.247000+00:00,26858,39,673,1,-6.752,-1.331,1.165,6.98,6.98,9.607,191.154,0.046,0.008,0.008,32,
1986-01-25 02:38:18.167000+00:00,26858,39,705,1,-6.742,-1.336,1.162,6.971,6.971,9.6,191.209,0.032,0.009,0.011,32,
1986-01-25 02:38:20.087000+00:00,26858,39,737,1,-6.745,-1.326,1.167,6.972,6.972,9.639,191.127,1.808,0.011,0.012,32,
1986-01-25 02:38:22.007000+00:00,26858,39,769,1,-6.746,-1.333,1.165,6.975,6.975,9.615,191.178,0.014,0.008,0.007,32,
1986-01-25 02:38:23.927000+00:00,26858,40,1,1,-6.751,-1.326,1.164,6.978,6.978,9.604,191.116,0.014,0.009,0.01,32,
1986-01-25 02:38:25.847000+00:00,26858,40,33,1,-6.754,-1.33,1.158,6.981,6.981,9.55,191.137,0.007,0.011,0.01,32,
1986-01-25 02:38:27.767000+00:00,26858,40,65,1,-6.755,-1.33,1.161,6.982,6.982,9.568,191.14,0.011,0.016,0.008,32,
1986-01-25 02:38:29.687000+00:00,26858,40,97,1,-6.75,-1.34,1.149,6.977,6.977,9.481,191.23,0.012,0.008,0.013,32,
1986-01-25 02:38:31.607000+00:00,26858,40,129,1,-6.75,-1.324,1.166,6.977,6.977,9.618,191.096,0.008,0.012,0.741,32,
1986-01-25 02:38:33.527000+00:00,26858,40,161,1,-6.755,-1.328,1.165,6.983,6.983,9.607,191.12,0.012,0.013,0.045,32,
1986-01-25 02:38:35.447000+00:00,26858,40,193,1,-6.757,-1.322,1.162,6.982,6.982,9.578,191.071,0.011,0.008,0.043,32,
1986-01-25 02:38:37.367000+00:00,26858,40,225,1,-6.749,-1.322,1.158,6.974,6.974,9.561,191.081,0.008,0.01,0.618,32,
1986-01-25 02:38:39.287000+00:00,26858,40,257,1,-6.744,-1.329,1.159,6.971,6.971,9.57,191.147,0.008,0.012,0.008,32,
1986-01-25 02:38:41.207000+00:00,26858,40,289,1,-6.741,-1.322,1.165,6.968,6.968,9.628,191.099,0.012,0.007,0.011,32,
1986-01-25 02:38:43.127000+00:00,26858,40,321,1,-6.745,-1.323,1.16,6.971,6.971,9.577,191.096,0.007,0.009,0.011,32,
1986-01-25 02:38:45.047000+00:00,26858,40,353,1,-6.743,-1.326,1.159,6.969,6.969,9.575,191.125,0.01,0.015,0.007,32,
1986-01-25 02:38:46.967000+00:00,26858,40,385,1,-6.745,-1.318,1.166,6.971,6.971,9.626,191.061,0.011,0.008,0.01,32,
1986-01-25 02:38:48.887000+00:00,26858,40,417,1,-6.744,-1.319,1.163,6.97,6.97,9.606,191.067,0.005,0.009,0.015,32,
1986-01-25 02:38:50.807000+00:00,26858,40,449,1,-6.748,-1.328,1.158,6.974,6.974,9.559,191.13,0.012,0.012,0.009,32,
1986-01-25 02:38:52.727000+00:00,26858,40,481,1,-6.738,-1.316,1.166,6.963,6.963,9.64,191.049,0.014,0.008,0.014,32,
1986-01-25 02:38:54.647000+00:00,26858,40,513,1,-6.731,-1.32,1.162,6.957,6.957,9.612,191.098,0.01,0.009,0.015,32,
1986-01-25 02:38:56.567000+00:00,26858,40,545,1,-6.737,-1.315,1.161,6.961,6.961,9.603,191.041,0.012,0.012,0.008,32,
1986-01-25 02:38:58.487000+00:00,26858,40,577,1,-6.661,-1.49,0.949,6.891,6.931,7.917,192.605,0.014,0.005,0.008,22,
1986-01-25 02:39:00.407000+00:00,26858,40,609,1,-6.689,-1.428,1.008,6.913,6.94,8.386,192.048,0.008,0.006,0.013,22,
1986-01-25 02:39:02.327000+00:00,26858,40,641,1,-6.733,-1.32,1.158,6.958,6.958,9.579,191.094,0.01,0.012,0.007,32,
1986-01-25 02:39:04.247000+00:00,26858,40,673,1,-6.725,-1.324,1.167,6.952,6.952,9.659,191.139,0.011,0.007,0.011,32,
1986-01-25 02:39:06.167000+00:00,26858,40,705,1,-6.711,-1.327,1.162,6.939,6.939,9.642,191.184,0.006,0.01,0.015,32,
1986-01-25 02:39:08.087000+00:00,26858,40,737,1,-6.727,-1.32,1.172,6.955,6.955,9.705,191.104,0.01,0.009,0.009,32,
1986-01-25 02:39:10.007000+00:00,26858,40,769,1,-6.726,-1.323,1.167,6.954,6.954,9.665,191.129,0.01,0.008,0.01,32,
1986-01-25 02:39:11.927000+00:00,26858,41,1,1,-6.717,-1.322,1.165,6.944,6.944,9.656,191.136,0.012,0.008,0.011,20,
1986-01-25 02:39:13.847000+00:00,26858,41,33,1,-6.714,-1.315,1.164,6.94,6.94,9.657,191.081,0.006,0.008,0.016,28,
1986-01-25 02:39:15.767000+00:00,26858,41,65,1,-6.71,-1.32,1.167,6.938,6.938,9.685,191.129,0.011,0.011,0.008,32,
1986-01-25 02:39:17.687000+00:00,26858,41,97,1,-6.722,-1.315,1.167,6.948,6.948,9.672,191.069,0.011,0.009,0.009,22,
1986-01-25 02:39:19.607000+00:00,26858,41,129,1,-6.721,-1.314,1.172,6.948,6.948,9.714,191.06,0.008,0.01,0.014,32,
1986-01-25 02:39:21.527000+00:00,26858,41,161,1,-6.726,-1.315,1.181,6.954,6.954,9.778,191.065,0.011,0.012,0.008,32,
1986-01-25 02:39:23.447000+00:00,26858,41,193,1,-6.722,-1.317,1.179,6.95,6.95,9.769,191.086,0.009,0.008,0.011,32,
1986-01-25 02:39:25.367000+00:00,26858,41,225,1,-6.722,-1.312,1.18,6.95,6.95,9.774,191.041,0.008,0.014,0.012,32,
1986-01-25 02:39:27.287000+00:00,26858,41,257,1,-6.719,-1.31,1.171,6.945,6.945,9.708,191.035,0.01,0.013,0.008,32,
1986-01-25 02:39:29.207000+00:00,26858,41,289,1,-6.719,-1.317,1.169,6.946,6.946,9.691,191.088,0.011,0.007,0.012,32,
1986-01-25 02:39:31.127000+00:00,26858,41,321,1,-6.718,-1.321,1.162,6.945,6.945,9.632,191.127,0.008,0.009,0.011,32,
1986-01-25 02:39:33.047000+00:00,26858,41,353,1,-6.708,-1.312,1.168,6.934,6.934,9.697,191.062,0.009,0.011,0.008,32,
1986-01-25 02:39:34.967000+00:00,26858,41,385,1,-6.711,-1.311,1.166,6.937,6.937,9.675,191.053,0.012,0.007,0.009,32,
1986-01-25 02:39:36.887000+00:00,26858,41,417,1,-6.71,-1.301,1.168,6.934,6.934,9.697,190.976,0.008,0.011,0.012,32,
1986-01-25 02:39:38.807000+00:00,26858,41,449,1,-6.704,-1.309,1.16,6.928,6.928,9.641,191.051,0.008,0.011,0.009,32,
1986-01-25 02:39:40.727000+00:00,26858,41,481,1,-6.703,-1.311,1.165,6.929,6.929,9.676,191.065,0.01,0.007,0.013,32,
1986-01-25 02:39:42.647000+00:00,26858,41,513,1,-6.701,-1.311,1.17,6.928,6.928,9.723,191.073,0.01,0.011,0.013,32,
1986-01-25 02:39:44.567000+00:00,26858,41,545,1,-6.704,-1.303,1.167,6.928,6.928,9.697,190.997,0.012,0.011,0.006,32,
1986-01-25 02:39:46.487000+00:00,26858,41,577,1,-6.707,-1.304,1.16,6.931,6.931,9.639,191.005,0.012,0.008,0.009,32,
1986-01-25 02:39:48.407000+00:00,26858,41,609,1,-6.703,-1.297,1.173,6.927,6.928,9.746,190.955,0.009,0.012,0.013,32,
1986-01-25 02:39:50.327000+00:00,26858,41,641,1,-6.7,-1.297,1.177,6.925,6.925,9.783,190.959,0.01,0.01,0.01,32,
1986-01-25 02:39:52.247000+00:00,26858,41,673,1,-6.7,-1.3,1.175,6.925,6.925,9.767,190.979,0.02,0.008,0.008,32,
1986-01-25 02:39:54.167000+00:00,26858,41,705,1,-6.687,-1.304,1.166,6.912,6.912,9.711,191.034,0.009,0.01,0.016,32,
1986-01-25 02:39:56.087000+00:00,26858,41,737,1,-6.69,-1.301,1.173,6.915,6.915,9.768,191.009,0.01,0.01,0.009,32,
1986-01-25 02:39:58.007000+00:00,26858,41,769,1,-6.695,-1.291,1.176,6.919,6.919,9.785,190.911,0.011,0.007,0.007,32,
1986-01-25 02:39:59.927000+00:00,26858,42,1,1,-6.692,-1.291,1.173,6.916,6.916,9.77,190.922,0.012,,,32,O
1986-01-25 02:40:01.847000+00:00,26858,42,33,1,-6.686,-1.294,1.178,6.911,6.911,9.814,190.949,0.008,,,32,O
1986-01-25 02:40:03.767000+00:00,26858,42,65,1,-6.688,-1.284,1.184,6.913,6.913,9.866,190.865,0.01,,,32,O
1986-01-25 02:40:05.687000+00:00,26858,42,97,1,-6.692,-1.291,1.175,6.916,6.916,9.78,190.916,0.011,,,32,O
1986-01-25 02:40:07.607000+00:00,26858,42,129,1,-6.696,-1.299,1.168,6.92,6.92,9.721,190.981,0.008,,,32,O
1986-01-25 02:40:09.527000+00:00,26858,42,161,1,-6.695,-1.286,1.172,6.918,6.918,9.755,190.877,0.009,,,32,O
1986-01-25 02:40:11.447000+00:00,26858,42,193,1,,,,,,,,,,,0,O
1986-01-25 02:40:13.367000+00:00,26858,42,225,1,,,,,,,,,,,0,O
1986-01-25 02:40:15.287000+00:00,26858,42,257,1,,,,,,,,,,,0,O
1986-01-25 02:40:17.207000+00:00,26858,42,289,1,,,,,,,,,,,0,O
1986-01-25 02:40:19.127000+00:00,26858,42,321,1,,,,,,,,,,,0,O
1986-01-25 02:40:21.047000+00:00,26858,42,353,1,,,,,,,,,,,0,O
1986-01-25 02:40:22.967000+00:00,26858,42,385,1,,,,,,,,,,,0,O
1986-01-25 02:40:24.887000+00:00,26858,42,417,1,,,,,,,,,,,0,O
1986-01-25 02:40:26.807000+00:00,26858,42,449,1,,,,,,,,,,,0,O
1986-01-25 02:40:28.727000+00:00,26858,42,481,1,,,,,,,,,,,0,O
1986-01-25 02:40:30.647000+00:00,26858,42,513,1,,,,,,,,,,,0,O
1986-01-25 02:40:32.567000+00:00,26858,42,545,1,,,,,,,,,,,0,O
1986-01-25 02:40:34.487000+00:00,26858,42,577,1,,,,,,,,,,,0,O
1986-01-25 02:40:36.407000+00:00,26858,42,609,1,,,,,,,,,,,0,O
1986-01-25 02:40:38.327000+00:00,26858,42,641,1,-6.661,-1.273,1.181,6.884,6.884,9.881,190.819,,,0.008,32,O
1986-01-25 02:40:40.247000+00:00,26858,42,673,1,-6.656,-1.279,1.177,6.879,6.879,9.853,190.88,,,0.011,32,O
1986-01-25 02:40:42.167000+00:00,26858,42,705,1,-6.657,-1.282,1.177,6.881,6.881,9.853,190.904,,,0.01,32,O
1986-01-25 02:40:44.087000+00:00,26858,42,737,1,-6.658,-1.283,1.171,6.881,6.881,9.796,190.903,,,0.005,32,O
1986-01-25 02:40:46.007000+00:00,26858,42,769,1,-6.661,-1.28,1.175,6.884,6.884,9.83,190.88,,,0.008,32,O
1986-01-25 02:40:47.927000+00:00,26858,43,1,1,-6.661,-1.273,1.179,6.883,6.883,9.862,190.817,0.012,0.008,0.01,32,
1986-01-25 02:40:49.847000+00:00,26858,43,33,1,-6.657,-1.276,1.175,6.879,6.879,9.831,190.848,0.006,0.009,0.013,32,
1986-01-25 02:40:51.767000+00:00,26858,43,65,1,-6.652,-1.273,1.176,6.874,6.874,9.848,190.834,0.009,0.012,0.008,32,
1986-01-25 02:40:53.687000+00:00,26858,43,97,1,-6.657,-1.275,1.174,6.878,6.879,9.827,190.845,0.011,0.009,0.008,32,
1986-01-25 02:40:55.607000+00:00,26858,43,129,1,-6.646,-1.281,1.176,6.869,6.869,9.856,190.909,0.008,0.011,0.012,32,
1986-01-25 02:40:57.527000+00:00,26858,43,161,1,-6.652,-1.287,1.175,6.876,6.876,9.843,190.951,0.009,0.015,0.008,32,
1986-01-25 02:40:59.447000+00:00,26858,43,193,1,-6.645,-1.282,1.173,6.868,6.868,9.83,190.919,0.012,0.006,0.007,32,
1986-01-25 02:41:01.367000+00:00,26858,43,225,1,-6.634,-1.278,1.175,6.858,6.858,9.869,190.905,0.008,0.01,0.014,32,
1986-01-25 02:41:03.287000+00:00,26858,43,257,1,-6.64,-1.283,1.17,6.863,6.863,9.817,190.935,0.01,0.011,0.011,32,
1986-01-25 02:41:05.207000+00:00,26858,43,289,1,-6.649,-1.274,1.182,6.872,6.872,9.907,190.847,0.015,0.011,0.01,32,
1986-01-25 02:41:07.127000+00:00,26858,43,321,1,-6.646,-1.282,1.177,6.871,6.871,9.863,190.917,0.008,0.01,0.012,32,
1986-01-25 02:41:09.047000+00:00,26858,43,353,1,-6.635,-1.275,1.181,6.859,6.859,9.913,190.878,0.01,0.009,0.01,32,
1986-01-25 02:41:10.967000+00:00,26858,43,385,1,-6.633,-1.279,1.169,6.855,6.855,9.821,190.911,0.01,0.008,0.011,20,
1986-01-25 02:41:12.887000+00:00,26858,43,417,1,-6.634,-1.286,1.173,6.859,6.859,9.846,190.971,0.009,0.011,0.012,28,
1986-01-25 02:41:14.807000+00:00,26858,43,449,1,-6.626,-1.274,1.181,6.85,6.85,9.928,190.888,0.009,0.015,0.008,32,
1986-01-25 02:41:16.727000+00:00,26858,43,481,1,-6.628,-1.272,1.187,6.852,6.852,9.973,190.861,0.011,0.007,0.009,32,
1986-01-25 02:41:18.647000+00:00,26858,43,513,1,-6.627,-1.269,1.19,6.852,6.852,10.001,190.841,0.007,0.01,0.013,32,
1986-01-25 02:41:20.567000+00:00,26858,43,545,1,-6.628,-1.268,1.184,6.852,6.852,9.95,190.829,0.011,0.015,0.008,32,
1986-01-25 02:41:22.487000+00:00,26858,43,577,1,-6.628,-1.258,1.188,6.85,6.85,9.984,190.745,0.014,0.007,0.009,32,
1986-01-25 02:41:24.407000+00:00,26858,43,609,1,-6.617,-1.265,1.171,6.838,6.838,9.858,190.818,0.009,0.011,0.012,32,
1986-01-25 02:41:26.327000+00:00,26858,43,641,1,-6.626,-1.264,1.175,6.847,6.847,9.878,190.801,0.012,0.013,0.011,32,
1986-01-25 02:41:28.247000+00:00,26858,43,673,1,-6.619,-1.251,1.183,6.839,6.839,9.959,190.704,0.013,0.007,0.009,32,
1986-01-25 02:41:30.167000+00:00,26858,43,705,1,-6.612,-1.256,1.174,6.832,6.832,9.896,190.756,0.008,0.01,0.014,32,
1986-01-25 02:41:32.087000+00:00,26858,43,737,1,-6.611,-1.26,1.175,6.831,6.831,9.904,190.79,0.008,0.012,0.008,32,
1986-01-25 02:41:34.007000+00:00,26858,43,769,1,-6.603,-1.259,1.186,6.826,6.826,10.01,190.792,0.012,0.008,0.01,32,
1986-01-25 02:41:35.927000+00:00,26858,44,1,1,-6.606,-1.263,1.18,6.828,6.828,9.949,190.824,0.01,0.007,0.01,32,
1986-01-25 02:41:37.847000+00:00,26858,44,33,1,-6.607,-1.256,1.175,6.827,6.827,9.913,190.762,0.007,0.009,0.015,32,
1986-01-25 02:41:39.767000+00:00,26858,44,65,1,-6.607,-1.266,1.176,6.829,6.829,9.913,190.845,0.009,0.013,0.009,32,
1986-01-25 02:41:41.687000+00:00,26858,44,97,1,-6.608,-1.254,1.196,6.831,6.831,10.083,190.745,0.013,0.011,0.009,32,
1986-01-25 02:41:43.607000+00:00,26858,44,129,1,-6.603,-1.265,1.176,6.825,6.825,9.922,190.842,0.011,0.009,0.011,32,
1986-01-25 02:41:45.527000+00:00,26858,44,161,1,-6.604,-1.263,1.177,6.826,6.826,9.926,190.831,0.011,0.01,0.011,32,
1986-01-25 02:41:47.447000+00:00,26858,44,193,1,-6.602,-1.265,1.173,6.824,6.824,9.894,190.85,0.014,0.008,0.008,32,
1986-01-25 02:41:49.367000+00:00,26858,44,225,1,-6.603,-1.265,1.172,6.824,6.824,9.89,190.844,0.008,0.01,0.014,32,
1986-01-25 02:41:51.287000+00:00,26858,44,257,1,-6.599,-1.262,1.182,6.822,6.822,9.981,190.827,0.01,0.01,0.009,32,
1986-01-25 02:41:53.207000+00:00,26858,44,289,1,-6.585,-1.27,1.174,6.808,6.808,9.927,190.913,0.013,0.008,0.009,32,
1986-01-25 02:41:55.127000+00:00,26858,44,321,1,-6.59,-1.259,1.185,6.813,6.813,10.012,190.817,0.009,0.01,0.013,32,
1986-01-25 02:41:57.047000+00:00,26858,44,353,1,-6.59,-1.255,1.187,6.813,6.813,10.032,190.78,0.008,0.01,0.012,32,
1986-01-25 02:41:58.967000+00:00,26858,44,385,1,-6.593,-1.256,1.174,6.813,6.813,9.924,190.787,0.012,0.009,0.009,32,
1986-01-25 02:42:00.887000+00:00,26858,44,417,1,-6.596,-1.261,1.172,6.816,6.816,9.896,190.821,0.009,0.014,0.012,32,
1986-01-25 02:42:02.807000+00:00,26858,44,449,1,-6.586,-1.249,1.179,6.807,6.807,9.978,190.739,0.012,0.019,0.01,32,
1986-01-25 02:42:04.727000+00:00,26858,44,481,1,-6.586,-1.238,1.183,6.805,6.805,10.01,190.642,0.013,0.007,0.012,32,
1986-01-25 02:42:06.647000+00:00,26858,44,513,1,-6.577,-1.243,1.186,6.798,6.798,10.05,190.698,0.009,0.01,0.015,32,
1986-01-25 02:42:08.567000+00:00,26858,44,545,1,-6.573,-1.248,1.185,6.795,6.795,10.043,190.753,0.012,0.012,0.009,32,
1986-01-25 02:42:10.487000+00:00,26858,44,577,1,-6.571,-1.239,1.188,6.792,6.792,10.071,190.681,0.015,0.009,0.01,32,
1986-01-25 02:42:12.407000+00:00,26858,44,609,1,-6.571,-1.233,1.191,6.791,6.791,10.1,190.628,0.008,0.011,0.014,32,
1986-01-25 02:42:14.327000+00:00,26858,44,641,1,-6.578,-1.238,1.189,6.799,6.799,10.068,190.66,0.011,0.009,0.008,32,
1986-01-25 02:42:16.247000+00:00,26858,44,673,1,-6.573,-1.242,1.186,6.794,6.794,10.053,190.704,0.014,0.01,0.006,32,
1986-01-25 02:42:18.167000+00:00,26858,44,705,1,-6.577,-1.242,1.177,6.796,6.796,9.976,190.697,0.009,0.012,0.012,32,
1986-01-25 02:42:20.087000+00:00,26858,44,737,1,-6.577,-1.245,1.175,6.796,6.796,9.954,190.718,0.009,0.013,0.008,32,
1986-01-25 02:42:22.007000+00:00,26858,44,769,1,-6.576,-1.245,1.161,6.793,6.793,9.84,190.719,0.014,0.01,0.009,32,
1986-01-25 02:42:23.926000+00:00,26858,45,1,1,-6.583,-1.24,1.17,6.8,6.8,9.911,190.672,0.011,0.007,0.009,32,
1986-01-25 02:42:25.846000+00:00,26858,45,33,1,-6.574,-1.238,1.178,6.793,6.793,9.989,190.662,0.007,0.012,0.01,32,
1986-01-25 02:42:27.766000+00:00,26858,45,65,1,-6.573,-1.235,1.181,6.791,6.791,10.01,190.642,0.009,0.014,0.008,32,
1986-01-25 02:42:29.686000+00:00,26858,45,97,1,-6.572,-1.235,1.181,6.79,6.79,10.013,190.647,0.014,0.008,0.008,32,
1986-01-25 02:42:31.606000+00:00,26858,45,129,1,-6.554,-1.238,1.18,6.774,6.774,10.029,190.696,0.008,0.012,0.011,32,
1986-01-25 02:42:33.526000+00:00,26858,45,161,1,-6.551,-1.239,1.176,6.77,6.77,10.005,190.706,0.01,0.013,0.006,32,
1986-01-25 02:42:35.446000+00:00,26858,45,193,1,-6.549,-1.241,1.17,6.767,6.767,9.953,190.731,0.012,0.007,0.008,32,
1986-01-25 02:42:37.366000+00:00,26858,45,225,1,-6.561,-1.243,1.173,6.78,6.78,9.963,190.728,0.008,0.007,0.013,32,
1986-01-25 02:42:39.286000+00:00,26858,45,257,1,-6.566,-1.236,1.175,6.784,6.784,9.978,190.661,0.01,0.012,0.008,32,
1986-01-25 02:42:41.206000+00:00,26858,45,289,1,-6.571,-1.239,1.176,6.79,6.79,9.972,190.676,0.011,0.009,0.01,32,
1986-01-25 02:42:43.126000+00:00,26858,45,321,1,-6.57,-1.232,1.181,6.788,6.788,10.024,190.624,0.009,0.011,0.01,32,
1986-01-25 02:42:45.046000+00:00,26858,45,353,1,-6.562,-1.238,1.174,6.78,6.78,9.971,190.681,0.008,0.012,0.009,32,
1986-01-25 02:42:46.966000+00:00,26858,45,385,1,-6.557,-1.24,1.17,6.775,6.775,9.948,190.709,0.014,0.007,0.011,32,
1986-01-25 02:42:48.886000+00:00,26858,45,417,1,-6.566,-1.236,1.176,6.784,6.784,9.985,190.659,0.009,0.01,0.015,32,
1986-01-25 02:42:50.806000+00:00,26858,45,449,1,-6.558,-1.24,1.173,6.777,6.777,9.97,190.71,0.008,0.012,0.006,32,
1986-01-25 02:42:52.726000+00:00,26858,45,481,1,-6.551,-1.235,1.172,6.769,6.769,9.97,190.678,0.013,0.008,0.008,32,
1986-01-25 02:42:54.646000+00:00,26858,45,513,1,-6.553,-1.23,1.171,6.769,6.769,9.963,190.631,0.011,0.009,0.011,32,
1986-01-25 02:42:56.566000+00:00,26858,45,545,1,-6.551,-1.231,1.169,6.768,6.768,9.949,190.638,0.008,0.009,0.006,32,
1986-01-25 02:42:58.486000+00:00,26858,45,577,1,-6.541,-1.226,1.173,6.757,6.757,9.996,190.615,0.016,0.009,0.008,32,
1986-01-25 02:43:00.406000+00:00,26858,45,609,1,-6.542,-1.22,1.174,6.758,6.758,10.002,190.567,0.009,0.011,0.014,32,
1986-01-25 02:43:02.326000+00:00,26858,45,641,1,-6.546,-1.221,1.176,6.762,6.762,10.018,190.563,0.011,0.014,0.008,32,
1986-01-25 02:43:04.246000+00:00,26858,45,673,1,-6.542,-1.228,1.177,6.76,6.76,10.03,190.63,0.016,0.009,0.009,32,
1986-01-25 02:43:06.166000+00:00,26858,45,705,1,-6.546,-1.224,1.181,6.763,6.763,10.053,190.594,0.009,0.009,0.012,32,
1986-01-25 02:43:08.086000+00:00,26858,45,737,1,-6.539,-1.224,1.181,6.756,6.756,10.071,190.6,0.009,0.01,0.005,32,
1986-01-25 02:43:10.006000+00:00,26858,45,769,1,-6.543,-1.22,1.18,6.76,6.76,10.054,190.562,0.013,0.01,0.01,32,
1986-01-25 02:43:11.926000+00:00,26858,46,1,1,-6.541,-1.215,1.185,6.757,6.757,10.097,190.521,0.014,0.008,0.009,32,
1986-01-25 02:43:13.846000+00:00,26858,46,33,1,-6.539,-1.217,1.181,6.755,6.755,10.067,190.547,0.009,0.011,0.014,32,
1986-01-25 02:43:15.766000+00:00,26858,46,65,1,-6.536,-1.224,1.175,6.752,6.752,10.023,190.604,0.008,0.013,0.007,32,
1986-01-25 02:43:17.686000+00:00,26858,46,97,1,-6.531,-1.22,1.178,6.748,6.748,10.056,190.581,0.012,0.007,0.005,32,
1986-01-25 02:43:19.606000+00:00,26858,46,129,1,-6.546,-1.22,1.181,6.762,6.762,10.058,190.559,0.007,0.009,0.009,32,
1986-01-25 02:43:21.526000+00:00,26858,46,161,1,-6.541,-1.219,1.184,6.758,6.758,10.091,190.559,0.012,0.012,0.007,32,
1986-01-25 02:43:23.446000+00:00,26858,46,193,1,-6.535,-1.225,1.175,6.752,6.752,10.024,190.613,0.014,0.01,0.008,32,
1986-01-25 02:43:25.366000+00:00,26858,46,225,1,-6.53,-1.22,1.176,6.746,6.746,10.043,190.58,0.007,0.011,0.015,32,
1986-01-25 02:43:27.286000+00:00,26858,46,257,1,-6.535,-1.216,1.184,6.752,6.752,10.096,190.542,0.008,0.009,0.008,32,
1986-01-25 02:43:29.206000+00:00,26858,46,289,1,-6.528,-1.214,1.18,6.743,6.743,10.074,190.531,0.013,0.009,0.01,32,
1986-01-25 02:43:31.126000+00:00,26858,46,321,1,-6.52,-1.219,1.176,6.736,6.736,10.058,190.591,0.008,0.008,0.011,32,
1986-01-25 02:43:33.046000+00:00,26858,46,353,1,-6.519,-1.215,1.185,6.736,6.736,10.128,190.56,0.011,0.011,0.01,32,
1986-01-25 02:43:34.966000+00:00,26858,46,385,1,-6.52,-1.216,1.18,6.737,6.737,10.089,190.565,0.013,0.008,0.01,32,
1986-01-25 02:43:36.886000+00:00,26858,46,417,1,-6.52,-1.218,1.178,6.736,6.737,10.071,190.584,0.008,0.009,0.017,32,
1986-01-25 02:43:38.806000+00:00,26858,46,449,1,-6.526,-1.213,1.182,6.742,6.742,10.096,190.533,0.009,0.01,0.009,32,
1986-01-25 02:43:40.726000+00:00,26858,46,481,1,-6.514,-1.216,1.178,6.731,6.731,10.082,190.577,0.01,0.009,0.01,32,
1986-01-25 02:43:42.646000+00:00,26858,46,513,1,-6.513,-1.214,1.179,6.73,6.73,10.09,190.56,0.006,0.009,0.017,32,
1986-01-25 02:43:44.566000+00:00,26858,46,545,1,-6.514,-1.22,1.178,6.731,6.731,10.08,190.611,0.01,0.012,0.006,32,
1986-01-25 02:43:46.486000+00:00,26858,46,577,1,-6.517,-1.207,1.19,6.734,6.734,10.18,190.496,0.013,0.008,0.009,32,
1986-01-25 02:43:48.406000+00:00,26858,46,609,1,-6.517,-1.222,1.175,6.734,6.734,10.049,190.617,0.008,0.011,0.012,32,
1986-01-25 02:43:50.326000+00:00,26858,46,641,1,-6.513,-1.224,1.173,6.73,6.73,10.035,190.639,0.009,0.014,0.005,32,
1986-01-25 02:43:52.246000+00:00,26858,46,673,1,-6.511,-1.221,1.178,6.728,6.728,10.087,190.623,0.011,0.006,0.009,32,
1986-01-25 02:43:54.166000+00:00,26858,46,705,1,-6.513,-1.216,1.177,6.729,6.729,10.071,190.571,0.009,0.008,0.013,32,
1986-01-25 02:43:56.086000+00:00,26858,46,737,1,-6.521,-1.207,1.194,6.738,6.738,10.206,190.49,0.01,0.012,0.008,32,
1986-01-25 02:43:58.006000+00:00,26858,46,769,1,-6.517,-1.206,1.192,6.734,6.734,10.199,190.487,0.014,0.006,0.009,32,
1986-01-25 02:43:59.926000+00:00,26858,47,1,1,-6.502,-1.198,1.189,6.717,6.717,10.193,190.437,0.013,0.007,0.008,32,
1986-01-25 02:44:01.846000+00:00,26858,47,33,1,-6.498,-1.21,1.179,6.714,6.714,10.114,190.547,0.006,0.011,0.008,32,
1986-01-25 02:44:03.766000+00:00,26858,47,65,1,-6.503,-1.218,1.183,6.722,6.722,10.139,190.608,0.01,0.012,0.008,32,
1986-01-25 02:44:05.686000+00:00,26858,47,97,1,-6.506,-1.217,1.177,6.723,6.723,10.087,190.597,0.012,0.005,0.009,32,
1986-01-25 02:44:07.606000+00:00,26858,47,129,1,-6.506,-1.214,1.182,6.723,6.723,10.129,190.571,0.008,0.01,0.012,32,
1986-01-25 02:44:09.526000+00:00,26858,47,161,1,-6.508,-1.224,1.171,6.725,6.725,10.026,190.65,0.01,0.017,0.007,32,
1986-01-25 02:44:11.446000+00:00,26858,47,193,1,-6.511,-1.211,1.18,6.727,6.727,10.098,190.532,0.014,0.01,0.01,32,
1986-01-25 02:44:13.366000+00:00,26858,47,225,1,-6.51,-1.215,1.162,6.723,6.723,9.956,190.573,0.008,0.011,0.01,32,
1986-01-25 02:44:15.286000+00:00,26858,47,257,1,-6.503,-1.213,1.172,6.718,6.718,10.048,190.566,0.008,0.01,0.009,32,
1986-01-25 02:44:17.206000+00:00,26858,47,289,1,-6.497,-1.209,1.18,6.713,6.713,10.126,190.542,0.014,0.01,0.012,32,
1986-01-25 02:44:19.126000+00:00,26858,47,321,1,-6.501,-1.207,1.17,6.714,6.714,10.034,190.519,0.007,0.01,0.013,32,
1986-01-25 02:44:21.046000+00:00,26858,47,353,1,-6.503,-1.214,1.169,6.717,6.717,10.023,190.576,0.011,0.01,0.007,32,
1986-01-25 02:44:22.966000+00:00,26858,47,385,1,-6.505,-1.215,1.178,6.721,6.721,10.095,190.579,0.014,0.006,0.009,32,
1986-01-25 02:44:24.886000+00:00,26858,47,417,1,-6.506,-1.213,1.176,6.722,6.722,10.077,190.563,0.007,0.01,0.01,32,
1986-01-25 02:44:26.806000+00:00,26858,47,449,1,-6.496,-1.215,1.172,6.712,6.712,10.056,190.594,0.012,0.014,0.01,32,
1986-01-25 02:44:28.726000+00:00,26858,47,481,1,-6.486,-1.213,1.17,6.701,6.701,10.051,190.591,0.015,0.007,0.01,32,
1986-01-25 02:44:30.646000+00:00,26858,47,513,1,-6.497,-1.213,1.176,6.713,6.713,10.089,190.58,0.01,0.01,0.01,32,
1986-01-25 02:44:32.566000+00:00,26858,47,545,1,-6.494,-1.205,1.178,6.709,6.709,10.112,190.516,0.01,0.012,0.007,32,
1986-01-25 02:44:34.486000+00:00,26858,47,577,1,-6.489,-1.212,1.18,6.706,6.706,10.139,190.578,0.013,0.006,0.01,32,
1986-01-25 02:44:36.406000+00:00,26858,47,609,1,-6.488,-1.213,1.177,6.705,6.705,10.112,190.587,0.009,0.015,0.014,32,
1986-01-25 02:44:38.326000+00:00,26858,47,641,1,-6.494,-1.203,1.189,6.711,6.711,10.209,190.499,0.009,0.014,0.006,32,
1986-01-25 02:44:40.246000+00:00,26858,47,673,1,-6.486,-1.206,1.184,6.703,6.703,10.172,190.535,0.017,0.008,0.009,32,
1986-01-25 02:44:42.166000+00:00,26858,47,705,1,-6.483,-1.206,1.188,6.701,6.701,10.209,190.536,0.007,0.011,0.016,32,
1986-01-25 02:44:44.086000+00:00,26858,47,737,1,-6.487,-1.209,1.185,6.704,6.704,10.185,190.555,0.009,0.013,0.01,32,
1986-01-25 02:44:46.006000+00:00,26858,47,769,1,-6.484,-1.212,1.18,6.701,6.701,10.14,190.591,0.014,0.008,0.01,32,
1986-01-25 02:44:47.926000+00:00,26858,48,1,1,-6.482,-1.216,1.171,6.698,6.698,10.068,190.623,0.01,0.007,0.008,32,
1986-01-25 02:44:49.846000+00:00,26858,48,33,1,-6.488,-1.205,1.179,6.703,6.703,10.127,190.518,0.006,0.007,0.013,32,
1986-01-25 02:44:51.766000+00:00,26858,48,65,1,-6.485,-1.2,1.186,6.701,6.701,10.197,190.483,0.01,0.012,0.009,32,
1986-01-25 02:44:53.686000+00:00,26858,48,97,1,-6.487,-1.196,1.189,6.703,6.703,10.218,190.444,0.012,0.011,0.011,32,
1986-01-25 02:44:55.606000+00:00,26858,48,129,1,-6.477,-1.197,1.186,6.693,6.693,10.209,190.469,0.006,0.01,0.013,32,
1986-01-25 02:44:57.526000+00:00,26858,48,161,1,-6.476,-1.2,1.182,6.691,6.691,10.175,190.498,0.011,0.012,0.01,32,
1986-01-25 02:44:59.446000+00:00,26858,48,193,1,-6.474,-1.201,1.179,6.689,6.689,10.156,190.506,0.014,0.008,0.009,32,
1986-01-25 02:45:01.366000+00:00,26858,48,225,1,-6.477,-1.206,1.174,6.692,6.692,10.107,190.549,0.007,0.01,0.014,32,
1986-01-25 02:45:03.286000+00:00,26858,48,257,1,-6.472,-1.199,1.182,6.688,6.688,10.177,190.497,0.009,0.015,0.008,32,
1986-01-25 02:45:05.206000+00:00,26858,48,289,1,-6.466,-1.195,1.175,6.68,6.68,10.127,190.468,0.011,0.009,0.009,32,
1986-01-25 02:45:07.126000+00:00,26858,48,321,1,-6.459,-1.187,1.171,6.67,6.67,10.111,190.412,0.008,0.009,0.012,32,
1986-01-25 02:45:09.046000+00:00,26858,48,353,1,-6.457,-1.19,1.166,6.668,6.668,10.07,190.439,0.009,0.012,0.009,32,
1986-01-25 02:45:10.966000+00:00,26858,48,385,1,-6.462,-1.193,1.17,6.675,6.675,10.099,190.46,0.012,0.011,0.01,32,
1986-01-25 02:45:12.886000+00:00,26858,48,417,1,-6.464,-1.19,1.164,6.675,6.675,10.039,190.43,0.014,0.014,0.011,32,
1986-01-25 02:45:14.806000+00:00,26858,48,449,1,-6.456,-1.186,1.169,6.667,6.667,10.095,190.408,0.007,0.012,0.008,32,
1986-01-25 02:45:16.726000+00:00,26858,48,481,1,-6.451,-1.189,1.159,6.661,6.661,10.022,190.446,0.011,0.009,0.011,32,
1986-01-25 02:45:18.646000+00:00,26858,48,513,1,-6.445,-1.184,1.168,6.656,6.656,10.102,190.407,0.008,0.01,0.016,32,
1986-01-25 02:45:20.566000+00:00,26858,48,545,1,-6.452,-1.187,1.173,6.665,6.665,10.134,190.426,0.011,0.01,0.01,32,
1986-01-25 02:45:22.486000+00:00,26858,48,577,1,-6.464,-1.194,1.174,6.678,6.678,10.123,190.469,0.011,0.007,0.008,32,
1986-01-25 02:45:24.406000+00:00,26858,48,609,1,-6.464,-1.188,1.165,6.675,6.675,10.055,190.414,0.008,0.01,0.01,32,
1986-01-25 02:45:26.326000+00:00,26858,48,641,1,-6.461,-1.194,1.164,6.672,6.672,10.043,190.474,0.007,0.011,0.007,32,
1986-01-25 02:45:28.246000+00:00,26858,48,673,1,-6.454,-1.189,1.174,6.667,6.667,10.14,190.44,0.016,0.007,0.011,32,
1986-01-25 02:45:30.166000+00:00,26858,48,705,1,-6.448,-1.176,1.169,6.658,6.658,10.109,190.334,0.008,0.009,0.014,32,
1986-01-25 02:45:32.086000+00:00,26858,48,737,1,-6.459,-1.179,1.177,6.67,6.67,10.163,190.346,0.01,0.011,0.008,32,
1986-01-25 02:45:34.006000+00:00,26858,48,769,1,-6.455,-1.177,1.171,6.665,6.665,10.116,190.332,0.014,0.008,0.013,32,
1986-01-25 02:45:35.926000+00:00,26858,49,1,1,-6.448,-1.159,1.183,6.658,6.658,10.233,190.189,0.011,0.008,0.011,32,
1986-01-25 02:45:37.846000+00:00,26858,49,33,1,-6.45,-1.169,1.182,6.661,6.661,10.223,190.274,0.011,0.013,0.011,32,
1986-01-25 02:45:39.766000+00:00,26858,49,65,1,-6.447,-1.165,1.182,6.657,6.657,10.227,190.247,0.01,0.017,0.006,32,
1986-01-25 02:45:41.686000+00:00,26858,49,97,1,-6.446,-1.173,1.185,6.658,6.658,10.249,190.31,0.012,0.01,0.01,32,
1986-01-25 02:45:43.606000+00:00,26858,49,129,1,-6.447,-1.169,1.188,6.659,6.659,10.277,190.275,0.008,0.008,0.4,32,
1986-01-25 02:45:45.526000+00:00,26858,49,161,1,-6.443,-1.174,1.18,6.655,6.655,10.215,190.324,0.011,0.013,0.008,32,
1986-01-25 02:45:47.446000+00:00,26858,49,193,1,-6.449,-1.181,1.195,6.664,6.664,10.329,190.379,0.016,0.008,0.021,32,
1986-01-25 02:45:49.366000+00:00,26858,49,225,1,-6.442,-1.185,1.183,6.657,6.657,10.24,190.421,0.009,0.012,0.009,32,
1986-01-25 02:45:51.286000+00:00,26858,49,257,1,-6.433,-1.179,1.175,6.645,6.645,10.186,190.386,0.009,0.011,0.005,32,
1986-01-25 02:45:53.206000+00:00,26858,49,289,1,-6.436,-1.18,1.179,6.649,6.649,10.213,190.39,0.014,0.01,0.011,32,
1986-01-25 02:45:55.126000+00:00,26858,49,321,1,-6.436,-1.176,1.187,6.649,6.649,10.283,190.355,0.009,0.013,0.013,32,
1986-01-25 02:45:57.046000+00:00,26858,49,353,1,-6.427,-1.173,1.184,6.64,6.64,10.27,190.341,0.009,0.012,0.008,32,
1986-01-25 02:45:58.966000+00:00,26858,49,385,1,-6.433,-1.177,1.184,6.646,6.646,10.265,190.364,0.012,0.009,0.009,32,
1986-01-25 02:46:00.886000+00:00,26858,49,417,1,-6.429,-1.172,1.184,6.641,6.641,10.267,190.328,0.008,0.01,0.012,32,
1986-01-25 02:46:02.806000+00:00,26858,49,449,1,-6.427,-1.169,1.186,6.639,6.639,10.29,190.306,0.01,0.015,0.009,32,
1986-01-25 02:46:04.726000+00:00,26858,49,481,1,-6.428,-1.172,1.189,6.641,6.642,10.309,190.329,0.014,0.011,0.009,32,
1986-01-25 02:46:06.646000+00:00,26858,49,513,1,-6.429,-1.177,1.189,6.643,6.643,10.315,190.378,0.01,0.01,0.01,32,
1986-01-25 02:46:08.566000+00:00,26858,49,545,1,-6.43,-1.174,1.187,6.643,6.643,10.291,190.345,0.011,0.012,0.008,32,
1986-01-25 02:46:10.486000+00:00,26858,49,577,1,-6.404,-1.224,1.126,6.617,6.629,9.796,190.818,0.011,0.005,0.013,28,
1986-01-25 02:46:12.406000+00:00,26858,49,609,1,-6.421,-1.19,1.189,6.638,6.638,10.319,190.496,0.01,0.009,0.01,22,
1986-01-25 02:46:14.326000+00:00,26858,49,641,1,-6.424,-1.181,1.178,6.637,6.637,10.226,190.421,0.014,0.013,0.008,32,
1986-01-25 02:46:16.246000+00:00,26858,49,673,1,-6.425,-1.182,1.193,6.641,6.641,10.353,190.423,0.011,0.008,0.009,32,
1986-01-25 02:46:18.166000+00:00,26858,49,705,1,-6.416,-1.172,1.203,6.633,6.633,10.451,190.352,0.011,0.011,0.011,32,
1986-01-25 02:46:20.086000+00:00,26858,49,737,1,-6.419,-1.183,1.195,6.635,6.635,10.374,190.443,0.013,0.013,0.009,32,
1986-01-25 02:46:22.006000+00:00,26858,49,769,1,-6.412,-1.178,1.194,6.628,6.628,10.379,190.406,0.01,0.009,0.009,32,
1986-01-25 02:46:23.926000+00:00,26858,50,1,1,-6.411,-1.179,1.191,6.627,6.627,10.355,190.422,0.017,0.009,0.008,32,
1986-01-25 02:46:25.846000+00:00,26858,50,33,1,-6.413,-1.165,1.2,6.627,6.627,10.436,190.293,0.008,0.009,0.017,32,
1986-01-25 02:46:27.766000+00:00,26858,50,65,1,-6.415,-1.164,1.193,6.628,6.628,10.374,190.281,0.008,0.016,0.008,32,
1986-01-25 02:46:29.686000+00:00,26858,50,97,1,-6.407,-1.164,1.199,6.621,6.621,10.43,190.298,0.011,0.01,0.01,32,
1986-01-25 02:46:31.606000+00:00,26858,50,129,1,-6.404,-1.161,1.202,6.619,6.619,10.462,190.278,0.007,0.008,0.038,32,
1986-01-25 02:46:33.526000+00:00,26858,50,161,1,-6.398,-1.173,1.184,6.612,6.612,10.316,190.387,0.008,0.012,0.034,32,
1986-01-25 02:46:35.446000+00:00,26858,50,193,1,-6.405,-1.177,1.189,6.62,6.62,10.351,190.408,0.013,0.006,0.009,32,
1986-01-25 02:46:37.366000+00:00,26858,50,225,1,-6.401,-1.17,1.187,6.615,6.615,10.34,190.355,0.01,0.01,0.046,32,
1986-01-25 02:46:39.286000+00:00,26858,50,257,1,-6.402,-1.164,1.196,6.616,6.616,10.419,190.304,0.008,0.01,0.041,32,
1986-01-25 02:46:41.206000+00:00,26858,50,289,1,-6.4,-1.163,1.188,6.612,6.612,10.352,190.303,0.011,0.009,0.051,32,
1986-01-25 02:46:43.126000+00:00,26858,50,321,1,-6.404,-1.163,1.186,6.616,6.616,10.327,190.295,0.009,0.011,0.011,32,
1986-01-25 02:46:45.046000+00:00,26858,50,353,1,-6.394,-1.174,1.191,6.609,6.609,10.379,190.404,0.01,0.013,0.007,32,
1986-01-25 02:46:46.966000+00:00,26858,50,385,1,-6.401,-1.155,1.191,6.612,6.612,10.381,190.226,0.011,0.009,0.011,32,
1986-01-25 02:46:48.886000+00:00,26858,50,417,1,-6.401,-1.155,1.191,6.613,6.613,10.374,190.229,0.008,0.011,0.012,32,
1986-01-25 02:46:50.806000+00:00,26858,50,449,1,-6.397,-1.158,1.197,6.61,6.61,10.431,190.256,0.009,0.012,0.008,32,
1986-01-25 02:46:52.726000+00:00,26858,50,481,1,-6.396,-1.148,1.204,6.609,6.609,10.494,190.173,0.01,0.009,0.009,32,
1986-01-25 02:46:54.646000+00:00,26858,50,513,1,-6.39,-1.148,1.207,6.603,6.603,10.529,190.185,0.009,0.008,0.011,32,
1986-01-25 02:46:56.566000+00:00,26858,50,545,1,-6.393,-1.151,1.193,6.604,6.604,10.408,190.202,0.01,0.012,0.007,32,
1986-01-25 02:46:58.486000+00:00,26858,50,577,1,-6.393,-1.15,1.21,6.608,6.608,10.553,190.201,0.013,0.011,0.011,32,
1986-01-25 02:47:00.406000+00:00,26858,50,609,1,-6.383,-1.121,1.194,6.59,6.59,10.437,189.958,0.01,0.008,0.012,32,
1986-01-25 02:47:02.326000+00:00,26858,50,641,1,-6.391,-1.147,1.179,6.599,6.599,10.292,190.171,0.009,0.013,0.007,32,
1986-01-25 02:47:04.246000+00:00,26858,50,673,1,-6.382,-1.146,1.18,6.591,6.591,10.315,190.177,0.013,0.006,0.008,32,
1986-01-25 02:47:06.166000+00:00,26858,50,705,1,-6.389,-1.148,1.187,6.599,6.599,10.366,190.187,0.008,0.013,0.013,32,
1986-01-25 02:47:08.086000+00:00,26858,50,737,1,-6.392,-1.154,1.192,6.604,6.604,10.396,190.232,0.008,0.01,0.008,32,
1986-01-25 02:47:10.006000+00:00,26858,50,769,1,-6.379,-1.163,1.192,6.593,6.593,10.419,190.329,0.011,0.008,0.01,32,
1986-01-25 02:47:11.926000+00:00,26858,51,1,1,-6.385,-1.147,1.192,6.596,6.596,10.411,190.185,0.013,0.006,0.005,32,
1986-01-25 02:47:13.846000+00:00,26858,51,33,1,-6.376,-1.148,1.193,6.587,6.587,10.438,190.21,0.009,0.01,0.015,32,
1986-01-25 02:47:15.766000+00:00,26858,51,65,1,-6.37,-1.15,1.184,6.58,6.581,10.364,190.236,0.01,0.013,0.009,32,
1986-01-25 02:47:17.686000+00:00,26858,51,97,1,-6.37,-1.151,1.191,6.582,6.582,10.424,190.239,0.012,0.007,0.009,32,
1986-01-25 02:47:19.606000+00:00,26858,51,129,1,-6.37,-1.156,1.194,6.583,6.583,10.448,190.289,0.009,0.011,0.014,32,
1986-01-25 02:47:21.526000+00:00,26858,51,161,1,-6.374,-1.144,1.203,6.587,6.587,10.522,190.172,0.011,0.013,0.007,32,
1986-01-25 02:47:23.446000+00:00,26858,51,193,1,-6.377,-1.149,1.198,6.59,6.59,10.477,190.21,0.011,0.01,0.008,32,
1986-01-25 02:47:25.366000+00:00,26858,51,225,1,-6.371,-1.143,1.201,6.583,6.583,10.515,190.173,0.008,0.011,0.01,32,
1986-01-25 02:47:27.286000+00:00,26858,51,257,1,-6.362,-1.151,1.189,6.574,6.574,10.421,190.252,0.012,0.013,0.009,32,
1986-01-25 02:47:29.206000+00:00,26858,51,289,1,-6.367,-1.151,1.189,6.579,6.579,10.415,190.244,0.013,0.011,0.01,32,
1986-01-25 02:47:31.126000+00:00,26858,51,321,1,-6.358,-1.139,1.196,6.569,6.569,10.489,190.156,0.007,0.007,0.01,32,
1986-01-25 02:47:33.046000+00:00,26858,51,353,1,-6.355,-1.144,1.201,6.568,6.568,10.539,190.206,0.01,0.012,0.01,32,
1986-01-25 02:47:34.966000+00:00,26858,51,385,1,-6.354,-1.134,1.21,6.567,6.567,10.619,190.119,0.012,0.009,0.008,32,
1986-01-25 02:47:36.886000+00:00,26858,51,417,1,-6.347,-1.139,1.194,6.558,6.558,10.493,190.17,0.01,0.011,0.014,32,
1986-01-25 02:47:38.806000+00:00,26858,51,449,1,-6.351,-1.136,1.201,6.562,6.562,10.545,190.139,0.014,0.014,0.008,32,
1986-01-25 02:47:40.726000+00:00,26858,51,481,1,-6.347,-1.129,1.206,6.558,6.558,10.596,190.091,0.011,0.009,0.009,32,
1986-01-25 02:47:42.646000+00:00,26858,51,513,1,-6.341,-1.133,1.198,6.552,6.552,10.533,190.131,0.01,0.011,0.016,32,
1986-01-25 02:47:44.566000+00:00,26858,51,545,1,-6.351,-1.134,1.195,6.561,6.561,10.492,190.125,0.012,0.012,0.01,32,
1986-01-25 02:47:46.486000+00:00,26858,51,577,1,-6.348,-1.138,1.192,6.559,6.559,10.468,190.161,0.013,0.008,0.012,32,
1986-01-25 02:47:48.406000+00:00,26858,51,609,1,-6.347,-1.144,1.192,6.559,6.559,10.474,190.215,0.009,0.01,0.01,32,
1986-01-25 02:47:50.326000+00:00,26858,51,641,1,-6.342,-1.138,1.194,6.553,6.553,10.501,190.171,0.011,0.014,0.011,32,
1986-01-25 02:47:52.246000+00:00,26858,51,673,1,-6.336,-1.139,1.186,6.546,6.546,10.442,190.193,0.011,0.01,0.012,32,
1986-01-25 02:47:54.166000+00:00,26858,51,705,1,-6.346,-1.139,1.187,6.556,6.556,10.432,190.171,0.007,0.011,0.011,32,
1986-01-25 02:47:56.086000+00:00,26858,51,737,1,-6.349,-1.147,1.177,6.558,6.558,10.341,190.244,0.009,0.015,0.008,32,
1986-01-25 02:47:58.006000+00:00,26858,51,769,1,-6.34,-1.148,1.175,6.549,6.549,10.337,190.26,0.011,0.006,0.013,32,
1986-01-25 02:47:59.926000+00:00,26858,52,1,1,-6.346,-1.143,1.176,6.555,6.555,10.337,190.208,0.012,0.008,0.008,32,
1986-01-25 02:48:01.846000+00:00,26858,52,33,1,-6.346,-1.145,1.173,6.554,6.554,10.313,190.224,0.008,0.01,0.01,32,
1986-01-25 02:48:03.766000+00:00,26858,52,65,1,-6.351,-1.138,1.19,6.561,6.561,10.451,190.16,0.009,0.013,0.01,32,
1986-01-25 02:48:05.686000+00:00,26858,52,97,1,-6.342,-1.149,1.178,6.552,6.552,10.355,190.272,0.016,0.008,0.01,32,
1986-01-25 02:48:07.606000+00:00,26858,52,129,1,-6.342,-1.146,1.174,6.551,6.551,10.325,190.243,0.008,0.009,0.013,32,
1986-01-25 02:48:09.526000+00:00,26858,52,161,1,-6.341,-1.147,1.185,6.552,6.552,10.419,190.253,0.009,0.012,0.007,32,
1986-01-25 02:48:11.446000+00:00,26858,52,193,1,-6.329,-1.133,1.19,6.538,6.538,10.487,190.146,0.015,0.008,0.008,32,
1986-01-25 02:48:13.366000+00:00,26858,52,225,1,-6.325,-1.134,1.187,6.535,6.535,10.469,190.165,0.009,0.01,1.294,32,
1986-01-25 02:48:15.286000+00:00,26858,52,257,1,-6.332,-1.133,1.182,6.54,6.541,10.413,190.142,0.011,0.012,0.017,32,
1986-01-25 02:48:17.206000+00:00,26858,52,289,1,-6.338,-1.145,1.17,6.546,6.546,10.296,190.239,0.012,0.009,0.017,32,
1986-01-25 02:48:19.126000+00:00,26858,52,321,1,-6.335,-1.143,1.183,6.546,6.546,10.415,190.229,0.008,0.011,1.403,32,
1986-01-25 02:48:21.046000+00:00,26858,52,353,1,-6.342,-1.136,1.187,6.552,6.552,10.437,190.154,0.01,0.013,0.018,32,
1986-01-25 02:48:22.966000+00:00,26858,52,385,1,-6.327,-1.134,1.187,6.537,6.537,10.466,190.161,0.013,0.009,0.013,32,
1986-01-25 02:48:24.886000+00:00,26858,52,417,1,-6.327,-1.139,1.189,6.538,6.538,10.482,190.204,0.008,0.009,2.069,32,
1986-01-25 02:48:26.806000+00:00,26858,52,449,1,-6.322,-1.135,1.189,6.532,6.532,10.49,190.182,0.012,0.011,0.06,32,
1986-01-25 02:48:28.726000+00:00,26858,52,481,1,-6.318,-1.143,1.175,6.527,6.527,10.374,190.252,0.012,0.009,0.047,32,
1986-01-25 02:48:30.646000+00:00,26858,52,513,1,-6.315,-1.138,1.186,6.526,6.526,10.467,190.218,0.008,0.011,0.029,32,
1986-01-25 02:48:32.566000+00:00,26858,52,545,1,-6.315,-1.14,1.189,6.526,6.526,10.495,190.237,0.009,0.011,0.093,32,
1986-01-25 02:48:34.486000+00:00,26858,52,577,1,-6.321,-1.133,1.188,6.531,6.531,10.48,190.163,0.013,0.008,0.079,32,
1986-01-25 02:48:36.406000+00:00,26858,52,609,1,-6.508,-0.743,1.726,6.774,6.868,14.759,186.513,0.01,0.012,0.029,22,
1986-01-25 02:48:38.326000+00:00,26858,52,641,1,-6.401,-0.937,1.444,6.629,6.722,12.578,188.326,0.009,0.011,0.053,18,
1986-01-25 02:48:40.246000+00:00,26858,52,673,1,-6.182,-1.424,0.781,6.392,6.687,7.017,192.973,0.014,0.009,0.008,18,
1986-01-25 02:48:42.166000+00:00,26858,52,705,1,-6.332,-1.177,1.188,6.549,6.55,10.456,190.529,0.007,0.009,0.045,22,
1986-01-25 02:48:44.086000+00:00,26858,52,737,1,-6.295,-1.154,1.187,6.509,6.509,10.503,190.385,0.011,0.014,0.028,24,
1986-01-25 02:48:46.006000+00:00,26858,52,769,1,-6.328,-1.119,1.188,6.535,6.535,10.476,190.026,0.017,0.009,0.007,14,
1986-01-25 02:48:47.926000+00:00,26858,53,1,1,-6.314,-1.137,1.171,6.522,6.522,10.343,190.208,0.03,0.008,0.01,26,O
1986-01-25 02:48:49.846000+00:00,26858,53,33,1,-6.302,-1.102,1.166,6.503,6.504,10.33,189.922,0.02,0.012,0.015,22,O
1986-01-25 02:48:51.766000+00:00,26858,53,65,1,-5.461,-1.442,1.087,5.752,6.436,10.898,194.787,0.009,0.014,0.009,18,O
1986-01-25 02:48:53.686000+00:00,26858,53,97,1,,,,,,,,,,,0,O
1986-01-25 02:48:55.606000+00:00,26858,53,129,1,-6.322,-1.136,1.188,6.532,6.532,10.48,190.186,0.08,0.012,0.013,20,O
1986-01-25 02:48:57.526000+00:00,26858,53,161,1,-6.322,-1.132,1.176,6.53,6.53,10.371,190.155,0.042,0.014,0.007,32,O
1986-01-25 02:48:59.446000+00:00,26858,53,193,1,-6.322,-1.131,1.174,6.529,6.529,10.357,190.144,1.995,0.008,0.011,32,O
1986-01-25 02:49:01.366000+00:00,26858,53,225,1,-6.325,-1.123,1.174,6.531,6.531,10.357,190.07,1.407,0.011,0.015,32,O
1986-01-25 02:49:03.286000+00:00,26858,53,257,1,-6.327,-1.131,1.169,6.532,6.532,10.306,190.137,1.983,0.015,0.009,32,O
1986-01-25 02:49:05.206000+00:00,26858,53,289,1,-6.317,-1.129,1.181,6.525,6.525,10.425,190.131,,0.008,0.011,32,O
1986-01-25 02:49:07.126000+00:00,26858,53,321,1,-6.309,-1.127,1.176,6.516,6.516,10.401,190.132,,0.012,0.014,32,O
1986-01-25 02:49:09.046000+00:00,26858,53,353,1,-6.32,-1.128,1.168,6.525,6.525,10.308,190.117,,0.013,0.008,32,O
1986-01-25 02:49:10.966000+00:00,26858,53,385,1,-6.319,-1.128,1.176,6.525,6.525,10.381,190.125,0.011,0.006,0.011,32,O
1986-01-25 02:49:12.886000+00:00,26858,53,417,1,-6.308,-1.123,1.177,6.514,6.514,10.411,190.092,0.007,0.01,0.015,32,O
1986-01-25 02:49:14.806000+00:00,26858,53,449,1,-6.309,-1.125,1.169,6.514,6.514,10.342,190.115,0.01,0.012,0.008,32,O
1986-01-25 02:49:16.726000+00:00,26858,53,481,1,-6.309,-1.12,1.18,6.516,6.516,10.434,190.067,0.011,0.009,0.01,32,O
1986-01-25 02:49:18.646000+00:00,26858,53,513,1,-6.307,-1.114,1.184,6.513,6.513,10.47,190.019,0.009,0.013,0.014,32,O
1986-01-25 02:49:20.566000+00:00,26858,53,545,1,-6.307,-1.112,1.183,6.512,6.512,10.463,190.001,0.012,0.01,0.005,32,O
1986-01-25 02:49:22.486000+00:00,26858,53,577,1,-6.311,-1.118,1.179,6.517,6.517,10.424,190.048,0.016,0.007,0.01,32,O
1986-01-25 02:49:24.406000+00:00,26858,53,609,1,-6.318,-1.123,1.18,6.524,6.524,10.419,190.084,0.008,0.01,0.011,32,O
1986-01-25 02:49:26.326000+00:00,26858,53,641,1,-6.305,-1.125,1.183,6.513,6.513,10.463,190.114,0.009,0.013,0.011,32,O
1986-01-25 02:49:28.246000+00:00,26858,53,673,1,-6.303,-1.114,1.192,6.511,6.511,10.554,190.023,0.009,0.007,0.012,32,O
1986-01-25 02:49:30.166000+00:00,26858,53,705,1,-6.301,-1.115,1.185,6.507,6.507,10.494,190.04,0.007,0.009,0.013,32,O
1986-01-25 02:49:32.086000+00:00,26858,53,737,1,-6.291,-1.107,1.186,6.496,6.496,10.52,189.983,0.009,0.013,0.007,32,O
1986-01-25 02:49:34.006000+00:00,26858,53,769,1,-6.298,-1.122,1.183,6.506,6.506,10.474,190.103,0.016,0.007,0.011,32,O
1986-01-25 02:49:35.926000+00:00,26858,54,1,1,-6.295,-1.113,1.179,6.501,6.501,10.449,190.029,0.01,0.007,0.008,32,
1986-01-25 02:49:37.846000+00:00,26858,54,33,1,-6.29,-1.114,1.175,6.495,6.495,10.423,190.046,0.01,0.012,0.015,32,
1986-01-25 02:49:39.766000+00:00,26858,54,65,1,-6.29,-1.11,1.187,6.497,6.497,10.526,190.009,0.01,0.011,0.007,32,
1986-01-25 02:49:41.686000+00:00,26858,54,97,1,-6.288,-1.118,1.181,6.495,6.495,10.473,190.078,0.012,0.009,0.01,32,
1986-01-25 02:49:43.606000+00:00,26858,54,129,1,-6.294,-1.116,1.187,6.502,6.502,10.52,190.057,0.007,0.014,0.013,32,
1986-01-25 02:49:45.526000+00:00,26858,54,161,1,-6.299,-1.112,1.19,6.507,6.507,10.542,190.013,0.013,0.014,0.009,32,
1986-01-25 02:49:47.446000+00:00,26858,54,193,1,-6.297,-1.126,1.177,6.505,6.505,10.427,190.141,0.013,0.009,0.007,32,
1986-01-25 02:49:49.366000+00:00,26858,54,225,1,-6.292,-1.116,1.172,6.497,6.497,10.39,190.062,0.007,0.008,0.015,32,
1986-01-25 02:49:51.286000+00:00,26858,54,257,1,-6.293,-1.124,1.175,6.5,6.5,10.417,190.122,0.01,0.015,0.006,32,
1986-01-25 02:49:53.206000+00:00,26858,54,289,1,-6.293,-1.11,1.188,6.5,6.5,10.534,190.008,0.012,0.007,0.009,32,
1986-01-25 02:49:55.126000+00:00,26858,54,321,1,-6.293,-1.118,1.184,6.5,6.5,10.498,190.07,0.007,0.01,0.016,32,
1986-01-25 02:49:57.046000+00:00,26858,54,353,1,-6.291,-1.126,1.173,6.498,6.498,10.4,190.149,0.011,0.012,0.007,32,
1986-01-25 02:49:58.966000+00:00,26858,54,385,1,-6.289,-1.124,1.178,6.496,6.496,10.451,190.131,0.008,0.007,0.01,32,
1986-01-25 02:50:00.886000+00:00,26858,54,417,1,-6.284,-1.117,1.181,6.491,6.491,10.481,190.078,0.01,0.01,0.013,32,
1986-01-25 02:50:02.806000+00:00,26858,54,449,1,-6.276,-1.104,1.194,6.483,6.483,10.613,189.978,0.011,0.011,0.011,32,
1986-01-25 02:50:04.726000+00:00,26858,54,481,1,-6.279,-1.099,1.196,6.485,6.485,10.627,189.93,0.011,0.005,0.011,32,
1986-01-25 02:50:06.646000+00:00,26858,54,513,1,-6.281,-1.102,1.199,6.489,6.489,10.647,189.951,0.006,0.013,0.012,32,
1986-01-25 02:50:08.566000+00:00,26858,54,545,1,-6.273,-1.097,1.193,6.479,6.479,10.612,189.923,0.011,0.01,0.008,32,
1986-01-25 02:50:10.486000+00:00,26858,54,577,1,-6.273,-1.101,1.193,6.479,6.479,10.612,189.954,0.013,0.008,0.012,32,
1986-01-25 02:50:12.406000+00:00,26858,54,609,1,-6.267,-1.105,1.195,6.475,6.475,10.637,190.001,0.007,0.007,0.013,32,
1986-01-25 02:50:14.326000+00:00,26858,54,641,1,-6.275,-1.1,1.198,6.482,6.482,10.652,189.939,0.012,0.014,0.007,32,
1986-01-25 02:50:16.246000+00:00,26858,54,673,1,-6.275,-1.102,1.186,6.481,6.481,10.541,189.964,0.014,0.007,0.009,32,
1986-01-25 02:50:18.166000+00:00,26858,54,705,1,-6.27,-1.099,1.196,6.477,6.477,10.639,189.938,0.008,0.009,0.011,32,
1986-01-25 02:50:20.086000+00:00,26858,54,737,1,-6.264,-1.106,1.19,6.471,6.471,10.6,190.009,0.01,0.01,0.009,32,
1986-01-25 02:50:22.006000+00:00,26858,54,769,1,-6.27,-1.107,1.201,6.479,6.479,10.68,190.016,0.014,0.005,0.01,32,
1986-01-25 02:50:23.926000+00:00,26858,55,1,1,-6.271,-1.107,1.202,6.481,6.481,10.686,190.013,0.015,0.008,0.011,32,
1986-01-25 02:50:25.846000+00:00,26858,55,33,1,-6.267,-1.113,1.193,6.476,6.476,10.62,190.069,0.007,0.009,0.009,32,
1986-01-25 02:50:27.766000+00:00,26858,55,65,1,-6.274,-1.113,1.194,6.483,6.483,10.609,190.056,0.009,0.015,0.006,32,
1986-01-25 02:50:29.686000+00:00,26858,55,97,1,-6.27,-1.111,1.2,6.48,6.48,10.675,190.051,0.014,0.008,0.01,32,
1986-01-25 02:50:31.606000+00:00,26858,55,129,1,-6.27,-1.106,1.209,6.48,6.48,10.749,190.007,0.008,0.008,0.014,32,
1986-01-25 02:50:33.526000+00:00,26858,55,161,1,-6.276,-1.108,1.2,6.485,6.485,10.667,190.014,0.009,0.017,0.009,32,
1986-01-25 02:50:35.446000+00:00,26858,55,193,1,-6.276,-1.104,1.207,6.486,6.486,10.722,189.975,0.012,0.008,0.009,32,
1986-01-25 02:50:37.366000+00:00,26858,55,225,1,-6.271,-1.103,1.217,6.483,6.483,10.817,189.975,0.008,0.011,0.009,32,
1986-01-25 02:50:39.286000+00:00,26858,55,257,1,-6.266,-1.104,1.207,6.476,6.476,10.745,189.995,0.011,0.01,0.007,32,
1986-01-25 02:50:41.206000+00:00,26858,55,289,1,-6.269,-1.1,1.203,6.477,6.477,10.707,189.956,0.018,0.01,0.009,32,
1986-01-25 02:50:43.126000+00:00,26858,55,321,1,-6.27,-1.094,1.206,6.478,6.478,10.727,189.893,0.008,0.012,0.011,32,
1986-01-25 02:50:45.046000+00:00,26858,55,353,1,-6.268,-1.095,1.212,6.477,6.477,10.781,189.907,0.01,0.015,0.007,32,
1986-01-25 02:50:46.966000+00:00,26858,55,385,1,-6.267,-1.091,1.205,6.474,6.474,10.729,189.875,0.012,0.009,0.01,32,
1986-01-25 02:50:48.886000+00:00,26858,55,417,1,-6.266,-1.095,1.204,6.473,6.473,10.715,189.91,0.007,0.009,0.014,32,
1986-01-25 02:50:50.806000+00:00,26858,55,449,1,-6.258,-1.091,1.198,6.464,6.464,10.677,189.885,0.009,0.01,0.008,32,
1986-01-25 02:50:52.726000+00:00,26858,55,481,1,-6.265,-1.096,1.201,6.473,6.473,10.695,189.918,0.009,0.007,0.008,32,
1986-01-25 02:50:54.646000+00:00,26858,55,513,1,-6.263,-1.088,1.206,6.47,6.47,10.746,189.858,0.008,0.009,0.008,32,
1986-01-25 02:50:56.566000+00:00,26858,55,545,1,-6.264,-1.08,1.21,6.471,6.471,10.781,189.786,0.009,0.013,0.007,32,
1986-01-25 02:50:58.486000+00:00,26858,55,577,1,-6.27,-1.09,1.209,6.477,6.477,10.754,189.86,0.013,0.01,0.012,32,
1986-01-25 02:51:00.406000+00:00,26858,55,609,1,-6.267,-1.087,1.206,6.474,6.474,10.738,189.838,0.009,0.013,0.011,32,
1986-01-25 02:51:02.326000+00:00,26858,55,641,1,-6.266,-1.083,1.202,6.471,6.471,10.701,189.804,0.008,0.012,0.006,32,
1986-01-25 02:51:04.246000+00:00,26858,55,673,1,-6.26,-1.089,1.188,6.464,6.464,10.589,189.872,0.016,0.005,0.01,32,
1986-01-25 02:51:06.166000+00:00,26858,55,705,1,-6.247,-1.085,1.195,6.453,6.453,10.676,189.856,0.009,0.007,0.011,32,
1986-01-25 02:51:08.086000+00:00,26858,55,737,1,-6.247,-1.087,1.191,6.452,6.452,10.639,189.867,0.011,0.012,0.008,32,
1986-01-25 02:51:10.006000+00:00,26858,55,769,1,-6.257,-1.084,1.196,6.461,6.461,10.671,189.826,0.014,0.008,0.01,32,
1986-01-25 02:51:11.926000+00:00,26858,56,1,1,-6.25,-1.092,1.19,6.455,6.455,10.622,189.91,0.011,0.008,0.011,32,
1986-01-25 02:51:13.846000+00:00,26858,56,33,1,-6.249,-1.092,1.184,6.453,6.453,10.571,189.917,0.009,0.01,0.015,32,
1986-01-25 02:51:15.766000+00:00,26858,56,65,1,-6.246,-1.09,1.196,6.452,6.452,10.684,189.899,0.014,0.016,0.007,32,
1986-01-25 02:51:17.686000+00:00,26858,56,97,1,-6.246,-1.09,1.194,6.452,6.452,10.661,189.899,0.011,0.008,0.01,32,
1986-01-25 02:51:19.606000+00:00,26858,56,129,1,-6.25,-1.086,1.192,6.455,6.455,10.645,189.857,0.011,0.012,0.012,32,
1986-01-25 02:51:21.526000+00:00,26858,56,161,1,-6.247,-1.097,1.179,6.451,6.451,10.53,189.958,0.008,0.011,0.007,32,
1986-01-25 02:51:23.446000+00:00,26858,56,193,1,-6.242,-1.092,1.182,6.446,6.446,10.563,189.926,0.014,0.008,0.009,32,
1986-01-25 02:51:25.366000+00:00,26858,56,225,1,-6.238,-1.09,1.179,6.442,6.442,10.547,189.913,0.006,0.008,0.012,32,
1986-01-25 02:51:27.286000+00:00,26858,56,257,1,-6.239,-1.092,1.181,6.443,6.443,10.565,189.926,0.01,0.014,0.01,32,
1986-01-25 02:51:29.206000+00:00,26858,56,289,1,-6.24,-1.101,1.172,6.444,6.444,10.478,190.008,0.016,0.006,0.01,32,
1986-01-25 02:51:31.126000+00:00,26858,56,321,1,-6.244,-1.094,1.184,6.449,6.449,10.58,189.934,0.009,0.01,0.012,32,
1986-01-25 02:51:33.046000+00:00,26858,56,353,1,-6.233,-1.091,1.18,6.437,6.437,10.563,189.931,0.014,0.013,0.008,32,
1986-01-25 02:51:34.966000+00:00,26858,56,385,1,-6.238,-1.079,1.195,6.442,6.442,10.693,189.816,0.013,0.01,0.009,32,
1986-01-25 02:51:36.886000+00:00,26858,56,417,1,-6.24,-1.081,1.195,6.445,6.445,10.682,189.829,0.009,0.011,0.013,32,
1986-01-25 02:51:38.806000+00:00,26858,56,449,1,-6.231,-1.08,1.186,6.434,6.434,10.617,189.836,0.01,0.011,0.007,32,
1986-01-25 02:51:40.726000+00:00,26858,56,481,1,-6.231,-1.074,1.194,6.435,6.435,10.696,189.776,0.013,0.009,0.009,32,
1986-01-25 02:51:42.646000+00:00,26858,56,513,1,-6.24,-1.078,1.197,6.445,6.445,10.707,189.801,0.009,0.01,0.013,32,
1986-01-25 02:51:44.566000+00:00,26858,56,545,1,-6.231,-1.092,1.19,6.437,6.437,10.654,189.938,0.01,0.013,0.008,32,
1986-01-25 02:51:46.486000+00:00,26858,56,577,1,-6.234,-1.081,1.208,6.441,6.441,10.806,189.834,0.01,0.009,0.009,32,
1986-01-25 02:51:48.406000+00:00,26858,56,609,1,-6.226,-1.075,1.2,6.431,6.431,10.752,189.797,0.006,0.01,0.01,32,
1986-01-25 02:51:50.326000+00:00,26858,56,641,1,-6.227,-1.072,1.188,6.429,6.429,10.647,189.769,0.01,0.015,0.008,32,
1986-01-25 02:51:52.246000+00:00,26858,56,673,1,-6.215,-1.073,1.194,6.419,6.419,10.718,189.792,0.011,0.01,0.008,32,
1986-01-25 02:51:54.166000+00:00,26858,56,705,1,-6.216,-1.07,1.199,6.42,6.42,10.76,189.763,0.006,0.008,0.012,32,
1986-01-25 02:51:56.086000+00:00,26858,56,737,1,-6.211,-1.062,1.21,6.416,6.416,10.867,189.706,0.014,0.012,0.009,32,
1986-01-25 02:51:58.006000+00:00,26858,56,769,1,-6.212,-1.072,1.196,6.416,6.416,10.746,189.794,0.012,0.008,0.008,32,
1986-01-25 02:51:59.926000+00:00,26858,57,1,1,-6.208,-1.063,1.205,6.413,6.413,10.834,189.72,0.013,0.008,0.014,32,
1986-01-25 02:52:01.846000+00:00,26858,57,33,1,-6.204,-1.065,1.209,6.41,6.41,10.869,189.743,0.009,0.01,0.014,32,
1986-01-25 02:52:03.766000+00:00,26858,57,65,1,-6.215,-1.071,1.206,6.421,6.421,10.826,189.774,0.01,0.013,0.009,32,
1986-01-25 02:52:05.686000+00:00,26858,57,97,1,-6.214,-1.059,1.206,6.417,6.417,10.831,189.675,0.01,0.007,0.011,32,
1986-01-25 02:52:07.606000+00:00,26858,57,129,1,-6.211,-1.067,1.203,6.415,6.415,10.807,189.751,0.009,0.01,0.012,32,
1986-01-25 02:52:09.526000+00:00,26858,57,161,1,-6.206,-1.066,1.206,6.411,6.411,10.839,189.75,0.01,0.016,0.008,32,
1986-01-25 02:52:11.446000+00:00,26858,57,193,1,-6.212,-1.071,1.203,6.418,6.418,10.801,189.784,0.011,0.008,0.01,32,
1986-01-25 02:52:13.366000+00:00,26858,57,225,1,-6.211,-1.066,1.212,6.417,6.417,10.884,189.74,0.008,0.011,0.013,32,
1986-01-25 02:52:15.286000+00:00,26858,57,257,1,-6.199,-1.065,1.199,6.403,6.404,10.791,189.746,0.011,0.013,0.009,32,
1986-01-25 02:52:17.206000+00:00,26858,57,289,1,-6.203,-1.067,1.2,6.407,6.407,10.798,189.762,0.01,0.009,0.009,32,
1986-01-25 02:52:19.126000+00:00,26858,57,321,1,-6.212,-1.071,1.198,6.417,6.417,10.758,189.779,0.007,0.009,0.012,32,
1986-01-25 02:52:21.046000+00:00,26858,57,353,1,-6.2,-1.072,1.192,6.404,6.404,10.727,189.808,0.009,0.012,0.009,32,
1986-01-25 02:52:22.966000+00:00,26858,57,385,1,-6.212,-1.061,1.213,6.417,6.417,10.894,189.691,0.012,0.009,0.01,32,
1986-01-25 02:52:24.886000+00:00,26858,57,417,1,-6.207,-1.065,1.199,6.411,6.411,10.781,189.74,0.007,0.009,0.012,32,
1986-01-25 02:52:26.806000+00:00,26858,57,449,1,-6.202,-1.063,1.209,6.408,6.408,10.873,189.724,0.009,0.011,0.009,32,
1986-01-25 02:52:28.726000+00:00,26858,57,481,1,-6.199,-1.054,1.2,6.402,6.402,10.805,189.647,0.013,0.008,0.011,32,
1986-01-25 02:52:30.646000+00:00,26858,57,513,1,-6.203,-1.059,1.202,6.407,6.407,10.815,189.685,0.008,0.012,0.013,32,
1986-01-25 02:52:32.566000+00:00,26858,57,545,1,-6.2,-1.049,1.211,6.403,6.403,10.904,189.6,0.01,0.011,0.009,32,
1986-01-25 02:52:34.486000+00:00,26858,57,577,1,-6.197,-1.056,1.2,6.4,6.4,10.803,189.67,0.012,0.008,0.011,32,
1986-01-25 02:52:36.406000+00:00,26858,57,609,1,-6.199,-1.056,1.194,6.401,6.401,10.747,189.666,0.009,0.009,0.013,32,
1986-01-25 02:52:38.326000+00:00,26858,57,641,1,-6.192,-1.055,1.196,6.394,6.394,10.777,189.666,0.008,0.01,0.009,32,
1986-01-25 02:52:40.246000+00:00,26858,57,673,1,-6.186,-1.055,1.194,6.388,6.388,10.774,189.682,0.011,0.007,0.008,32,
1986-01-25 02:52:42.166000+00:00,26858,57,705,1,-6.191,-1.054,1.198,6.394,6.394,10.803,189.66,0.006,0.009,0.011,32,
1986-01-25 02:52:44.086000+00:00,26858,57,737,1,-6.185,-1.059,1.195,6.388,6.388,10.779,189.717,0.012,0.014,0.007,32,
1986-01-25 02:52:46.006000+00:00,26858,57,769,1,-6.186,-1.055,1.203,6.39,6.39,10.848,189.68,0.012,0.009,0.01,32,
1986-01-25 02:52:47.926000+00:00,26858,58,1,1,-6.185,-1.054,1.197,6.387,6.387,10.802,189.675,0.016,0.007,0.014,32,
1986-01-25 02:52:49.846000+00:00,26858,58,33,1,-6.187,-1.053,1.199,6.389,6.389,10.815,189.663,0.011,0.009,0.011,32,
1986-01-25 02:52:51.766000+00:00,26858,58,65,1,-6.177,-1.054,1.206,6.381,6.381,10.892,189.682,0.009,0.013,0.009,32,
1986-01-25 02:52:53.686000+00:00,26858,58,97,1,-6.182,-1.059,1.199,6.386,6.386,10.824,189.722,0.011,0.008,0.012,32,
1986-01-25 02:52:55.606000+00:00,26858,58,129,1,-6.182,-1.059,1.196,6.385,6.385,10.795,189.719,0.009,0.012,0.008,32,
1986-01-25 02:52:57.526000+00:00,26858,58,161,1,-6.177,-1.051,1.203,6.38,6.38,10.866,189.658,0.012,0.011,0.007,32,
1986-01-25 02:52:59.446000+00:00,26858,58,193,1,-6.175,-1.05,1.191,6.376,6.376,10.762,189.648,0.015,0.009,0.01,32,
1986-01-25 02:53:01.366000+00:00,26858,58,225,1,-6.177,-1.054,1.194,6.379,6.379,10.786,189.686,0.01,0.008,0.016,32,
1986-01-25 02:53:03.286000+00:00,26858,58,257,1,-6.176,-1.063,1.195,6.379,6.379,10.794,189.763,0.012,0.012,0.007,32,
1986-01-25 02:53:05.206000+00:00,26858,58,289,1,-6.178,-1.053,1.196,6.38,6.38,10.801,189.675,0.012,0.01,0.008,32,
1986-01-25 02:53:07.126000+00:00,26858,58,321,1,-6.167,-1.054,1.2,6.37,6.37,10.858,189.695,0.009,0.009,0.007,32,
1986-01-25 02:53:09.046000+00:00,26858,58,353,1,-6.174,-1.045,1.199,6.376,6.376,10.838,189.608,0.008,0.012,0.008,32,
1986-01-25 02:53:10.966000+00:00,26858,58,385,1,-6.179,-1.052,1.205,6.383,6.383,10.882,189.665,0.011,0.008,0.01,32,
1986-01-25 02:53:12.886000+00:00,26858,58,417,1,-6.176,-1.054,1.209,6.381,6.381,10.925,189.682,0.009,0.01,0.012,32,
1986-01-25 02:53:14.806000+00:00,26858,58,449,1,-6.177,-1.056,1.213,6.383,6.383,10.957,189.703,0.01,0.01,0.011,32,
1986-01-25 02:53:16.726000+00:00,26858,58,481,1,-6.176,-1.056,1.202,6.38,6.38,10.861,189.699,0.016,0.007,0.008,32,
1986-01-25 02:53:18.646000+00:00,26858,58,513,1,-6.17,-1.05,1.209,6.374,6.374,10.933,189.658,0.007,0.012,0.012,32,
1986-01-25 02:53:20.566000+00:00,26858,58,545,1,-6.17,-1.048,1.205,6.373,6.373,10.9,189.639,0.01,0.012,0.007,32,
1986-01-25 02:53:22.486000+00:00,26858,58,577,1,-6.17,-1.05,1.206,6.374,6.374,10.907,189.66,0.012,0.007,0.008,32,
1986-01-25 02:53:24.406000+00:00,26858,58,609,1,-6.162,-1.054,1.196,6.365,6.365,10.828,189.703,0.008,0.012,0.01,32,
1986-01-25 02:53:26.326000+00:00,26858,58,641,1,-6.155,-1.039,1.199,6.356,6.356,10.871,189.577,0.009,0.013,0.006,32,
1986-01-25 02:53:28.246000+00:00,26858,58,673,1,-6.16,-1.048,1.202,6.363,6.363,10.887,189.658,0.011,0.008,0.01,32,
1986-01-25 02:53:30.166000+00:00,26858,58,705,1,-6.154,-1.051,1.21,6.359,6.359,10.97,189.689,0.009,0.01,0.013,32,
1986-01-25 02:53:32.086000+00:00,26858,58,737,1,-6.138,-1.04,1.22,6.344,6.344,11.084,189.611,0.011,0.01,0.007,32,
1986-01-25 02:53:34.006000+00:00,26858,58,769,1,-6.145,-1.047,1.22,6.352,6.352,11.069,189.672,0.017,0.006,0.009,32,
1986-01-25 02:53:35.926000+00:00,26858,59,1,1,-6.149,-1.044,1.222,6.356,6.356,11.088,189.635,0.015,0.008,0.01,32,
1986-01-25 02:53:37.846000+00:00,26858,59,33,1,-6.143,-1.054,1.213,6.35,6.35,11.015,189.732,0.008,0.008,0.015,32,
1986-01-25 02:53:39.766000+00:00,26858,59,65,1,-6.143,-1.046,1.21,6.348,6.348,10.99,189.661,0.011,0.015,0.008,32,
1986-01-25 02:53:41.686000+00:00,26858,59,97,1,-6.13,-1.037,1.205,6.333,6.333,10.968,189.597,0.011,0.007,0.009,32,
1986-01-25 02:53:43.606000+00:00,26858,59,129,1,-6.134,-1.041,1.211,6.339,6.339,11.011,189.633,0.006,0.009,0.017,32,
1986-01-25 02:53:45.526000+00:00,26858,59,161,1,-6.131,-1.04,1.214,6.336,6.336,11.047,189.623,0.011,0.012,0.009,32,
1986-01-25 02:53:47.446000+00:00,26858,59,193,1,-6.139,-1.05,1.217,6.346,6.346,11.053,189.704,0.011,0.007,0.008,32,
1986-01-25 02:53:49.366000+00:00,26858,59,225,1,-6.128,-1.047,1.222,6.336,6.336,11.125,189.697,0.007,0.01,0.014,32,
1986-01-25 02:53:51.286000+00:00,26858,59,257,1,-6.125,-1.043,1.216,6.331,6.331,11.07,189.661,0.01,0.018,0.006,32,
1986-01-25 02:53:53.206000+00:00,26858,59,289,1,-6.127,-1.043,1.221,6.333,6.333,11.112,189.661,0.013,0.007,0.008,32,
1986-01-25 02:53:55.126000+00:00,26858,59,321,1,-6.12,-1.044,1.211,6.326,6.326,11.041,189.682,0.01,0.009,0.013,32,
1986-01-25 02:53:57.046000+00:00,26858,59,353,1,-6.12,-1.037,1.219,6.326,6.326,11.111,189.619,0.009,0.009,0.01,32,
1986-01-25 02:53:58.966000+00:00,26858,59,385,1,-6.122,-1.037,1.222,6.329,6.329,11.134,189.611,0.015,0.008,0.009,32,
1986-01-25 02:54:00.886000+00:00,26858,59,417,1,-6.122,-1.044,1.209,6.327,6.327,11.015,189.678,0.007,0.011,0.015,32,
1986-01-25 02:54:02.806000+00:00,26858,59,449,1,-6.122,-1.041,1.218,6.328,6.328,11.1,189.647,0.008,0.014,0.007,32,
1986-01-25 02:54:04.726000+00:00,26858,59,481,1,-6.124,-1.034,1.215,6.328,6.328,11.07,189.582,0.012,0.008,0.012,32,
1986-01-25 02:54:06.646000+00:00,26858,59,513,1,-6.127,-1.039,1.211,6.332,6.332,11.025,189.623,0.009,0.007,0.011,32,
1986-01-25 02:54:08.566000+00:00,26858,59,545,1,-6.125,-1.046,1.212,6.331,6.331,11.034,189.694,0.008,0.016,0.008,32,
1986-01-25 02:54:10.486000+00:00,26858,59,577,1,-6.127,-1.044,1.215,6.333,6.333,11.062,189.674,0.013,0.006,0.008,32,
1986-01-25 02:54:12.406000+00:00,26858,59,609,1,-6.118,-1.05,1.211,6.325,6.325,11.04,189.74,0.007,0.008,0.02,32,
1986-01-25 02:54:14.326000+00:00,26858,59,641,1,-6.117,-1.049,1.211,6.323,6.323,11.042,189.733,0.009,0.012,0.009,32,
1986-01-25 02:54:16.246000+00:00,26858,59,673,1,-6.108,-1.048,1.208,6.314,6.314,11.03,189.736,0.011,0.009,0.011,32,
1986-01-25 02:54:18.166000+00:00,26858,59,705,1,-6.117,-1.05,1.215,6.324,6.324,11.078,189.742,0.009,0.011,0.015,32,
1986-01-25 02:54:20.086000+00:00,26858,59,737,1,-6.106,-1.056,1.21,6.313,6.313,11.05,189.812,0.011,0.009,0.01,32,
1986-01-25 02:54:22.006000+00:00,26858,59,769,1,-6.103,-1.045,1.21,6.309,6.309,11.06,189.714,0.011,0.008,0.012,32,
1986-01-25 02:54:23.926000+00:00,26859,0,1,1,-6.095,-1.039,1.211,6.3,6.3,11.08,189.677,0.013,0.008,0.009,32,
1986-01-25 02:54:25.846000+00:00,26859,0,33,1,-6.096,-1.042,1.206,6.301,6.301,11.034,189.702,0.009,0.009,0.012,32,
1986-01-25 02:54:27.766000+00:00,26859,0,65,1,-6.09,-1.036,1.214,6.296,6.296,11.118,189.65,0.008,0.014,0.007,32,
1986-01-25 02:54:29.686000+00:00,26859,0,97,1,-6.105,-1.043,1.21,6.31,6.31,11.058,189.692,0.012,0.008,0.011,32,
1986-01-25 02:54:31.606000+00:00,26859,0,129,1,-6.099,-1.038,1.203,6.303,6.303,11.002,189.662,0.008,0.009,0.014,32,
1986-01-25 02:54:33.526000+00:00,26859,0,161,1,-6.106,-1.04,1.206,6.31,6.311,11.022,189.666,0.011,0.015,0.007,32,
1986-01-25 02:54:35.446000+00:00,26859,0,193,1,-6.108,-1.043,1.209,6.313,6.313,11.042,189.687,0.011,0.009,0.011,32,
1986-01-25 02:54:37.366000+00:00,26859,0,225,1,-6.101,-1.054,1.202,6.307,6.307,10.983,189.798,0.008,0.01,0.013,32,
1986-01-25 02:54:39.286000+00:00,26859,0,257,1,-6.108,-1.051,1.205,6.313,6.313,11.001,189.761,0.009,0.014,0.008,32,
1986-01-25 02:54:41.206000+00:00,26859,0,289,1,-6.103,-1.049,1.204,6.309,6.309,11.006,189.75,0.01,0.006,0.008,32,
1986-01-25 02:54:43.126000+00:00,26859,0,321,1,-6.087,-1.041,1.211,6.293,6.293,11.095,189.704,0.007,0.011,0.014,32,
1986-01-25 02:54:45.046000+00:00,26859,0,353,1,-6.09,-1.038,1.208,6.295,6.295,11.065,189.672,0.011,0.015,0.007,32,
1986-01-25 02:54:46.966000+00:00,26859,0,385,1,-6.102,-1.038,1.206,6.306,6.306,11.026,189.652,0.013,0.007,0.01,32,
1986-01-25 02:54:48.886000+00:00,26859,0,417,1,-6.109,-1.043,1.209,6.315,6.315,11.038,189.69,0.006,0.01,0.011,32,
1986-01-25 02:54:50.806000+00:00,26859,0,449,1,-6.106,-1.053,1.204,6.312,6.312,10.992,189.786,0.01,0.012,0.008,32,
1986-01-25 02:54:52.726000+00:00,26859,0,481,1,-6.1,-1.055,1.2,6.306,6.306,10.966,189.815,0.013,0.009,0.009,32,
1986-01-25 02:54:54.646000+00:00,26859,0,513,1,-6.093,-1.045,1.201,6.298,6.298,10.997,189.733,0.008,0.01,0.014,32,
1986-01-25 02:54:56.566000+00:00,26859,0,545,1,-6.095,-1.049,1.208,6.302,6.302,11.053,189.769,0.012,0.014,0.008,32,
1986-01-25 02:54:58.486000+00:00,26859,0,577,1,-6.099,-1.043,1.211,6.305,6.305,11.073,189.704,0.011,0.007,0.009,32,
1986-01-25 02:55:00.406000+00:00,26859,0,609,1,-6.105,-1.043,1.213,6.311,6.312,11.079,189.69,0.007,0.008,0.013,32,
1986-01-25 02:55:02.326000+00:00,26859,0,641,1,-6.093,-1.04,1.216,6.3,6.3,11.129,189.682,0.012,0.011,0.009,32,
1986-01-25 02:55:04.246000+00:00,26859,0,673,1,-6.095,-1.039,1.215,6.301,6.302,11.121,189.67,0.012,0.008,0.01,32,
1986-01-25 02:55:06.166000+00:00,26859,0,705,1,-6.097,-1.034,1.213,6.301,6.302,11.095,189.629,0.006,0.009,0.014,32,
1986-01-25 02:55:08.086000+00:00,26859,0,737,1,-6.092,-1.036,1.215,6.298,6.298,11.128,189.655,0.008,0.011,0.008,32,
1986-01-25 02:55:10.006000+00:00,26859,0,769,1,-6.09,-1.038,1.208,6.295,6.295,11.066,189.672,0.014,0.007,0.008,32,
1986-01-25 02:55:11.926000+00:00,26859,1,1,1,-6.091,-1.03,1.212,6.295,6.295,11.098,189.598,0.009,0.006,0.012,32,
1986-01-25 02:55:13.846000+00:00,26859,1,33,1,-6.092,-1.026,1.22,6.297,6.297,11.175,189.56,0.009,0.012,0.011,32,
1986-01-25 02:55:15.766000+00:00,26859,1,65,1,-6.101,-1.035,1.208,6.305,6.305,11.045,189.63,0.009,0.013,0.008,32,
1986-01-25 02:55:17.686000+00:00,26859,1,97,1,-6.1,-1.043,1.205,6.305,6.305,11.017,189.702,0.014,0.006,0.007,32,
1986-01-25 02:55:19.606000+00:00,26859,1,129,1,-6.101,-1.036,1.198,6.303,6.303,10.953,189.64,0.007,0.008,0.011,32,
1986-01-25 02:55:21.526000+00:00,26859,1,161,1,-6.089,-1.043,1.197,6.292,6.292,10.964,189.718,0.011,0.01,0.01,32,
1986-01-25 02:55:23.446000+00:00,26859,1,193,1,-6.09,-1.027,1.2,6.291,6.291,11.0,189.569,0.01,0.009,0.012,32,
1986-01-25 02:55:25.366000+00:00,26859,1,225,1,-6.078,-1.033,1.202,6.281,6.281,11.035,189.65,0.008,0.01,0.013,32,
1986-01-25 02:55:27.286000+00:00,26859,1,257,1,-6.087,-1.035,1.206,6.291,6.291,11.052,189.648,0.013,0.014,0.009,32,
1986-01-25 02:55:29.206000+00:00,26859,1,289,1,-6.09,-1.039,1.202,6.294,6.294,11.011,189.677,0.014,0.008,0.011,32,
1986-01-25 02:55:31.126000+00:00,26859,1,321,1,-6.089,-1.032,1.199,6.291,6.291,10.988,189.62,0.008,0.012,0.011,32,
1986-01-25 02:55:33.046000+00:00,26859,1,353,1,-6.079,-1.024,1.202,6.281,6.281,11.035,189.564,0.008,0.012,0.011,32,
1986-01-25 02:55:34.966000+00:00,26859,1,385,1,-6.081,-1.022,1.205,6.283,6.283,11.062,189.537,0.012,0.009,0.012,32,
1986-01-25 02:55:36.886000+00:00,26859,1,417,1,-6.088,-1.017,1.205,6.288,6.288,11.046,189.483,0.01,0.011,0.011,32,
1986-01-25 02:55:38.806000+00:00,26859,1,449,1,-6.089,-1.017,1.199,6.289,6.289,10.991,189.479,0.009,0.013,0.009,32,
1986-01-25 02:55:40.726000+00:00,26859,1,481,1,-6.081,-1.013,1.209,6.282,6.282,11.095,189.457,0.014,0.01,0.011,32,
1986-01-25 02:55:42.646000+00:00,26859,1,513,1,-6.08,-1.011,1.215,6.283,6.283,11.153,189.442,0.008,0.01,0.013,32,
1986-01-25 02:55:44.566000+00:00,26859,1,545,1,-6.081,-1.014,1.215,6.284,6.284,11.144,189.463,0.011,0.012,0.01,32,
1986-01-25 02:55:46.486000+00:00,26859,1,577,1,-6.082,-1.02,1.209,6.284,6.284,11.091,189.522,0.016,0.007,0.01,32,
1986-01-25 02:55:48.406000+00:00,26859,1,609,1,-6.088,-1.018,1.225,6.293,6.293,11.229,189.496,0.01,0.008,0.014,32,
1986-01-25 02:55:50.326000+00:00,26859,1,641,1,-6.079,-1.016,1.222,6.283,6.283,11.217,189.49,0.011,0.007,0.008,32,
1986-01-25 02:55:52.246000+00:00,26859,1,673,1,-6.092,-1.018,1.211,6.294,6.294,11.093,189.485,0.012,0.008,0.008,32,
1986-01-25 02:55:54.166000+00:00,26859,1,705,1,-6.079,-1.02,1.213,6.282,6.282,11.137,189.527,0.008,0.009,0.011,32,
1986-01-25 02:55:56.086000+00:00,26859,1,737,1,-6.079,-1.023,1.21,6.282,6.282,11.105,189.55,0.011,0.011,0.009,32,
1986-01-25 02:55:58.006000+00:00,26859,1,769,1,-6.084,-1.008,1.222,6.286,6.286,11.206,189.413,0.015,0.009,0.012,32,
1986-01-25 02:55:59.926000+00:00,26859,2,1,1,-6.074,-1.014,1.224,6.278,6.278,11.24,189.481,0.012,0.008,0.009,32,
1986-01-25 02:56:01.846000+00:00,26859,2,33,1,-6.074,-1.007,1.221,6.277,6.277,11.214,189.411,0.009,0.007,0.013,32,
1986-01-25 02:56:03.766000+00:00,26859,2,65,1,-6.072,-1.004,1.223,6.275,6.275,11.239,189.393,0.011,0.012,0.011,32,
1986-01-25 02:56:05.686000+00:00,26859,2,97,1,-6.083,-1.003,1.225,6.285,6.285,11.236,189.366,0.016,0.009,0.013,32,
1986-01-25 02:56:07.606000+00:00,26859,2,129,1,-6.08,-1.0,1.221,6.282,6.282,11.207,189.336,0.008,0.013,0.013,32,
1986-01-25 02:56:09.526000+00:00,26859,2,161,1,-6.075,-1.005,1.219,6.277,6.277,11.196,189.392,0.012,0.011,0.008,32,
1986-01-25 02:56:11.446000+00:00,26859,2,193,1,-6.083,-1.01,1.217,6.285,6.285,11.167,189.423,0.011,0.007,0.01,32,
1986-01-25 02:56:13.366000+00:00,26859,2,225,1,-6.084,-1.014,1.214,6.286,6.286,11.138,189.467,0.007,0.011,0.012,32,
1986-01-25 02:56:15.286000+00:00,26859,2,257,1,-6.088,-1.004,1.218,6.289,6.289,11.17,189.362,0.01,0.01,0.007,32,
1986-01-25 02:56:17.206000+00:00,26859,2,289,1,-6.085,-1.006,1.228,6.289,6.289,11.257,189.387,0.013,0.008,0.008,32,
1986-01-25 02:56:19.126000+00:00,26859,2,321,1,-6.075,-1.006,1.214,6.277,6.277,11.151,189.4,0.008,0.01,0.014,32,
1986-01-25 02:56:21.046000+00:00,26859,2,353,1,-6.073,-1.012,1.216,6.276,6.276,11.169,189.459,0.011,0.014,0.01,32,
1986-01-25 02:56:22.966000+00:00,26859,2,385,1,-6.071,-1.006,1.222,6.274,6.274,11.234,189.405,0.009,0.008,0.011,32,
1986-01-25 02:56:24.886000+00:00,26859,2,417,1,-6.073,-1.007,1.213,6.275,6.275,11.149,189.41,0.01,0.008,0.011,32,
1986-01-25 02:56:26.806000+00:00,26859,2,449,1,-6.074,-0.996,1.216,6.274,6.274,11.176,189.311,0.012,0.009,0.009,32,
1986-01-25 02:56:28.726000+00:00,26859,2,481,1,-6.068,-1.001,1.214,6.269,6.269,11.169,189.366,0.013,0.009,0.01,32,
1986-01-25 02:56:30.646000+00:00,26859,2,513,1,-6.068,-0.999,1.212,6.268,6.268,11.152,189.351,0.01,0.01,0.013,32,
1986-01-25 02:56:32.566000+00:00,26859,2,545,1,-6.069,-1.008,1.223,6.272,6.272,11.242,189.426,0.012,0.013,0.01,32,
1986-01-25 02:56:34.486000+00:00,26859,2,577,1,-6.076,-1.007,1.212,6.277,6.277,11.136,189.408,0.015,0.008,0.009,32,
1986-01-25 02:56:36.406000+00:00,26859,2,609,1,-6.075,-1.005,1.222,6.278,6.278,11.228,189.395,0.008,0.011,0.012,32,
1986-01-25 02:56:38.326000+00:00,26859,2,641,1,-6.079,-1.0,1.226,6.282,6.282,11.253,189.34,0.01,0.009,0.009,32,
1986-01-25 02:56:40.246000+00:00,26859,2,673,1,-6.071,-1.004,1.22,6.273,6.273,11.211,189.386,0.01,0.008,0.01,32,
1986-01-25 02:56:42.166000+00:00,26859,2,705,1,-6.064,-1.009,1.226,6.269,6.269,11.282,189.449,0.009,0.008,0.014,32,
1986-01-25 02:56:44.086000+00:00,26859,2,737,1,-6.072,-1.009,1.224,6.276,6.276,11.249,189.432,0.009,0.013,0.008,32,
1986-01-25 02:56:46.006000+00:00,26859,2,769,1,-6.063,-1.004,1.229,6.268,6.268,11.312,189.4,0.015,0.008,0.01,32,
1986-01-25 02:56:47.926000+00:00,26859,3,1,1,-6.073,-0.999,1.246,6.279,6.279,11.446,189.338,0.018,0.008,0.012,32,
1986-01-25 02:56:49.846000+00:00,26859,3,33,1,-6.058,-0.995,1.25,6.265,6.265,11.512,189.324,0.007,0.013,0.012,32,
1986-01-25 02:56:51.766000+00:00,26859,3,65,1,-6.062,-1.008,1.241,6.269,6.269,11.417,189.436,0.01,0.01,0.013,32,
1986-01-25 02:56:53.686000+00:00,26859,3,97,1,-6.074,-1.005,1.249,6.282,6.282,11.47,189.391,0.009,0.01,0.009,32,
1986-01-25 02:56:55.606000+00:00,26859,3,129,1,-6.067,-1.003,1.244,6.274,6.274,11.437,189.389,0.008,0.008,0.013,32,
1986-01-25 02:56:57.526000+00:00,26859,3,161,1,-6.056,-1.004,1.237,6.262,6.262,11.391,189.411,0.009,0.016,0.009,32,
1986-01-25 02:56:59.446000+00:00,26859,3,193,1,-6.065,-1.002,1.232,6.269,6.269,11.338,189.379,0.01,0.01,0.013,32,
1986-01-25 02:57:01.366000+00:00,26859,3,225,1,-6.07,-1.011,1.228,6.275,6.275,11.286,189.457,0.009,0.008,0.012,32,
1986-01-25 02:57:03.286000+00:00,26859,3,257,1,-6.074,-1.003,1.237,6.279,6.279,11.36,189.381,0.012,0.011,0.011,32,
1986-01-25 02:57:05.206000+00:00,26859,3,289,1,-6.065,-0.994,1.239,6.27,6.27,11.399,189.307,0.012,0.009,0.011,32,
1986-01-25 02:57:07.126000+00:00,26859,3,321,1,-6.063,-0.993,1.244,6.268,6.269,11.443,189.3,0.009,0.009,0.014,32,
1986-01-25 02:57:09.046000+00:00,26859,3,353,1,-6.066,-0.993,1.247,6.272,6.272,11.466,189.296,0.01,0.013,0.008,32,
1986-01-25 02:57:10.966000+00:00,26859,3,385,1,-6.071,-0.99,1.243,6.275,6.275,11.424,189.263,0.01,0.007,0.012,32,
1986-01-25 02:57:12.886000+00:00,26859,3,417,1,-6.076,-0.993,1.243,6.281,6.281,11.416,189.284,0.01,0.008,0.013,32,
1986-01-25 02:57:14.806000+00:00,26859,3,449,1,-6.062,-0.994,1.221,6.263,6.263,11.239,189.307,0.01,0.012,0.007,32,
1986-01-25 02:57:16.726000+00:00,26859,3,481,1,-6.078,-0.997,1.208,6.277,6.277,11.094,189.319,0.016,0.007,0.01,32,
1986-01-25 02:57:18.646000+00:00,26859,3,513,1,-6.079,-0.994,1.2,6.276,6.276,11.024,189.29,0.006,0.011,0.014,32,
1986-01-25 02:57:20.566000+00:00,26859,3,545,1,-6.078,-0.995,1.192,6.273,6.273,10.952,189.295,0.011,0.013,0.009,32,
1986-01-25 02:57:22.486000+00:00,26859,3,577,1,-6.087,-0.982,1.197,6.28,6.28,10.989,189.162,0.015,0.01,0.01,32,
1986-01-25 02:57:24.406000+00:00,26859,3,609,1,-6.089,-0.983,1.201,6.283,6.283,11.016,189.17,0.009,0.009,0.015,32,
1986-01-25 02:57:26.326000+00:00,26859,3,641,1,-6.088,-0.978,1.187,6.28,6.28,10.897,189.127,0.008,0.013,0.008,32,
1986-01-25 02:57:28.246000+00:00,26859,3,673,1,-6.087,-0.976,1.191,6.279,6.279,10.933,189.106,0.014,0.009,0.011,32,
1986-01-25 02:57:30.166000+00:00,26859,3,705,1,-6.091,-0.971,1.201,6.284,6.284,11.017,189.06,0.009,0.009,0.01,32,
1986-01-25 02:57:32.086000+00:00,26859,3,737,1,-6.094,-0.975,1.195,6.286,6.286,10.955,189.089,0.01,0.009,0.008,32,
1986-01-25 02:57:34.006000+00:00,26859,3,769,1,-6.099,-0.963,1.206,6.291,6.291,11.055,188.971,0.014,0.006,0.009,32,
1986-01-25 02:57:35.925000+00:00,26859,4,1,1,-6.091,-0.965,1.202,6.283,6.283,11.03,189.002,0.014,0.009,0.009,32,
1986-01-25 02:57:37.845000+00:00,26859,4,33,1,-6.095,-0.968,1.19,6.285,6.285,10.916,189.021,0.01,0.01,0.014,32,
1986-01-25 02:57:39.765000+00:00,26859,4,65,1,-6.096,-0.969,1.2,6.288,6.288,10.998,189.029,0.01,0.011,0.009,32,
1986-01-25 02:57:41.685000+00:00,26859,4,97,1,-6.093,-0.963,1.205,6.285,6.285,11.049,188.981,0.01,0.008,0.014,32,
1986-01-25 02:57:43.605000+00:00,26859,4,129,1,-6.083,-0.972,1.201,6.276,6.276,11.031,189.079,0.007,0.01,0.015,32,
1986-01-25 02:57:45.525000+00:00,26859,4,161,1,-6.078,-0.978,1.197,6.271,6.271,11.003,189.141,0.008,0.015,0.008,32,
1986-01-25 02:57:47.445000+00:00,26859,4,193,1,-6.08,-0.977,1.197,6.273,6.273,11.002,189.125,0.013,0.008,0.013,32,
1986-01-25 02:57:49.365000+00:00,26859,4,225,1,-6.084,-0.972,1.213,6.279,6.279,11.135,189.079,0.009,0.012,0.015,32,
1986-01-25 02:57:51.285000+00:00,26859,4,257,1,-6.089,-0.98,1.216,6.286,6.286,11.15,189.139,0.011,0.013,0.009,32,
1986-01-25 02:57:53.205000+00:00,26859,4,289,1,-6.084,-0.976,1.211,6.28,6.28,11.119,189.116,0.013,0.008,0.008,32,
1986-01-25 02:57:55.125000+00:00,26859,4,321,1,-6.08,-0.979,1.209,6.276,6.276,11.11,189.145,0.009,0.012,0.014,32,
1986-01-25 02:57:57.045000+00:00,26859,4,353,1,-6.079,-0.986,1.206,6.275,6.275,11.079,189.214,0.009,0.011,0.006,32,
1986-01-25 02:57:58.965000+00:00,26859,4,385,1,-6.086,-0.962,1.225,6.282,6.282,11.242,188.982,0.018,0.011,0.008,32,
1986-01-25 02:58:00.885000+00:00,26859,4,417,1,-6.082,-0.959,1.222,6.277,6.277,11.23,188.959,0.011,0.01,0.012,32,
1986-01-25 02:58:02.805000+00:00,26859,4,449,1,-6.09,-0.954,1.227,6.285,6.285,11.26,188.9,0.012,0.01,0.008,32,
1986-01-25 02:58:04.725000+00:00,26859,4,481,1,-6.085,-0.965,1.222,6.281,6.281,11.216,189.015,0.015,0.01,0.01,32,
1986-01-25 02:58:06.645000+00:00,26859,4,513,1,-6.08,-0.968,1.222,6.276,6.276,11.226,189.049,0.009,0.009,0.014,32,
1986-01-25 02:58:08.565000+00:00,26859,4,545,1,-6.076,-0.962,1.219,6.271,6.271,11.206,188.997,0.01,0.015,0.008,32,
1986-01-25 02:58:10.485000+00:00,26859,4,577,1,-6.065,-0.967,1.219,6.262,6.262,11.222,189.063,0.014,0.01,0.008,32,
1986-01-25 02:58:12.405000+00:00,26859,4,609,1,-6.064,-0.97,1.219,6.261,6.261,11.23,189.089,0.007,0.012,0.015,32,
1986-01-25 02:58:14.325000+00:00,26859,4,641,1,-6.067,-0.967,1.229,6.265,6.265,11.317,189.053,0.008,0.012,0.008,32,
1986-01-25 02:58:16.245000+00:00,26859,4,673,1,-6.067,-0.969,1.223,6.265,6.265,11.261,189.075,0.016,0.008,0.01,32,
1986-01-25 02:58:18.165000+00:00,26859,4,705,1,-6.071,-0.962,1.231,6.269,6.269,11.324,189.006,0.009,0.01,0.017,32,
1986-01-25 02:58:20.085000+00:00,26859,4,737,1,-6.06,-0.952,1.234,6.257,6.258,11.369,188.929,0.01,0.012,0.009,32,
1986-01-25 02:58:22.005000+00:00,26859,4,769,1,-6.061,-0.964,1.216,6.257,6.257,11.203,189.04,0.013,0.009,0.009,32,
1986-01-25 02:58:23.925000+00:00,26859,5,1,1,-6.062,-0.961,1.219,6.258,6.258,11.233,189.004,0.01,0.009,0.008,32,
1986-01-25 02:58:25.845000+00:00,26859,5,33,1,-6.062,-0.956,1.222,6.258,6.258,11.258,188.959,0.01,0.008,0.01,32,
1986-01-25 02:58:27.765000+00:00,26859,5,65,1,-6.057,-0.952,1.225,6.252,6.252,11.303,188.929,0.011,0.015,0.01,32,
1986-01-25 02:58:29.685000+00:00,26859,5,97,1,-6.052,-0.958,1.214,6.247,6.247,11.203,188.997,0.013,0.009,0.009,32,
1986-01-25 02:58:31.605000+00:00,26859,5,129,1,-6.057,-0.954,1.223,6.252,6.253,11.275,188.947,0.009,0.007,0.015,32,
1986-01-25 02:58:33.525000+00:00,26859,5,161,1,-6.062,-0.961,1.213,6.256,6.256,11.18,189.009,0.01,0.014,0.009,32,
1986-01-25 02:58:35.445000+00:00,26859,5,193,1,-6.041,-0.956,1.22,6.237,6.237,11.282,188.994,0.01,0.008,0.012,32,
1986-01-25 02:58:37.365000+00:00,26859,5,225,1,-6.033,-0.947,1.224,6.228,6.228,11.334,188.917,0.012,0.007,0.014,32,
1986-01-25 02:58:39.285000+00:00,26859,5,257,1,-6.045,-0.939,1.233,6.24,6.24,11.397,188.833,0.01,0.012,0.009,32,
1986-01-25 02:58:41.205000+00:00,26859,5,289,1,-6.047,-0.942,1.237,6.243,6.243,11.429,188.858,0.014,0.008,0.009,32,
1986-01-25 02:58:43.125000+00:00,26859,5,321,1,-6.04,-0.952,1.232,6.238,6.238,11.394,188.954,0.009,0.016,0.009,32,
1986-01-25 02:58:45.045000+00:00,26859,5,353,1,-6.036,-0.947,1.233,6.233,6.233,11.413,188.919,0.01,0.012,0.008,32,
1986-01-25 02:58:46.965000+00:00,26859,5,385,1,-6.031,-0.946,1.239,6.23,6.23,11.476,188.915,0.013,0.009,0.012,32,
1986-01-25 02:58:48.885000+00:00,26859,5,417,1,-6.039,-0.945,1.239,6.237,6.237,11.456,188.893,0.01,0.01,0.014,32,
1986-01-25 02:58:50.805000+00:00,26859,5,449,1,-6.036,-0.95,1.23,6.233,6.233,11.386,188.944,0.01,0.014,0.01,32,
1986-01-25 02:58:52.725000+00:00,26859,5,481,1,-6.032,-0.941,1.234,6.228,6.228,11.426,188.869,0.012,0.007,0.009,32,
1986-01-25 02:58:54.645000+00:00,26859,5,513,1,-6.034,-0.938,1.238,6.231,6.231,11.457,188.834,0.008,0.01,0.012,32,
1986-01-25 02:58:56.565000+00:00,26859,5,545,1,-6.031,-0.941,1.236,6.228,6.228,11.443,188.87,0.009,0.012,0.009,32,
1986-01-25 02:58:58.485000+00:00,26859,5,577,1,-6.029,-0.948,1.23,6.226,6.226,11.399,188.935,0.01,0.008,0.012,32,
1986-01-25 02:59:00.405000+00:00,26859,5,609,1,-6.034,-0.942,1.235,6.231,6.231,11.428,188.872,0.01,0.009,0.014,32,
1986-01-25 02:59:02.325000+00:00,26859,5,641,1,-6.04,-0.941,1.236,6.236,6.236,11.433,188.851,0.011,0.013,0.009,32,
1986-01-25 02:59:04.245000+00:00,26859,5,673,1,-6.035,-0.943,1.227,6.23,6.23,11.358,188.884,0.012,0.008,0.016,32,
1986-01-25 02:59:06.165000+00:00,26859,5,705,1,-6.026,-0.939,1.227,6.221,6.221,11.375,188.854,0.01,0.008,0.012,32,
1986-01-25 02:59:08.085000+00:00,26859,5,737,1,-6.02,-0.936,1.244,6.218,6.218,11.544,188.839,0.008,0.013,0.01,32,
1986-01-25 02:59:10.005000+00:00,26859,5,769,1,-6.024,-0.942,1.242,6.222,6.222,11.514,188.892,0.013,0.009,0.013,32,
1986-01-25 02:59:11.925000+00:00,26859,6,1,1,-6.016,-0.926,1.252,6.214,6.214,11.62,188.747,0.01,0.009,0.011,32,
1986-01-25 02:59:13.845000+00:00,26859,6,33,1,-6.027,-0.921,1.254,6.225,6.225,11.624,188.691,0.008,0.009,0.012,32,
1986-01-25 02:59:15.765000+00:00,26859,6,65,1,-6.033,-0.933,1.25,6.232,6.232,11.574,188.789,0.011,0.012,0.006,32,
1986-01-25 02:59:17.685000+00:00,26859,6,97,1,-6.024,-0.931,1.242,6.221,6.221,11.518,188.782,0.01,0.009,0.008,32,
1986-01-25 02:59:19.605000+00:00,26859,6,129,1,-6.022,-0.925,1.249,6.22,6.22,11.586,188.728,0.009,0.012,0.014,32,
1986-01-25 02:59:21.525000+00:00,26859,6,161,1,-6.018,-0.933,1.249,6.217,6.217,11.586,188.81,0.01,0.012,0.006,32,
1986-01-25 02:59:23.445000+00:00,26859,6,193,1,-6.015,-0.936,1.252,6.215,6.215,11.622,188.841,0.012,0.007,0.011,32,
1986-01-25 02:59:25.365000+00:00,26859,6,225,1,-6.01,-0.909,1.261,6.208,6.208,11.716,188.602,0.011,0.011,0.015,32,
1986-01-25 02:59:27.285000+00:00,26859,6,257,1,-6.012,-0.925,1.257,6.211,6.211,11.672,188.743,0.01,0.011,0.01,32,
1986-01-25 02:59:29.205000+00:00,26859,6,289,1,-6.019,-0.925,1.259,6.218,6.218,11.677,188.74,0.012,0.007,0.011,32,
1986-01-25 02:59:31.125000+00:00,26859,6,321,1,-6.011,-0.939,1.246,6.21,6.21,11.577,188.878,0.01,0.011,0.014,32,
1986-01-25 02:59:33.045000+00:00,26859,6,353,1,-5.997,-0.928,1.247,6.196,6.196,11.611,188.796,0.01,0.011,0.006,32,
1986-01-25 02:59:34.965000+00:00,26859,6,385,1,-6.01,-0.926,1.249,6.208,6.208,11.61,188.761,0.01,0.009,0.009,32,
1986-01-25 02:59:36.885000+00:00,26859,6,417,1,-6.006,-0.937,1.25,6.206,6.206,11.622,188.863,0.012,0.011,0.012,32,
1986-01-25 02:59:38.805000+00:00,26859,6,449,1,-6.009,-0.939,1.245,6.208,6.208,11.566,188.883,0.01,0.015,0.01,32,
1986-01-25 02:59:40.725000+00:00,26859,6,481,1,-6.01,-0.941,1.247,6.21,6.21,11.584,188.897,0.011,0.006,0.007,32,
1986-01-25 02:59:42.645000+00:00,26859,6,513,1,-6.007,-0.941,1.239,6.205,6.205,11.52,188.9,0.009,0.009,0.011,32,
1986-01-25 02:59:44.565000+00:00,26859,6,545,1,-6.004,-0.939,1.242,6.203,6.203,11.554,188.89,0.01,0.013,0.008,32,
1986-01-25 02:59:46.485000+00:00,26859,6,577,1,-6.006,-0.944,1.245,6.206,6.206,11.571,188.934,0.009,0.008,0.012,32,
1986-01-25 02:59:48.405000+00:00,26859,6,609,1,-6.006,-0.939,1.252,6.207,6.207,11.635,188.887,0.008,0.011,0.014,32,
1986-01-25 02:59:50.325000+00:00,26859,6,641,1,-5.996,-0.934,1.253,6.196,6.196,11.665,188.85,0.009,0.011,0.008,32,
1986-01-25 02:59:52.245000+00:00,26859,6,673,1,-5.99,-0.938,1.236,6.188,6.188,11.524,188.898,0.014,0.005,0.009,32,
1986-01-25 02:59:54.165000+00:00,26859,6,705,1,-5.983,-0.943,1.232,6.181,6.181,11.498,188.952,0.009,0.012,0.014,32,
1986-01-25 02:59:56.085000+00:00,26859,6,737,1,-5.986,-0.944,1.239,6.185,6.185,11.552,188.961,0.011,0.012,0.009,32,
1986-01-25 02:59:58.005000+00:00,26859,6,769,1,-5.983,-0.932,1.24,6.181,6.181,11.572,188.854,0.014,0.009,0.009,32,
1986-01-25 02:59:59.925000+00:00,26859,7,1,1,-5.989,-0.934,1.24,6.187,6.187,11.56,188.861,0.01,0.007,0.013,32,
1986-01-25 03:00:01.845000+00:00,26859,7,33,1,-5.995,-0.93,1.226,6.189,6.189,11.424,188.814,0.009,0.009,0.014,32,
1986-01-25 03:00:03.765000+00:00,26859,7,65,1,-5.996,-0.922,1.24,6.192,6.192,11.549,188.745,0.01,0.011,0.007,32,
1986-01-25 03:00:05.685000+00:00,26859,7,97,1,-5.989,-0.925,1.235,6.185,6.185,11.518,188.78,0.009,0.006,0.01,32,
1986-01-25 03:00:07.605000+00:00,26859,7,129,1,-5.984,-0.942,1.237,6.183,6.183,11.541,188.945,0.009,0.009,0.011,32,
1986-01-25 03:00:09.525000+00:00,26859,7,161,1,-5.983,-0.931,1.24,6.18,6.18,11.576,188.847,0.011,0.017,0.008,32,
1986-01-25 03:00:11.445000+00:00,26859,7,193,1,-5.982,-0.928,1.238,6.179,6.179,11.558,188.821,0.014,0.006,0.008,32,
1986-01-25 03:00:13.365000+00:00,26859,7,225,1,-5.978,-0.932,1.236,6.176,6.176,11.548,188.859,0.009,0.01,0.011,32,
1986-01-25 03:00:15.285000+00:00,26859,7,257,1,-5.977,-0.928,1.25,6.177,6.177,11.674,188.826,0.012,0.012,0.011,32,
1986-01-25 03:00:17.205000+00:00,26859,7,289,1,-5.978,-0.932,1.241,6.176,6.176,11.588,188.865,0.015,0.009,0.012,32,
1986-01-25 03:00:19.125000+00:00,26859,7,321,1,-5.983,-0.935,1.244,6.183,6.183,11.61,188.884,0.009,0.008,0.013,32,
1986-01-25 03:00:21.045000+00:00,26859,7,353,1,-5.977,-0.926,1.256,6.177,6.177,11.734,188.802,0.009,0.013,0.007,32,
1986-01-25 03:00:22.965000+00:00,26859,7,385,1,-5.968,-0.926,1.264,6.17,6.17,11.82,188.816,0.014,0.007,0.01,32,
1986-01-25 03:00:24.885000+00:00,26859,7,417,1,-5.972,-0.923,1.266,6.174,6.174,11.828,188.782,0.008,0.01,0.009,32,
1986-01-25 03:00:26.805000+00:00,26859,7,449,1,-5.971,-0.92,1.257,6.171,6.171,11.755,188.756,0.011,0.01,0.008,32,
1986-01-25 03:00:28.725000+00:00,26859,7,481,1,-5.975,-0.923,1.256,6.175,6.175,11.737,188.784,0.013,0.006,0.009,32,
1986-01-25 03:00:30.645000+00:00,26859,7,513,1,-5.978,-0.923,1.256,6.178,6.178,11.732,188.781,0.008,0.009,0.011,32,
1986-01-25 03:00:32.565000+00:00,26859,7,545,1,-5.975,-0.915,1.259,6.174,6.174,11.77,188.708,0.012,0.016,0.008,32,
1986-01-25 03:00:34.485000+00:00,26859,7,577,1,-5.966,-0.929,1.239,6.164,6.164,11.597,188.853,0.019,0.008,0.011,32,
1986-01-25 03:00:36.405000+00:00,26859,7,609,1,-5.968,-0.919,1.248,6.167,6.167,11.68,188.758,0.007,0.011,0.01,32,
1986-01-25 03:00:38.325000+00:00,26859,7,641,1,-5.971,-0.916,1.261,6.171,6.171,11.795,188.724,0.01,0.015,0.007,32,
1986-01-25 03:00:40.245000+00:00,26859,7,673,1,-5.972,-0.915,1.265,6.173,6.173,11.823,188.711,0.017,0.01,0.01,32,
1986-01-25 03:00:42.165000+00:00,26859,7,705,1,-5.96,-0.925,1.247,6.159,6.159,11.683,188.818,0.009,0.012,0.011,32,
1986-01-25 03:00:44.085000+00:00,26859,7,737,1,-5.959,-0.926,1.247,6.158,6.158,11.686,188.833,0.01,0.016,0.007,32,
1986-01-25 03:00:46.005000+00:00,26859,7,769,1,-5.969,-0.933,1.245,6.168,6.168,11.644,188.886,0.013,0.006,0.009,32,
1986-01-25 03:00:47.925000+00:00,26859,8,1,1,-5.96,-0.923,1.253,6.16,6.16,11.739,188.808,0.015,0.009,0.011,32,
1986-01-25 03:00:49.845000+00:00,26859,8,33,1,-5.956,-0.924,1.249,6.155,6.155,11.703,188.815,0.009,0.011,0.011,32,
1986-01-25 03:00:51.765000+00:00,26859,8,65,1,-5.957,-0.931,1.245,6.157,6.157,11.67,188.885,0.015,0.018,0.008,32,
1986-01-25 03:00:53.685000+00:00,26859,8,97,1,-5.959,-0.931,1.254,6.161,6.161,11.741,188.881,0.011,0.008,0.011,32,
1986-01-25 03:00:55.605000+00:00,26859,8,129,1,-5.954,-0.932,1.237,6.152,6.152,11.596,188.898,0.008,0.009,0.014,32,
1986-01-25 03:00:57.525000+00:00,26859,8,161,1,-5.941,-0.934,1.242,6.14,6.141,11.673,188.936,0.011,0.018,0.008,32,
1986-01-25 03:00:59.445000+00:00,26859,8,193,1,-5.946,-0.93,1.232,6.143,6.143,11.571,188.892,0.011,0.008,0.012,32,
1986-01-25 03:01:01.365000+00:00,26859,8,225,1,-5.948,-0.929,1.234,6.146,6.146,11.584,188.877,0.009,0.01,0.013,32,
1986-01-25 03:01:03.285000+00:00,26859,8,257,1,-5.951,-0.936,1.226,6.148,6.148,11.506,188.939,0.013,0.014,0.009,32,
1986-01-25 03:01:05.205000+00:00,26859,8,289,1,-5.954,-0.92,1.237,6.15,6.15,11.601,188.785,0.014,0.007,0.009,32,
1986-01-25 03:01:07.125000+00:00,26859,8,321,1,-5.944,-0.919,1.232,6.14,6.14,11.578,188.793,0.009,0.01,0.011,32,
1986-01-25 03:01:09.045000+00:00,26859,8,353,1,-5.942,-0.923,1.22,6.136,6.136,11.472,188.834,0.01,0.015,0.009,32,
1986-01-25 03:01:10.965000+00:00,26859,8,385,1,-5.951,-0.92,1.227,6.146,6.146,11.519,188.788,0.016,0.01,0.009,32,
1986-01-25 03:01:12.885000+00:00,26859,8,417,1,-5.952,-0.921,1.236,6.148,6.148,11.597,188.798,0.007,0.011,0.012,32,
1986-01-25 03:01:14.805000+00:00,26859,8,449,1,-5.955,-0.924,1.232,6.151,6.151,11.55,188.821,0.012,0.01,0.009,32,
1986-01-25 03:01:16.725000+00:00,26859,8,481,1,-5.955,-0.928,1.225,6.15,6.15,11.493,188.86,0.014,0.01,0.009,32,
1986-01-25 03:01:18.645000+00:00,26859,8,513,1,-5.948,-0.917,1.23,6.143,6.143,11.548,188.768,0.006,0.01,0.014,32,
1986-01-25 03:01:20.565000+00:00,26859,8,545,1,-5.942,-0.921,1.231,6.138,6.138,11.565,188.813,0.012,0.012,0.011,32,
1986-01-25 03:01:22.485000+00:00,26859,8,577,1,-5.946,-0.915,1.232,6.141,6.141,11.57,188.749,0.011,0.01,0.01,32,
1986-01-25 03:01:24.405000+00:00,26859,8,609,1,-5.944,-0.913,1.234,6.139,6.139,11.592,188.735,0.011,0.013,0.012,32,
1986-01-25 03:01:26.325000+00:00,26859,8,641,1,-5.929,-0.916,1.224,6.123,6.123,11.529,188.787,0.012,0.011,0.006,32,
1986-01-25 03:01:28.245000+00:00,26859,8,673,1,-5.933,-0.912,1.223,6.126,6.126,11.511,188.743,0.015,0.008,0.012,32,
1986-01-25 03:01:30.165000+00:00,26859,8,705,1,-5.935,-0.907,1.228,6.129,6.129,11.563,188.692,0.008,0.008,0.013,32,
1986-01-25 03:01:32.085000+00:00,26859,8,737,1,-5.935,-0.912,1.227,6.129,6.129,11.553,188.736,0.011,0.012,0.01,32,
1986-01-25 03:01:34.005000+00:00,26859,8,769,1,-5.937,-0.915,1.236,6.133,6.133,11.629,188.759,0.011,0.009,0.01,32,
1986-01-25 03:01:35.925000+00:00,26859,9,1,1,-5.936,-0.915,1.237,6.132,6.132,11.636,188.764,0.009,0.007,0.009,32,
1986-01-25 03:01:37.845000+00:00,26859,9,33,1,-5.929,-0.91,1.24,6.125,6.125,11.676,188.726,0.009,0.007,0.012,32,
1986-01-25 03:01:39.765000+00:00,26859,9,65,1,-5.92,-0.909,1.238,6.116,6.116,11.682,188.73,0.009,0.013,0.007,32,
1986-01-25 03:01:41.685000+00:00,26859,9,97,1,-5.924,-0.913,1.233,6.12,6.12,11.621,188.759,0.012,0.01,0.011,32,
1986-01-25 03:01:43.605000+00:00,26859,9,129,1,-5.922,-0.904,1.237,6.117,6.117,11.671,188.679,0.009,0.011,0.01,32,
1986-01-25 03:01:45.525000+00:00,26859,9,161,1,-5.911,-0.913,1.231,6.107,6.107,11.631,188.778,0.008,0.016,0.007,32,
1986-01-25 03:01:47.445000+00:00,26859,9,193,1,-5.918,-0.9,1.24,6.113,6.113,11.704,188.648,0.012,0.01,0.009,32,
1986-01-25 03:01:49.365000+00:00,26859,9,225,1,-5.921,-0.906,1.23,6.115,6.115,11.609,188.697,0.009,0.01,0.014,32,
1986-01-25 03:01:51.285000+00:00,26859,9,257,1,-5.925,-0.915,1.225,6.119,6.119,11.552,188.783,0.011,0.013,0.008,32,
1986-01-25 03:01:53.205000+00:00,26859,9,289,1,-5.916,-0.91,1.225,6.109,6.109,11.563,188.742,0.013,0.01,0.013,32,
1986-01-25 03:01:55.125000+00:00,26859,9,321,1,-5.913,-0.911,1.225,6.107,6.107,11.572,188.758,0.01,0.01,0.016,32,
1986-01-25 03:01:57.045000+00:00,26859,9,353,1,-5.915,-0.911,1.222,6.108,6.108,11.543,188.76,0.008,0.012,0.006,32,
1986-01-25 03:01:58.965000+00:00,26859,9,385,1,-5.902,-0.907,1.217,6.094,6.094,11.519,188.741,0.012,0.006,0.013,16,
1986-01-25 03:02:00.885000+00:00,26859,9,417,1,,,,,,,,,,,0,
1986-01-25 03:02:02.805000+00:00,26859,9,449,1,-5.912,-0.91,1.224,6.106,6.106,11.562,188.751,0.008,,0.008,20,
1986-01-25 03:02:04.725000+00:00,26859,9,481,1,-5.909,-0.906,1.222,6.102,6.102,11.549,188.719,0.014,,0.009,32,
1986-01-25 03:02:06.645000+00:00,26859,9,513,1,-5.908,-0.916,1.222,6.102,6.102,11.55,188.812,0.011,,0.014,32,
1986-01-25 03:02:08.565000+00:00,26859,9,545,1,-5.9,-0.915,1.225,6.095,6.095,11.599,188.814,0.013,0.012,0.01,32,
1986-01-25 03:02:10.485000+00:00,26859,9,577,1,-5.908,-0.901,1.234,6.102,6.102,11.671,188.672,0.011,0.007,0.01,32,
1986-01-25 03:02:12.405000+00:00,26859,9,609,1,-5.909,-0.903,1.232,6.103,6.103,11.645,188.691,0.008,0.012,0.01,32,
1986-01-25 03:02:14.325000+00:00,26859,9,641,1,-5.911,-0.898,1.234,6.105,6.105,11.661,188.638,0.009,0.009,0.009,32,
1986-01-25 03:02:16.245000+00:00,26859,9,673,1,-5.905,-0.902,1.235,6.1,6.1,11.679,188.682,0.013,0.008,0.011,32,
1986-01-25 03:02:18.165000+00:00,26859,9,705,1,-5.898,-0.904,1.231,6.093,6.093,11.658,188.718,0.007,0.012,0.013,32,
1986-01-25 03:02:20.085000+00:00,26859,9,737,1,-5.911,-0.902,1.222,6.103,6.103,11.552,188.677,0.007,0.013,0.008,32,
1986-01-25 03:02:22.005000+00:00,26859,9,769,1,-5.906,-0.904,1.228,6.1,6.1,11.61,188.698,0.016,0.009,0.011,32,
1986-01-25 03:02:23.925000+00:00,26859,10,1,1,-5.91,-0.898,1.225,6.102,6.102,11.582,188.639,0.013,0.005,0.009,32,
1986-01-25 03:02:25.845000+00:00,26859,10,33,1,-5.912,-0.897,1.239,6.107,6.107,11.707,188.624,0.007,0.012,0.012,32,
1986-01-25 03:02:27.765000+00:00,26859,10,65,1,-5.906,-0.889,1.248,6.102,6.102,11.805,188.557,0.011,0.013,0.007,32,
1986-01-25 03:02:29.685000+00:00,26859,10,97,1,-5.911,-0.892,1.244,6.106,6.106,11.756,188.586,0.016,0.007,0.009,32,
1986-01-25 03:02:31.605000+00:00,26859,10,129,1,-5.9,-0.886,1.251,6.095,6.095,11.843,188.537,0.006,0.011,0.011,32,
1986-01-25 03:02:33.525000+00:00,26859,10,161,1,-5.898,-0.887,1.244,6.093,6.093,11.781,188.552,0.011,0.014,0.008,32,
1986-01-25 03:02:35.445000+00:00,26859,10,193,1,-5.9,-0.889,1.248,6.096,6.096,11.816,188.567,0.011,0.007,0.011,32,
1986-01-25 03:02:37.365000+00:00,26859,10,225,1,-5.898,-0.888,1.252,6.094,6.094,11.854,188.561,0.009,0.009,0.014,32,
1986-01-25 03:02:39.285000+00:00,26859,10,257,1,-5.892,-0.886,1.249,6.088,6.088,11.841,188.556,0.01,0.012,0.009,32,
1986-01-25 03:02:41.205000+00:00,26859,10,289,1,-5.9,-0.888,1.25,6.096,6.096,11.831,188.559,0.012,0.008,0.008,32,
1986-01-25 03:02:43.125000+00:00,26859,10,321,1,-5.892,-0.886,1.252,6.088,6.088,11.863,188.548,0.008,0.009,0.012,32,
1986-01-25 03:02:45.045000+00:00,26859,10,353,1,-5.89,-0.882,1.243,6.084,6.084,11.793,188.52,0.013,0.012,0.009,32,
1986-01-25 03:02:46.965000+00:00,26859,10,385,1,-5.885,-0.891,1.236,6.079,6.079,11.73,188.61,0.012,0.009,0.009,32,
1986-01-25 03:02:48.885000+00:00,26859,10,417,1,-5.888,-0.889,1.239,6.083,6.083,11.755,188.585,0.006,0.009,0.012,32,
1986-01-25 03:02:50.805000+00:00,26859,10,449,1,-5.889,-0.873,1.261,6.085,6.086,11.956,188.436,0.009,0.014,0.008,32,
1986-01-25 03:02:52.725000+00:00,26859,10,481,1,-5.887,-0.882,1.237,6.08,6.08,11.738,188.524,0.015,0.008,0.01,32,
1986-01-25 03:02:54.645000+00:00,26859,10,513,1,-5.869,-0.884,1.231,6.062,6.062,11.719,188.564,0.01,0.008,0.012,32,
1986-01-25 03:02:56.565000+00:00,26859,10,545,1,-5.872,-0.884,1.24,6.067,6.067,11.798,188.562,0.01,0.014,0.006,32,
1986-01-25 03:02:58.485000+00:00,26859,10,577,1,-5.87,-0.879,1.244,6.065,6.065,11.841,188.52,0.01,0.009,0.009,32,
1986-01-25 03:03:00.405000+00:00,26859,10,609,1,-5.876,-0.886,1.251,6.073,6.073,11.885,188.572,0.008,0.01,0.013,32,
1986-01-25 03:03:02.325000+00:00,26859,10,641,1,-5.876,-0.879,1.249,6.072,6.072,11.875,188.51,0.007,0.015,0.007,32,
1986-01-25 03:03:04.245000+00:00,26859,10,673,1,-5.882,-0.872,1.248,6.075,6.076,11.855,188.43,0.012,0.008,0.009,32,
1986-01-25 03:03:06.165000+00:00,26859,10,705,1,-5.878,-0.873,1.253,6.073,6.073,11.911,188.446,0.009,0.009,0.017,32,
1986-01-25 03:03:08.085000+00:00,26859,10,737,1,-5.865,-0.887,1.248,6.062,6.062,11.883,188.604,0.01,0.014,0.008,32,
1986-01-25 03:03:10.005000+00:00,26859,10,769,1,-5.873,-0.876,1.256,6.069,6.069,11.94,188.485,0.012,0.005,0.01,32,
1986-01-25 03:03:11.925000+00:00,26859,11,1,1,-5.871,-0.882,1.249,6.066,6.066,11.883,188.541,0.015,0.007,0.007,32,
1986-01-25 03:03:13.845000+00:00,26859,11,33,1,-5.865,-0.871,1.258,6.061,6.061,11.978,188.45,0.008,0.009,0.012,32,
1986-01-25 03:03:15.765000+00:00,26859,11,65,1,-5.86,-0.877,1.243,6.054,6.054,11.852,188.517,0.012,0.011,0.01,32,
1986-01-25 03:03:17.685000+00:00,26859,11,97,1,-5.864,-0.879,1.248,6.059,6.059,11.882,188.522,0.01,0.007,0.009,32,
1986-01-25 03:03:19.605000+00:00,26859,11,129,1,-5.865,-0.873,1.248,6.059,6.059,11.887,188.469,0.008,0.01,0.009,32,
1986-01-25 03:03:21.525000+00:00,26859,11,161,1,-5.858,-0.881,1.241,6.053,6.053,11.832,188.554,0.009,0.014,0.007,32,
1986-01-25 03:03:23.445000+00:00,26859,11,193,1,-5.855,-0.878,1.246,6.051,6.051,11.886,188.525,0.013,0.007,0.009,32,
1986-01-25 03:03:25.365000+00:00,26859,11,225,1,-5.855,-0.874,1.242,6.049,6.049,11.853,188.494,0.006,0.01,0.013,32,
1986-01-25 03:03:27.285000+00:00,26859,11,257,1,-5.861,-0.879,1.247,6.057,6.057,11.883,188.531,0.009,0.009,0.008,32,
1986-01-25 03:03:29.205000+00:00,26859,11,289,1,-5.849,-0.879,1.239,6.043,6.043,11.829,188.542,0.013,0.009,0.01,32,
1986-01-25 03:03:31.125000+00:00,26859,11,321,1,-5.848,-0.876,1.238,6.041,6.041,11.826,188.522,0.009,0.009,0.013,32,
1986-01-25 03:03:33.045000+00:00,26859,11,353,1,-5.847,-0.88,1.239,6.041,6.041,11.834,188.555,0.01,0.015,0.006,32,
1986-01-25 03:03:34.965000+00:00,26859,11,385,1,-5.846,-0.873,1.249,6.041,6.041,11.928,188.497,0.014,0.009,0.01,32,
1986-01-25 03:03:36.885000+00:00,26859,11,417,1,-5.848,-0.876,1.242,6.042,6.042,11.863,188.515,0.008,0.014,0.014,32,
1986-01-25 03:03:38.805000+00:00,26859,11,449,1,-5.855,-0.878,1.242,6.049,6.049,11.85,188.529,0.009,0.012,0.008,32,
1986-01-25 03:03:40.725000+00:00,26859,11,481,1,-5.851,-0.878,1.24,6.045,6.045,11.838,188.533,0.015,0.008,0.012,32,
1986-01-25 03:03:42.645000+00:00,26859,11,513,1,-5.849,-0.879,1.24,6.043,6.043,11.844,188.543,0.007,0.008,0.013,32,
1986-01-25 03:03:44.565000+00:00,26859,11,545,1,-5.856,-0.87,1.246,6.05,6.05,11.886,188.452,0.009,0.014,0.009,32,
1986-01-25 03:03:46.485000+00:00,26859,11,577,1,-5.853,-0.87,1.246,6.047,6.047,11.893,188.45,0.013,0.009,0.011,32,
1986-01-25 03:03:48.405000+00:00,26859,11,609,1,-5.848,-0.878,1.239,6.042,6.042,11.835,188.538,0.007,0.008,0.011,32,
1986-01-25 03:03:50.325000+00:00,26859,11,641,1,-5.844,-0.869,1.238,6.037,6.037,11.83,188.453,0.008,0.015,0.007,32,
1986-01-25 03:03:52.245000+00:00,26859,11,673,1,-5.834,-0.873,1.237,6.028,6.028,11.844,188.509,0.013,0.008,0.009,32,
1986-01-25 03:03:54.165000+00:00,26859,11,705,1,-5.836,-0.872,1.247,6.031,6.031,11.934,188.497,0.006,0.012,0.013,32,
1986-01-25 03:03:56.085000+00:00,26859,11,737,1,-5.832,-0.873,1.249,6.028,6.028,11.958,188.516,0.009,0.014,0.008,32,
1986-01-25 03:03:58.005000+00:00,26859,11,769,1,-5.831,-0.882,1.248,6.028,6.028,11.946,188.602,0.012,0.007,0.01,32,
1986-01-25 03:03:59.925000+00:00,26859,12,1,1,-5.822,-0.878,1.249,6.019,6.019,11.976,188.572,0.012,0.008,0.012,32,
1986-01-25 03:04:01.845000+00:00,26859,12,33,1,-5.825,-0.875,1.256,6.023,6.023,12.039,188.541,0.008,0.008,0.013,32,
1986-01-25 03:04:03.765000+00:00,26859,12,65,1,-5.831,-0.871,1.254,6.027,6.027,12.005,188.494,0.009,0.012,0.009,32,
1986-01-25 03:04:05.685000+00:00,26859,12,97,1,-5.834,-0.874,1.249,6.03,6.03,11.956,188.519,0.013,0.009,0.009,32,
1986-01-25 03:04:07.605000+00:00,26859,12,129,1,-5.833,-0.873,1.242,6.028,6.028,11.894,188.508,0.01,0.009,0.012,32,
1986-01-25 03:04:09.525000+00:00,26859,12,161,1,-5.837,-0.875,1.249,6.033,6.033,11.946,188.525,0.013,0.015,0.008,32,
1986-01-25 03:04:11.445000+00:00,26859,12,193,1,-5.825,-0.88,1.245,6.022,6.022,11.933,188.595,0.012,0.008,0.009,32,
1986-01-25 03:04:13.365000+00:00,26859,12,225,1,-5.822,-0.879,1.245,6.018,6.018,11.938,188.582,0.007,0.006,0.016,32,
1986-01-25 03:04:15.285000+00:00,26859,12,257,1,-5.818,-0.879,1.248,6.015,6.015,11.972,188.591,0.013,0.017,0.008,32,
1986-01-25 03:04:17.205000+00:00,26859,12,289,1,-5.817,-0.885,1.24,6.013,6.013,11.899,188.654,0.014,0.01,0.011,32,
1986-01-25 03:04:19.125000+00:00,26859,12,321,1,-5.817,-0.895,1.231,6.013,6.013,11.809,188.75,0.007,0.013,0.016,32,
1986-01-25 03:04:21.045000+00:00,26859,12,353,1,-5.817,-0.886,1.236,6.013,6.013,11.867,188.665,0.008,0.015,0.007,32,
1986-01-25 03:04:22.965000+00:00,26859,12,385,1,-5.813,-0.89,1.23,6.008,6.008,11.814,188.708,0.012,0.008,0.012,32,
1986-01-25 03:04:24.885000+00:00,26859,12,417,1,-5.805,-0.885,1.235,6.001,6.001,11.881,188.67,0.008,0.01,0.012,32,
1986-01-25 03:04:26.805000+00:00,26859,12,449,1,-5.802,-0.89,1.24,5.999,5.999,11.925,188.719,0.01,0.014,0.007,32,
1986-01-25 03:04:28.725000+00:00,26859,12,481,1,-5.804,-0.885,1.239,6.001,6.001,11.911,188.666,0.012,0.008,0.009,32,
1986-01-25 03:04:30.645000+00:00,26859,12,513,1,-5.805,-0.881,1.23,5.999,5.999,11.83,188.628,0.008,0.009,0.014,32,
1986-01-25 03:04:32.565000+00:00,26859,12,545,1,-5.798,-0.887,1.236,5.994,5.994,11.905,188.696,0.01,0.017,0.007,32,
1986-01-25 03:04:34.485000+00:00,26859,12,577,1,-5.791,-0.872,1.241,5.987,5.987,11.962,188.567,0.017,0.009,0.01,32,
1986-01-25 03:04:36.405000+00:00,26859,12,609,1,-5.802,-0.882,1.231,5.996,5.996,11.844,188.64,0.009,0.01,0.012,32,
1986-01-25 03:04:38.325000+00:00,26859,12,641,1,-5.802,-0.877,1.226,5.994,5.994,11.801,188.594,0.01,0.014,0.007,32,
1986-01-25 03:04:40.245000+00:00,26859,12,673,1,-5.799,-0.874,1.235,5.993,5.993,11.894,188.568,0.011,0.008,0.009,32,
1986-01-25 03:04:42.165000+00:00,26859,12,705,1,-5.803,-0.87,1.23,5.995,5.995,11.84,188.523,0.01,0.011,0.014,32,
1986-01-25 03:04:44.085000+00:00,26859,12,737,1,-5.801,-0.871,1.23,5.994,5.994,11.846,188.535,0.009,0.016,0.008,32,
1986-01-25 03:04:46.005000+00:00,26859,12,769,1,-5.8,-0.876,1.229,5.993,5.993,11.831,188.586,0.015,0.008,0.01,32,
1986-01-25 03:04:47.925000+00:00,26859,13,1,1,-5.791,-0.879,1.222,5.983,5.983,11.788,188.634,0.013,0.007,0.011,32,
1986-01-25 03:04:49.845000+00:00,26859,13,33,1,-5.795,-0.871,1.228,5.987,5.987,11.833,188.55,0.01,0.007,0.012,32,
1986-01-25 03:04:51.765000+00:00,26859,13,65,1,-5.792,-0.873,1.231,5.986,5.986,11.864,188.572,0.01,0.018,0.008,32,
1986-01-25 03:04:53.685000+00:00,26859,13,97,1,-5.792,-0.869,1.23,5.984,5.984,11.86,188.529,0.013,0.007,0.012,32,
1986-01-25 03:04:55.605000+00:00,26859,13,129,1,-5.801,-0.875,1.245,5.998,5.998,11.977,188.577,0.009,0.007,0.013,32,
1986-01-25 03:04:57.525000+00:00,26859,13,161,1,-5.8,-0.87,1.236,5.994,5.994,11.901,188.534,0.008,0.012,0.005,32,
1986-01-25 03:04:59.445000+00:00,26859,13,193,1,-5.797,-0.867,1.242,5.992,5.992,11.962,188.501,0.011,0.01,0.009,32,
1986-01-25 03:05:01.365000+00:00,26859,13,225,1,-5.8,-0.864,1.239,5.993,5.993,11.934,188.472,0.009,0.009,0.015,32,
1986-01-25 03:05:03.285000+00:00,26859,13,257,1,-5.791,-0.856,1.232,5.982,5.982,11.888,188.406,0.009,0.01,0.009,32,
1986-01-25 03:05:05.205000+00:00,26859,13,289,1,-5.785,-0.864,1.224,5.976,5.976,11.821,188.494,0.012,0.008,0.008,32,
1986-01-25 03:05:07.125000+00:00,26859,13,321,1,-5.79,-0.86,1.223,5.98,5.98,11.806,188.451,0.009,0.011,0.016,32,
1986-01-25 03:05:09.045000+00:00,26859,13,353,1,-5.787,-0.869,1.225,5.978,5.978,11.824,188.54,0.013,0.016,0.007,32,
1986-01-25 03:05:10.965000+00:00,26859,13,385,1,-5.786,-0.873,1.228,5.979,5.979,11.857,188.582,0.011,0.008,0.009,32,
1986-01-25 03:05:12.885000+00:00,26859,13,417,1,-5.788,-0.86,1.238,5.981,5.981,11.946,188.456,0.009,0.008,0.014,32,
1986-01-25 03:05:14.805000+00:00,26859,13,449,1,-5.781,-0.862,1.227,5.972,5.972,11.856,188.484,0.01,0.015,0.008,32,
1986-01-25 03:05:16.725000+00:00,26859,13,481,1,-5.789,-0.858,1.236,5.981,5.981,11.921,188.428,0.019,0.009,0.011,32,
1986-01-25 03:05:18.645000+00:00,26859,13,513,1,-5.783,-0.864,1.226,5.975,5.975,11.845,188.492,0.01,0.007,0.012,32,
1986-01-25 03:05:20.565000+00:00,26859,13,545,1,-5.782,-0.865,1.229,5.974,5.974,11.872,188.503,0.01,0.014,0.007,32,
1986-01-25 03:05:22.485000+00:00,26859,13,577,1,-5.776,-0.861,1.224,5.967,5.967,11.838,188.478,0.016,0.009,0.012,32,
1986-01-25 03:05:24.405000+00:00,26859,13,609,1,-5.779,-0.859,1.221,5.969,5.969,11.804,188.455,0.008,0.011,0.013,32,
1986-01-25 03:05:26.325000+00:00,26859,13,641,1,-5.779,-0.859,1.227,5.97,5.97,11.861,188.45,0.008,0.016,0.008,32,
1986-01-25 03:05:28.245000+00:00,26859,13,673,1,-5.777,-0.861,1.23,5.968,5.968,11.892,188.473,0.01,0.005,0.011,32,
1986-01-25 03:05:30.165000+00:00,26859,13,705,1,-5.773,-0.85,1.246,5.966,5.966,12.054,188.376,0.008,0.009,0.011,32,
1986-01-25 03:05:32.085000+00:00,26859,13,737,1,-5.785,-0.855,1.242,5.978,5.978,11.992,188.409,0.009,0.014,0.009,32,
1986-01-25 03:05:34.005000+00:00,26859,13,769,1,-5.776,-0.856,1.242,5.97,5.97,12.012,188.431,0.015,0.006,0.012,32,
1986-01-25 03:05:35.925000+00:00,26859,14,1,1,-5.77,-0.856,1.24,5.963,5.963,12.001,188.436,0.013,0.007,0.007,32,
1986-01-25 03:05:37.845000+00:00,26859,14,33,1,-5.767,-0.854,1.243,5.961,5.961,12.033,188.42,0.008,0.008,0.011,32,
1986-01-25 03:05:39.765000+00:00,26859,14,65,1,-5.76,-0.862,1.241,5.955,5.955,12.033,188.508,0.008,0.013,0.008,32,
1986-01-25 03:05:41.685000+00:00,26859,14,97,1,-5.758,-0.865,1.236,5.952,5.952,11.985,188.544,0.014,0.006,0.01,32,
1986-01-25 03:05:43.605000+00:00,26859,14,129,1,-5.759,-0.871,1.231,5.953,5.953,11.93,188.602,0.008,0.009,0.012,32,
1986-01-25 03:05:45.525000+00:00,26859,14,161,1,-5.753,-0.867,1.232,5.947,5.947,11.956,188.567,0.013,0.014,0.006,32,
1986-01-25 03:05:47.445000+00:00,26859,14,193,1,-5.759,-0.856,1.244,5.954,5.954,12.056,188.459,0.011,0.008,0.011,32,
1986-01-25 03:05:49.365000+00:00,26859,14,225,1,-5.755,-0.848,1.248,5.949,5.949,12.105,188.383,0.009,0.012,0.012,32,
1986-01-25 03:05:51.285000+00:00,26859,14,257,1,-5.754,-0.844,1.258,5.95,5.95,12.207,188.34,0.012,0.013,0.009,32,
1986-01-25 03:05:53.205000+00:00,26859,14,289,1,-5.751,-0.848,1.257,5.947,5.947,12.204,188.392,0.014,0.006,0.011,32,
1986-01-25 03:05:55.125000+00:00,26859,14,321,1,-5.756,-0.859,1.248,5.952,5.952,12.099,188.484,0.01,0.014,0.013,32,
1986-01-25 03:05:57.045000+00:00,26859,14,353,1,-5.757,-0.861,1.24,5.951,5.951,12.026,188.503,0.012,0.011,0.011,32,
1986-01-25 03:05:58.965000+00:00,26859,14,385,1,-5.756,-0.848,1.252,5.951,5.951,12.147,188.38,0.015,0.009,0.009,32,
1986-01-25 03:06:00.885000+00:00,26859,14,417,1,-5.752,-0.841,1.26,5.948,5.948,12.234,188.323,0.009,0.009,0.016,32,
1986-01-25 03:06:02.805000+00:00,26859,14,449,1,-5.759,-0.844,1.254,5.954,5.954,12.159,188.339,0.011,0.012,0.007,32,
1986-01-25 03:06:04.725000+00:00,26859,14,481,1,-5.748,-0.844,1.25,5.943,5.943,12.142,188.355,0.014,0.008,0.008,32,
1986-01-25 03:06:06.645000+00:00,26859,14,513,1,-5.754,-0.838,1.257,5.949,5.949,12.195,188.286,0.008,0.011,0.012,32,
1986-01-25 03:06:08.565000+00:00,26859,14,545,1,-5.741,-0.836,1.249,5.935,5.935,12.151,188.289,0.011,0.012,0.011,32,
1986-01-25 03:06:10.485000+00:00,26859,14,577,1,-5.745,-0.844,1.249,5.939,5.939,12.138,188.354,0.012,0.008,0.009,32,
1986-01-25 03:06:12.405000+00:00,26859,14,609,1,-5.743,-0.846,1.261,5.941,5.941,12.259,188.377,0.006,0.01,0.013,32,
1986-01-25 03:06:14.325000+00:00,26859,14,641,1,-5.743,-0.839,1.252,5.937,5.937,12.178,188.314,0.013,0.011,0.008,32,
1986-01-25 03:06:16.245000+00:00,26859,14,673,1,-5.745,-0.841,1.256,5.94,5.94,12.207,188.325,0.011,0.007,0.009,32,
1986-01-25 03:06:18.165000+00:00,26859,14,705,1,-5.745,-0.841,1.26,5.942,5.942,12.248,188.331,0.008,0.007,0.012,32,
1986-01-25 03:06:20.085000+00:00,26859,14,737,1,-5.742,-0.844,1.256,5.938,5.938,12.209,188.359,0.01,0.009,0.007,32,
1986-01-25 03:06:22.005000+00:00,26859,14,769,1,-5.743,-0.836,1.25,5.937,5.937,12.158,188.286,0.011,0.008,0.01,32,
1986-01-25 03:06:23.925000+00:00,26859,15,1,1,-5.747,-0.845,1.245,5.94,5.94,12.1,188.369,0.011,0.007,0.01,32,
1986-01-25 03:06:25.845000+00:00,26859,15,33,1,-5.745,-0.856,1.239,5.939,5.939,12.046,188.476,0.007,0.012,0.014,32,
1986-01-25 03:06:27.765000+00:00,26859,15,65,1,-5.745,-0.842,1.247,5.939,5.939,12.124,188.337,0.01,0.008,0.008,32,
1986-01-25 03:06:29.685000+00:00,26859,15,97,1,-5.742,-0.837,1.245,5.935,5.935,12.109,188.294,0.012,0.008,0.01,32,
1986-01-25 03:06:31.605000+00:00,26859,15,129,1,-5.732,-0.84,1.243,5.925,5.925,12.113,188.333,0.008,0.01,0.015,32,
1986-01-25 03:06:33.525000+00:00,26859,15,161,1,-5.75,-0.844,1.242,5.943,5.943,12.067,188.351,0.007,0.014,0.01,32,
1986-01-25 03:06:35.445000+00:00,26859,15,193,1,-5.742,-0.845,1.238,5.934,5.934,12.038,188.375,0.014,0.007,0.012,32,
1986-01-25 03:06:37.365000+00:00,26859,15,225,1,-5.738,-0.852,1.227,5.929,5.929,11.94,188.448,0.009,0.01,0.015,32,
1986-01-25 03:06:39.285000+00:00,26859,15,257,1,-5.73,-0.842,1.24,5.922,5.922,12.083,188.357,0.011,0.015,0.007,32,
1986-01-25 03:06:41.205000+00:00,26859,15,289,1,-5.729,-0.841,1.24,5.921,5.921,12.085,188.353,0.011,0.006,0.01,32,
1986-01-25 03:06:43.125000+00:00,26859,15,321,1,-5.731,-0.843,1.245,5.925,5.925,12.129,188.371,0.007,0.01,0.01,32,
1986-01-25 03:06:45.045000+00:00,26859,15,353,1,-5.736,-0.838,1.248,5.93,5.93,12.147,188.315,0.009,0.012,0.006,32,
1986-01-25 03:06:46.965000+00:00,26859,15,385,1,-5.731,-0.841,1.243,5.924,5.924,12.113,188.352,0.011,0.006,0.009,32,
1986-01-25 03:06:48.885000+00:00,26859,15,417,1,-5.728,-0.839,1.243,5.921,5.921,12.116,188.331,0.008,0.011,0.014,32,
1986-01-25 03:06:50.805000+00:00,26859,15,449,1,-5.723,-0.832,1.245,5.916,5.916,12.148,188.269,0.009,0.012,0.006,32,
1986-01-25 03:06:52.725000+00:00,26859,15,481,1,-5.738,-0.841,1.241,5.931,5.931,12.08,188.333,0.012,0.007,0.01,32,
1986-01-25 03:06:54.645000+00:00,26859,15,513,1,-5.733,-0.839,1.237,5.924,5.924,12.05,188.323,0.006,0.01,0.009,32,
1986-01-25 03:06:56.565000+00:00,26859,15,545,1,-5.727,-0.842,1.232,5.919,5.919,12.018,188.365,0.01,0.012,0.007,32,
1986-01-25 03:06:58.485000+00:00,26859,15,577,1,-5.728,-0.844,1.233,5.92,5.92,12.023,188.381,0.014,0.011,0.011,32,
1986-01-25 03:07:00.405000+00:00,26859,15,609,1,-5.73,-0.843,1.236,5.922,5.922,12.051,188.373,0.008,0.012,0.011,32,
1986-01-25 03:07:02.325000+00:00,26859,15,641,1,-5.715,-0.84,1.234,5.907,5.907,12.058,188.363,0.011,0.012,0.006,32,
1986-01-25 03:07:04.245000+00:00,26859,15,673,1,-5.726,-0.846,1.232,5.918,5.918,12.013,188.403,0.012,0.009,0.008,32,
1986-01-25 03:07:06.165000+00:00,26859,15,705,1,-5.72,-0.847,1.229,5.912,5.912,11.998,188.425,0.005,0.01,0.014,32,
1986-01-25 03:07:08.085000+00:00,26859,15,737,1,-5.723,-0.845,1.225,5.913,5.913,11.955,188.396,0.011,0.013,0.008,32,
1986-01-25 03:07:10.005000+00:00,26859,15,769,1,-5.727,-0.849,1.231,5.919,5.919,12.002,188.434,0.013,0.007,0.011,32,
1986-01-25 03:07:11.925000+00:00,26859,16,1,1,-5.721,-0.849,1.231,5.913,5.913,12.014,188.437,0.015,0.009,0.012,32,
1986-01-25 03:07:13.845000+00:00,26859,16,33,1,-5.722,-0.837,1.227,5.912,5.912,11.977,188.327,0.007,0.009,0.012,32,
1986-01-25 03:07:15.765000+00:00,26859,16,65,1,-5.72,-0.841,1.22,5.909,5.909,11.919,188.36,0.01,0.013,0.008,32,
1986-01-25 03:07:17.685000+00:00,26859,16,97,1,-5.718,-0.841,1.232,5.909,5.909,12.035,188.368,0.012,0.007,0.011,32,
1986-01-25 03:07:19.605000+00:00,26859,16,129,1,-5.711,-0.844,1.236,5.904,5.904,12.083,188.407,0.007,0.008,0.01,32,
1986-01-25 03:07:21.525000+00:00,26859,16,161,1,-5.72,-0.835,1.225,5.909,5.909,11.967,188.307,0.009,0.011,0.008,32,
1986-01-25 03:07:23.445000+00:00,26859,16,193,1,-5.715,-0.836,1.23,5.906,5.906,12.017,188.326,0.016,0.009,0.01,32,
1986-01-25 03:07:25.365000+00:00,26859,16,225,1,-5.715,-0.839,1.226,5.905,5.905,11.982,188.356,0.009,0.009,0.014,32,
1986-01-25 03:07:27.285000+00:00,26859,16,257,1,-5.718,-0.838,1.225,5.907,5.907,11.97,188.339,0.01,0.02,0.008,32,
1986-01-25 03:07:29.205000+00:00,26859,16,289,1,-5.721,-0.83,1.236,5.912,5.912,12.072,188.258,0.013,0.01,0.008,32,
1986-01-25 03:07:31.125000+00:00,26859,16,321,1,-5.716,-0.836,1.234,5.907,5.907,12.058,188.318,0.008,0.007,0.012,32,
1986-01-25 03:07:33.045000+00:00,26859,16,353,1,-5.717,-0.831,1.237,5.908,5.908,12.083,188.275,0.009,0.011,0.008,32,
1986-01-25 03:07:34.965000+00:00,26859,16,385,1,-5.712,-0.831,1.236,5.903,5.903,12.089,188.28,0.012,0.008,0.009,32,
1986-01-25 03:07:36.885000+00:00,26859,16,417,1,-5.717,-0.834,1.238,5.909,5.909,12.096,188.304,0.01,0.009,0.013,32,
1986-01-25 03:07:38.805000+00:00,26859,16,449,1,-5.714,-0.828,1.231,5.904,5.904,12.038,188.244,0.014,0.012,0.01,32,
1986-01-25 03:07:40.725000+00:00,26859,16,481,1,-5.716,-0.833,1.222,5.904,5.904,11.942,188.288,0.016,0.008,0.011,32,
1986-01-25 03:07:42.645000+00:00,26859,16,513,1,-5.715,-0.833,1.229,5.904,5.904,12.014,188.29,0.009,0.01,0.014,32,
1986-01-25 03:07:44.565000+00:00,26859,16,545,1,-5.715,-0.83,1.224,5.903,5.903,11.967,188.262,0.009,0.011,0.007,32,
1986-01-25 03:07:46.485000+00:00,26859,16,577,1,-5.714,-0.834,1.232,5.904,5.904,12.04,188.304,0.009,0.007,0.01,32,
1986-01-25 03:07:48.405000+00:00,26859,16,609,1,-5.71,-0.834,1.225,5.899,5.899,11.986,188.309,0.008,0.007,0.016,32,
1986-01-25 03:07:50.325000+00:00,26859,16,641,1,-5.705,-0.827,1.235,5.896,5.896,12.093,188.252,0.009,0.012,0.008,32,
1986-01-25 03:07:52.245000+00:00,26859,16,673,1,-5.701,-0.823,1.233,5.89,5.89,12.085,188.217,0.012,0.007,0.01,32,
1986-01-25 03:07:54.165000+00:00,26859,16,705,1,-5.71,-0.825,1.235,5.9,5.9,12.086,188.218,0.008,0.008,0.016,32,
1986-01-25 03:07:56.085000+00:00,26859,16,737,1,-5.707,-0.829,1.239,5.898,5.898,12.122,188.265,0.008,0.011,0.007,32,
1986-01-25 03:07:58.005000+00:00,26859,16,769,1,-5.706,-0.828,1.226,5.895,5.895,12.003,188.258,0.01,0.007,0.009,32,
1986-01-25 03:07:59.925000+00:00,26859,17,1,1,-5.701,-0.83,1.222,5.889,5.889,11.976,188.284,0.012,0.009,0.011,32,
1986-01-25 03:08:01.845000+00:00,26859,17,33,1,-5.702,-0.826,1.233,5.892,5.892,12.081,188.238,0.007,0.01,0.011,32,
1986-01-25 03:08:03.765000+00:00,26859,17,65,1,-5.697,-0.829,1.237,5.889,5.889,12.126,188.282,0.013,0.012,0.008,32,
1986-01-25 03:08:05.685000+00:00,26859,17,97,1,-5.699,-0.826,1.234,5.889,5.889,12.097,188.243,0.017,0.008,0.008,32,
1986-01-25 03:08:07.605000+00:00,26859,17,129,1,-5.689,-0.829,1.23,5.879,5.879,12.072,188.287,0.008,0.013,0.009,32,
1986-01-25 03:08:09.525000+00:00,26859,17,161,1,-5.69,-0.825,1.231,5.879,5.879,12.082,188.255,0.01,0.013,0.009,32,
1986-01-25 03:08:11.445000+00:00,26859,17,193,1,-5.68,-0.827,1.22,5.868,5.868,11.995,188.288,0.01,0.012,0.009,32,
1986-01-25 03:08:13.365000+00:00,26859,17,225,1,-5.692,-0.826,1.231,5.882,5.882,12.082,188.261,0.008,0.012,0.012,32,
1986-01-25 03:08:15.285000+00:00,26859,17,257,1,-5.696,-0.82,1.239,5.887,5.887,12.145,188.191,0.012,0.014,0.013,32,
1986-01-25 03:08:17.205000+00:00,26859,17,289,1,-5.684,-0.811,1.243,5.875,5.875,12.21,188.116,0.014,0.008,0.011,32,
1986-01-25 03:08:19.125000+00:00,26859,17,321,1,-5.691,-0.807,1.236,5.879,5.879,12.138,188.068,0.007,0.009,0.012,32,
1986-01-25 03:08:21.045000+00:00,26859,17,353,1,-5.689,-0.816,1.235,5.879,5.879,12.127,188.165,0.011,0.014,0.006,32,
1986-01-25 03:08:22.965000+00:00,26859,17,385,1,-5.685,-0.805,1.245,5.876,5.876,12.232,188.059,0.011,0.008,0.01,32,
1986-01-25 03:08:24.885000+00:00,26859,17,417,1,-5.689,-0.802,1.237,5.877,5.877,12.148,188.025,0.008,0.009,0.014,32,
1986-01-25 03:08:26.805000+00:00,26859,17,449,1,-5.697,-0.806,1.247,5.887,5.887,12.233,188.049,0.011,0.012,0.01,32,
1986-01-25 03:08:28.725000+00:00,26859,17,481,1,-5.685,-0.808,1.244,5.875,5.875,12.226,188.086,0.013,0.011,0.011,32,
1986-01-25 03:08:30.645000+00:00,26859,17,513,1,-5.687,-0.807,1.248,5.878,5.878,12.257,188.074,0.007,0.011,0.014,32,
1986-01-25 03:08:32.565000+00:00,26859,17,545,1,-5.688,-0.819,1.227,5.876,5.876,12.051,188.19,0.01,0.011,0.01,32,
1986-01-25 03:08:34.485000+00:00,26859,17,577,1,-5.677,-0.818,1.226,5.865,5.865,12.064,188.194,0.013,0.008,0.011,32,
1986-01-25 03:08:36.405000+00:00,26859,17,609,1,-5.673,-0.804,1.237,5.861,5.861,12.181,188.066,0.007,0.011,0.016,32,
1986-01-25 03:08:38.325000+00:00,26859,17,641,1,-5.675,-0.808,1.239,5.865,5.865,12.199,188.104,0.011,0.013,0.009,32,
1986-01-25 03:08:40.245000+00:00,26859,17,673,1,-5.673,-0.808,1.244,5.863,5.863,12.247,188.106,0.01,0.009,0.008,32,
1986-01-25 03:08:42.165000+00:00,26859,17,705,1,-5.669,-0.817,1.237,5.86,5.86,12.184,188.204,0.009,0.01,0.012,32,
1986-01-25 03:08:44.085000+00:00,26859,17,737,1,-5.672,-0.82,1.225,5.86,5.86,12.061,188.23,0.012,0.013,0.008,32,
1986-01-25 03:08:46.005000+00:00,26859,17,769,1,-5.672,-0.816,1.229,5.861,5.861,12.106,188.19,0.008,0.008,0.009,32,
1986-01-25 03:08:47.925000+00:00,26859,18,1,1,-5.66,-0.804,1.227,5.847,5.847,12.11,188.084,0.018,0.008,0.009,32,
1986-01-25 03:08:49.845000+00:00,26859,18,33,1,-5.665,-0.805,1.232,5.853,5.853,12.15,188.091,0.008,0.009,0.012,32,
1986-01-25 03:08:51.765000+00:00,26859,18,65,1,-5.666,-0.816,1.232,5.856,5.856,12.146,188.196,0.01,0.013,0.008,32,
1986-01-25 03:08:53.685000+00:00,26859,18,97,1,-5.666,-0.808,1.237,5.855,5.855,12.196,188.12,0.014,0.008,0.01,32,
1986-01-25 03:08:55.605000+00:00,26859,18,129,1,-5.664,-0.817,1.224,5.852,5.852,12.077,188.208,0.01,0.007,0.014,32,
1986-01-25 03:08:57.525000+00:00,26859,18,161,1,-5.662,-0.822,1.215,5.849,5.849,11.986,188.257,0.011,0.012,0.009,32,
1986-01-25 03:08:59.445000+00:00,26859,18,193,1,-5.657,-0.821,1.218,5.844,5.844,12.033,188.253,0.01,0.008,0.009,32,
1986-01-25 03:09:01.365000+00:00,26859,18,225,1,-5.659,-0.821,1.225,5.848,5.848,12.088,188.257,0.01,0.009,0.016,32,
1986-01-25 03:09:03.285000+00:00,26859,18,257,1,-5.658,-0.817,1.224,5.847,5.847,12.08,188.219,0.009,0.013,0.009,32,
1986-01-25 03:09:05.205000+00:00,26859,18,289,1,-5.656,-0.811,1.228,5.844,5.844,12.132,188.163,0.009,0.008,0.008,32,
1986-01-25 03:09:07.125000+00:00,26859,18,321,1,-5.652,-0.815,1.221,5.839,5.839,12.069,188.204,0.01,0.01,0.011,32,
1986-01-25 03:09:09.045000+00:00,26859,18,353,1,-5.646,-0.811,1.21,5.831,5.831,11.979,188.17,0.01,0.013,0.009,32,
1986-01-25 03:09:10.965000+00:00,26859,18,385,1,-5.654,-0.804,1.217,5.839,5.839,12.03,188.093,0.013,0.008,0.009,32,
1986-01-25 03:09:12.885000+00:00,26859,18,417,1,-5.647,-0.801,1.225,5.833,5.833,12.122,188.076,0.008,0.01,0.009,32,
1986-01-25 03:09:14.805000+00:00,26859,18,449,1,-5.664,-0.802,1.225,5.851,5.851,12.088,188.058,0.011,0.011,0.009,32,
1986-01-25 03:09:16.725000+00:00,26859,18,481,1,-5.656,-0.797,1.227,5.842,5.842,12.127,188.02,0.011,0.008,0.014,32,
1986-01-25 03:09:18.645000+00:00,26859,18,513,1,-5.64,-0.805,1.231,5.828,5.828,12.191,188.127,0.011,0.007,0.015,32,
1986-01-25 03:09:20.565000+00:00,26859,18,545,1,-5.646,-0.8,1.231,5.834,5.834,12.179,188.068,0.009,0.018,0.009,32,
1986-01-25 03:09:22.485000+00:00,26859,18,577,1,-5.647,-0.806,1.23,5.835,5.835,12.169,188.126,0.017,0.01,0.01,32,
1986-01-25 03:09:24.405000+00:00,26859,18,609,1,-5.649,-0.813,1.224,5.836,5.836,12.103,188.187,0.008,0.009,0.01,32,
1986-01-25 03:09:26.325000+00:00,26859,18,641,1,-5.646,-0.814,1.224,5.834,5.834,12.11,188.208,0.009,0.014,0.007,32,
1986-01-25 03:09:28.245000+00:00,26859,18,673,1,-5.636,-0.805,1.231,5.825,5.825,12.206,188.133,0.012,0.01,0.01,32,
1986-01-25 03:09:30.165000+00:00,26859,18,705,1,-5.636,-0.796,1.219,5.821,5.821,12.084,188.037,0.013,0.009,0.016,32,
1986-01-25 03:09:32.085000+00:00,26859,18,737,1,-5.641,-0.806,1.221,5.828,5.828,12.092,188.131,0.009,0.009,0.01,32,
1986-01-25 03:09:34.005000+00:00,26859,18,769,1,-5.639,-0.803,1.217,5.825,5.825,12.063,188.107,0.018,0.007,0.008,32,
1986-01-25 03:09:35.925000+00:00,26859,19,1,1,-5.634,-0.809,1.215,5.82,5.82,12.045,188.166,0.009,0.011,0.01,32,
1986-01-25 03:09:37.845000+00:00,26859,19,33,1,-5.641,-0.797,1.212,5.824,5.824,12.011,188.038,0.009,0.01,0.015,32,
1986-01-25 03:09:39.765000+00:00,26859,19,65,1,-5.636,-0.794,1.216,5.82,5.82,12.055,188.022,0.006,0.014,0.008,32,
1986-01-25 03:09:41.685000+00:00,26859,19,97,1,-5.635,-0.802,1.211,5.819,5.82,12.007,188.096,0.014,0.009,0.011,32,
1986-01-25 03:09:43.605000+00:00,26859,19,129,1,-5.637,-0.804,1.21,5.821,5.821,11.995,188.114,0.009,0.011,0.015,32,
1986-01-25 03:09:45.525000+00:00,26859,19,161,1,-5.627,-0.806,1.202,5.81,5.81,11.945,188.155,0.008,0.012,0.009,20,
1986-01-25 03:09:47.445000+00:00,26859,19,193,1,,,,,,,,,,,0,
1986-01-25 03:09:49.365000+00:00,26859,19,225,1,-5.636,-0.804,1.203,5.818,5.819,11.93,188.117,0.008,0.011,0.01,16,
1986-01-25 03:09:51.285000+00:00,26859,19,257,1,-5.626,-0.804,1.219,5.813,5.813,12.111,188.137,0.011,0.011,0.008,32,
1986-01-25 03:09:53.205000+00:00,26859,19,289,1,-5.625,-0.8,1.217,5.811,5.811,12.085,188.092,0.015,0.008,0.01,32,
1986-01-25 03:09:55.125000+00:00,26859,19,321,1,-5.626,-0.803,1.209,5.811,5.811,12.01,188.124,0.01,0.009,0.015,32,
1986-01-25 03:09:57.045000+00:00,26859,19,353,1,-5.625,-0.804,1.214,5.811,5.811,12.062,188.133,0.01,0.017,0.006,32,
1986-01-25 03:09:58.965000+00:00,26859,19,385,1,-5.615,-0.796,1.204,5.798,5.798,11.988,188.067,0.011,0.009,0.009,32,
1986-01-25 03:10:00.885000+00:00,26859,19,417,1,-5.627,-0.796,1.206,5.809,5.809,11.98,188.049,0.009,0.011,0.013,32,
1986-01-25 03:10:02.805000+00:00,26859,19,449,1,-5.624,-0.787,1.212,5.807,5.807,12.052,187.97,0.013,0.016,0.009,32,
1986-01-25 03:10:04.725000+00:00,26859,19,481,1,-5.619,-0.794,1.209,5.802,5.802,12.028,188.039,0.01,0.007,0.012,32,
1986-01-25 03:10:06.645000+00:00,26859,19,513,1,-5.614,-0.792,1.203,5.796,5.796,11.976,188.032,0.009,0.008,0.015,32,
1986-01-25 03:10:08.565000+00:00,26859,19,545,1,-5.621,-0.799,1.208,5.805,5.805,12.006,188.094,0.007,0.014,0.01,32,
1986-01-25 03:10:10.485000+00:00,26859,19,577,1,-5.624,-0.791,1.216,5.808,5.808,12.084,188.01,,0.01,0.011,32,
1986-01-25 03:10:12.405000+00:00,26859,19,609,1,-5.626,-0.796,1.218,5.811,5.811,12.097,188.05,,0.007,0.014,32,
1986-01-25 03:10:14.325000+00:00,26859,19,641,1,-5.619,-0.807,1.21,5.804,5.804,12.033,188.178,,0.013,0.006,32,
1986-01-25 03:10:16.245000+00:00,26859,19,673,1,-5.625,-0.793,1.218,5.81,5.81,12.1,188.023,0.012,0.01,0.008,32,
1986-01-25 03:10:18.165000+00:00,26859,19,705,1,-5.627,-0.793,1.222,5.813,5.813,12.137,188.022,0.006,0.013,0.01,32,
1986-01-25 03:10:20.085000+00:00,26859,19,737,1,-5.613,-0.791,1.217,5.798,5.798,12.121,188.021,0.007,0.015,0.009,32,
1986-01-25 03:10:22.005000+00:00,26859,19,769,1,-5.619,-0.788,1.226,5.805,5.805,12.195,187.98,0.01,0.006,0.01,32,
1986-01-25 03:10:23.925000+00:00,26859,20,1,1,-5.614,-0.788,1.221,5.799,5.799,12.159,187.988,0.013,0.01,0.01,32,
1986-01-25 03:10:25.845000+00:00,26859,20,33,1,-5.613,-0.793,1.222,5.799,5.799,12.163,188.04,0.009,0.01,0.014,32,
1986-01-25 03:10:27.765000+00:00,26859,20,65,1,-5.613,-0.789,1.219,5.798,5.798,12.136,188.006,0.012,0.012,0.01,32,
1986-01-25 03:10:29.685000+00:00,26859,20,97,1,-5.619,-0.798,1.211,5.803,5.803,12.041,188.085,0.015,0.008,0.011,32,
1986-01-25 03:10:31.605000+00:00,26859,20,129,1,-5.61,-0.79,1.22,5.795,5.795,12.153,188.018,0.009,0.009,0.014,32,
1986-01-25 03:10:33.525000+00:00,26859,20,161,1,-5.594,-0.781,1.213,5.777,5.777,12.124,187.95,0.008,0.013,0.01,32,
1986-01-25 03:10:35.445000+00:00,26859,20,193,1,-5.598,-0.781,1.218,5.781,5.782,12.159,187.944,0.012,0.008,0.009,32,
1986-01-25 03:10:37.365000+00:00,26859,20,225,1,-5.606,-0.785,1.215,5.79,5.79,12.111,187.973,0.009,0.008,0.014,32,
1986-01-25 03:10:39.285000+00:00,26859,20,257,1,-5.605,-0.786,1.216,5.789,5.789,12.129,187.985,0.01,0.015,0.011,32,
1986-01-25 03:10:41.205000+00:00,26859,20,289,1,-5.598,-0.779,1.217,5.782,5.782,12.148,187.922,0.011,0.009,0.008,32,
1986-01-25 03:10:43.125000+00:00,26859,20,321,1,-5.602,-0.78,1.213,5.785,5.785,12.107,187.932,0.009,0.01,0.013,32,
1986-01-25 03:10:45.045000+00:00,26859,20,353,1,-5.597,-0.78,1.217,5.781,5.781,12.154,187.933,0.01,0.013,0.008,32,
1986-01-25 03:10:46.965000+00:00,26859,20,385,1,-5.592,-0.766,1.224,5.775,5.775,12.234,187.8,0.011,0.009,0.007,32,
1986-01-25 03:10:48.885000+00:00,26859,20,417,1,-5.581,-0.779,1.215,5.765,5.765,12.172,187.949,0.008,0.009,0.015,32,
1986-01-25 03:10:50.805000+00:00,26859,20,449,1,-5.586,-0.77,1.224,5.77,5.77,12.25,187.848,0.01,0.01,0.011,32,
1986-01-25 03:10:52.725000+00:00,26859,20,481,1,-5.586,-0.773,1.219,5.769,5.769,12.196,187.879,0.014,0.011,0.009,32,
1986-01-25 03:10:54.645000+00:00,26859,20,513,1,-5.579,-0.782,1.207,5.761,5.761,12.091,187.975,0.006,0.008,0.011,32,
1986-01-25 03:10:56.565000+00:00,26859,20,545,1,-5.583,-0.785,1.216,5.767,5.767,12.168,187.999,0.01,0.012,0.009,32,
1986-01-25 03:10:58.485000+00:00,26859,20,577,1,-5.578,-0.784,1.217,5.763,5.763,12.191,188.005,0.012,0.009,0.01,32,
1986-01-25 03:11:00.405000+00:00,26859,20,609,1,-5.576,-0.78,1.23,5.763,5.763,12.325,187.958,0.008,0.009,0.018,32,
1986-01-25 03:11:02.325000+00:00,26859,20,641,1,-5.584,-0.776,1.231,5.77,5.77,12.314,187.917,0.01,0.014,0.009,32,
1986-01-25 03:11:04.245000+00:00,26859,20,673,1,-5.581,-0.786,1.219,5.767,5.767,12.204,188.016,0.013,0.006,0.009,32,
1986-01-25 03:11:06.165000+00:00,26859,20,705,1,-5.586,-0.772,1.23,5.772,5.772,12.306,187.864,0.009,0.012,0.012,32,
1986-01-25 03:11:08.085000+00:00,26859,20,737,1,-5.582,-0.771,1.23,5.768,5.768,12.317,187.862,0.007,0.014,0.007,32,
1986-01-25 03:11:10.005000+00:00,26859,20,769,1,-5.58,-0.782,1.224,5.766,5.766,12.256,187.976,0.013,0.008,0.009,32,
1986-01-25 03:11:11.925000+00:00,26859,21,1,1,-5.575,-0.772,1.227,5.761,5.761,12.299,187.885,0.012,0.013,0.009,32,
1986-01-25 03:11:13.845000+00:00,26859,21,33,1,-5.586,-0.777,1.23,5.772,5.772,12.306,187.919,0.011,0.013,0.01,32,
1986-01-25 03:11:15.765000+00:00,26859,21,65,1,-5.578,-0.775,1.231,5.765,5.765,12.333,187.907,0.009,0.012,0.01,32,
1986-01-25 03:11:17.685000+00:00,26859,21,97,1,-5.576,-0.768,1.235,5.762,5.762,12.376,187.843,0.016,0.01,0.01,32,
1986-01-25 03:11:19.605000+00:00,26859,21,129,1,-5.569,-0.773,1.22,5.753,5.753,12.244,187.898,0.011,0.008,0.013,32,
1986-01-25 03:11:21.525000+00:00,26859,21,161,1,-5.575,-0.767,1.225,5.759,5.759,12.278,187.835,0.01,0.013,0.009,32,
1986-01-25 03:11:23.445000+00:00,26859,21,193,1,-5.562,-0.773,1.223,5.748,5.748,12.288,187.916,0.014,0.01,0.011,32,
1986-01-25 03:11:25.365000+00:00,26859,21,225,1,-5.572,-0.764,1.23,5.757,5.757,12.337,187.808,0.007,0.008,0.01,32,
1986-01-25 03:11:27.285000+00:00,26859,21,257,1,-5.581,-0.774,1.231,5.768,5.768,12.324,187.892,0.009,0.014,0.009,32,
1986-01-25 03:11:29.205000+00:00,26859,21,289,1,-5.575,-0.769,1.224,5.76,5.76,12.273,187.857,0.014,0.007,0.009,32,
1986-01-25 03:11:31.125000+00:00,26859,21,321,1,-5.562,-0.776,1.228,5.748,5.749,12.332,187.946,0.01,0.01,0.012,32,
1986-01-25 03:11:33.045000+00:00,26859,21,353,1,-5.555,-0.764,1.225,5.74,5.74,12.324,187.835,0.011,0.011,0.009,32,
1986-01-25 03:11:34.965000+00:00,26859,21,385,1,-5.553,-0.763,1.229,5.738,5.738,12.366,187.829,0.012,0.01,0.011,32,
1986-01-25 03:11:36.885000+00:00,26859,21,417,1,-5.556,-0.766,1.23,5.742,5.742,12.365,187.85,0.007,0.009,0.014,32,
1986-01-25 03:11:38.805000+00:00,26859,21,449,1,-5.567,-0.773,1.227,5.753,5.753,12.311,187.902,0.011,0.011,0.008,32,
1986-01-25 03:11:40.725000+00:00,26859,21,481,1,-5.561,-0.768,1.231,5.747,5.747,12.369,187.86,0.011,0.009,0.012,32,
1986-01-25 03:11:42.645000+00:00,26859,21,513,1,-5.563,-0.759,1.238,5.75,5.75,12.43,187.765,0.007,0.009,0.014,32,
1986-01-25 03:11:44.565000+00:00,26859,21,545,1,-5.559,-0.764,1.237,5.746,5.746,12.43,187.827,0.009,0.011,0.011,32,
1986-01-25 03:11:46.485000+00:00,26859,21,577,1,-5.555,-0.767,1.241,5.743,5.743,12.476,187.859,0.009,0.008,0.013,32,
1986-01-25 03:11:48.405000+00:00,26859,21,609,1,-5.558,-0.762,1.235,5.744,5.744,12.417,187.803,0.009,0.01,0.012,32,
1986-01-25 03:11:50.325000+00:00,26859,21,641,1,-5.548,-0.773,1.221,5.733,5.733,12.301,187.929,0.012,0.01,0.008,32,
1986-01-25 03:11:52.245000+00:00,26859,21,673,1,-5.546,-0.771,1.214,5.73,5.73,12.235,187.909,0.011,0.009,0.01,32,
1986-01-25 03:11:54.165000+00:00,26859,21,705,1,-5.546,-0.771,1.224,5.732,5.732,12.329,187.919,0.008,0.011,0.013,32,
1986-01-25 03:11:56.085000+00:00,26859,21,737,1,-5.536,-0.778,1.229,5.724,5.724,12.4,187.999,0.008,0.012,0.009,32,
1986-01-25 03:11:58.005000+00:00,26859,21,769,1,-5.535,-0.774,1.223,5.722,5.722,12.344,187.96,0.011,0.008,0.008,32,
1986-01-25 03:11:59.925000+00:00,26859,22,1,1,-5.532,-0.779,1.22,5.718,5.718,12.323,188.018,0.01,0.009,0.011,32,
1986-01-25 03:12:01.845000+00:00,26859,22,33,1,-5.534,-0.771,1.229,5.721,5.721,12.402,187.933,0.01,0.011,0.015,32,
1986-01-25 03:12:03.765000+00:00,26859,22,65,1,-5.527,-0.772,1.23,5.715,5.715,12.431,187.954,0.013,0.012,0.01,32,
1986-01-25 03:12:05.685000+00:00,26859,22,97,1,-5.523,-0.768,1.23,5.71,5.71,12.44,187.919,0.011,0.008,0.008,32,
1986-01-25 03:12:07.605000+00:00,26859,22,129,1,-5.535,-0.761,1.241,5.723,5.723,12.526,187.832,0.008,0.012,0.013,32,
1986-01-25 03:12:09.525000+00:00,26859,22,161,1,-5.528,-0.762,1.248,5.718,5.718,12.609,187.844,0.011,0.011,0.007,32,
1986-01-25 03:12:11.445000+00:00,26859,22,193,1,-5.518,-0.772,1.233,5.706,5.706,12.479,187.963,0.011,0.01,0.012,32,
1986-01-25 03:12:13.365000+00:00,26859,22,225,1,-5.526,-0.757,1.244,5.715,5.715,12.577,187.802,0.009,0.011,0.013,32,
1986-01-25 03:12:15.285000+00:00,26859,22,257,1,-5.523,-0.764,1.233,5.71,5.71,12.467,187.873,0.009,0.011,0.009,32,
1986-01-25 03:12:17.205000+00:00,26859,22,289,1,-5.524,-0.761,1.235,5.711,5.711,12.486,187.845,0.015,0.009,0.008,32,
1986-01-25 03:12:19.125000+00:00,26859,22,321,1,-5.523,-0.75,1.239,5.709,5.709,12.535,187.734,0.009,0.01,0.012,32,
1986-01-25 03:12:21.045000+00:00,26859,22,353,1,-5.516,-0.762,1.235,5.704,5.704,12.502,187.866,0.01,0.012,0.01,32,
1986-01-25 03:12:22.965000+00:00,26859,22,385,1,-5.513,-0.763,1.235,5.701,5.701,12.509,187.879,0.012,0.009,0.01,32,
1986-01-25 03:12:24.885000+00:00,26859,22,417,1,-5.521,-0.759,1.238,5.709,5.709,12.526,187.829,0.008,0.012,0.011,32,
1986-01-25 03:12:26.805000+00:00,26859,22,449,1,-5.508,-0.761,1.23,5.695,5.695,12.471,187.867,0.011,0.011,0.007,32,
1986-01-25 03:12:28.725000+00:00,26859,22,481,1,-5.505,-0.749,1.239,5.693,5.693,12.574,187.748,0.012,0.009,0.008,32,
1986-01-25 03:12:30.645000+00:00,26859,22,513,1,-5.51,-0.74,1.238,5.696,5.696,12.554,187.654,0.006,0.01,0.012,32,
1986-01-25 03:12:32.565000+00:00,26859,22,545,1,-5.504,-0.754,1.239,5.692,5.692,12.573,187.802,0.011,0.014,0.009,32,
1986-01-25 03:12:34.485000+00:00,26859,22,577,1,-5.515,-0.747,1.241,5.702,5.702,12.574,187.708,0.013,0.009,0.008,32,
1986-01-25 03:12:36.405000+00:00,26859,22,609,1,-5.505,-0.756,1.239,5.694,5.694,12.573,187.818,0.01,0.011,0.011,32,
1986-01-25 03:12:38.325000+00:00,26859,22,641,1,-5.509,-0.753,1.228,5.694,5.694,12.454,187.782,0.009,0.014,0.01,32,
1986-01-25 03:12:40.245000+00:00,26859,22,673,1,-5.51,-0.756,1.22,5.694,5.694,12.376,187.809,0.007,0.012,0.009,32,
1986-01-25 03:12:42.165000+00:00,26859,22,705,1,-5.505,-0.759,1.225,5.691,5.691,12.428,187.852,0.01,0.009,0.01,32,
1986-01-25 03:12:44.085000+00:00,26859,22,737,1,-5.499,-0.757,1.225,5.684,5.684,12.441,187.84,0.012,0.013,0.009,32,
1986-01-25 03:12:46.005000+00:00,26859,22,769,1,-5.498,-0.752,1.223,5.682,5.682,12.429,187.793,0.012,0.01,0.01,32,
1986-01-25 03:12:47.924000+00:00,26859,23,1,1,-5.498,-0.748,1.228,5.683,5.683,12.477,187.745,0.011,0.008,0.009,32,
1986-01-25 03:12:49.844000+00:00,26859,23,33,1,-5.492,-0.751,1.233,5.679,5.679,12.536,187.784,0.01,0.008,0.012,32,
1986-01-25 03:12:51.764000+00:00,26859,23,65,1,-5.493,-0.745,1.23,5.678,5.678,12.511,187.727,0.008,0.015,0.008,32,
1986-01-25 03:12:53.684000+00:00,26859,23,97,1,-5.492,-0.742,1.238,5.679,5.679,12.594,187.695,0.01,0.007,0.01,32,
1986-01-25 03:12:55.604000+00:00,26859,23,129,1,-5.492,-0.746,1.23,5.677,5.677,12.515,187.733,0.008,0.01,0.014,32,
1986-01-25 03:12:57.524000+00:00,26859,23,161,1,-5.49,-0.745,1.226,5.674,5.674,12.473,187.728,0.011,0.012,0.01,32,
1986-01-25 03:12:59.444000+00:00,26859,23,193,1,-5.478,-0.741,1.229,5.663,5.663,12.538,187.703,0.018,0.007,0.01,32,
1986-01-25 03:13:01.364000+00:00,26859,23,225,1,-5.482,-0.743,1.222,5.666,5.666,12.455,187.715,0.01,0.009,0.014,32,
1986-01-25 03:13:03.284000+00:00,26859,23,257,1,-5.487,-0.743,1.227,5.671,5.671,12.497,187.715,0.009,0.014,0.007,32,
1986-01-25 03:13:05.204000+00:00,26859,23,289,1,-5.492,-0.737,1.23,5.676,5.676,12.513,187.646,0.01,0.011,0.013,32,
1986-01-25 03:13:07.124000+00:00,26859,23,321,1,-5.491,-0.739,1.222,5.674,5.674,12.436,187.668,0.009,0.009,0.014,32,
1986-01-25 03:13:09.044000+00:00,26859,23,353,1,-5.493,-0.744,1.229,5.678,5.678,12.497,187.713,0.01,0.016,0.008,32,
1986-01-25 03:13:10.964000+00:00,26859,23,385,1,-5.485,-0.738,1.229,5.669,5.669,12.516,187.666,0.014,0.011,0.008,32,
1986-01-25 03:13:12.884000+00:00,26859,23,417,1,-5.478,-0.738,1.231,5.663,5.663,12.552,187.676,0.01,0.011,0.016,32,
1986-01-25 03:13:14.804000+00:00,26859,23,449,1,-5.484,-0.727,1.236,5.668,5.668,12.597,187.555,0.011,0.015,0.008,32,
1986-01-25 03:13:16.724000+00:00,26859,23,481,1,-5.474,-0.73,1.233,5.658,5.658,12.585,187.599,0.014,0.009,0.011,32,
1986-01-25 03:13:18.644000+00:00,26859,23,513,1,-5.475,-0.734,1.235,5.66,5.66,12.602,187.635,0.007,0.008,0.009,32,
1986-01-25 03:13:20.564000+00:00,26859,23,545,1,-5.48,-0.728,1.229,5.663,5.663,12.531,187.568,0.008,0.008,0.007,32,
1986-01-25 03:13:22.484000+00:00,26859,23,577,1,-5.473,-0.733,1.232,5.658,5.658,12.583,187.625,0.013,0.009,0.009,32,
1986-01-25 03:13:24.404000+00:00,26859,23,609,1,-5.476,-0.737,1.226,5.66,5.66,12.506,187.665,0.007,0.01,0.014,32,
1986-01-25 03:13:26.324000+00:00,26859,23,641,1,-5.459,-0.729,1.226,5.643,5.643,12.554,187.602,0.013,0.011,0.008,32,
1986-01-25 03:13:28.244000+00:00,26859,23,673,1,-5.463,-0.724,1.232,5.647,5.647,12.601,187.551,0.013,0.007,0.008,32,
1986-01-25 03:13:30.164000+00:00,26859,23,705,1,-5.462,-0.732,1.228,5.646,5.646,12.561,187.635,0.007,0.008,0.012,32,
1986-01-25 03:13:32.084000+00:00,26859,23,737,1,-5.469,-0.725,1.234,5.653,5.653,12.608,187.553,0.008,0.01,0.005,32,
1986-01-25 03:13:34.004000+00:00,26859,23,769,1,-5.464,-0.732,1.221,5.647,5.647,12.492,187.627,0.01,0.008,0.011,32,
1986-01-25 03:13:35.924000+00:00,26859,24,1,1,-5.471,-0.732,1.232,5.655,5.655,12.582,187.616,0.012,0.01,0.008,32,
1986-01-25 03:13:37.844000+00:00,26859,24,33,1,-5.477,-0.725,1.24,5.662,5.662,12.646,187.539,0.008,0.008,0.012,32,
1986-01-25 03:13:39.764000+00:00,26859,24,65,1,-5.471,-0.725,1.24,5.656,5.656,12.668,187.55,0.008,0.013,0.008,32,
1986-01-25 03:13:41.684000+00:00,26859,24,97,1,-5.469,-0.726,1.229,5.652,5.652,12.562,187.566,0.012,0.006,0.01,32,
1986-01-25 03:13:43.604000+00:00,26859,24,129,1,-5.466,-0.725,1.236,5.651,5.651,12.631,187.554,0.009,0.006,0.012,32,
1986-01-25 03:13:45.524000+00:00,26859,24,161,1,-5.46,-0.73,1.224,5.643,5.643,12.529,187.616,0.012,0.018,0.009,32,
1986-01-25 03:13:47.444000+00:00,26859,24,193,1,-5.456,-0.725,1.231,5.64,5.64,12.605,187.566,0.012,0.008,0.011,32,
1986-01-25 03:13:49.364000+00:00,26859,24,225,1,-5.453,-0.724,1.228,5.636,5.636,12.585,187.567,0.009,0.01,0.013,32,
1986-01-25 03:13:51.284000+00:00,26859,24,257,1,-5.453,-0.734,1.222,5.636,5.637,12.518,187.667,0.01,0.015,0.009,32,
1986-01-25 03:13:53.204000+00:00,26859,24,289,1,-5.459,-0.727,1.224,5.641,5.641,12.527,187.589,0.014,0.007,0.01,32,
1986-01-25 03:13:55.124000+00:00,26859,24,321,1,-5.456,-0.724,1.222,5.638,5.638,12.522,187.56,0.005,0.011,0.013,32,
1986-01-25 03:13:57.044000+00:00,26859,24,353,1,-5.448,-0.729,1.214,5.629,5.629,12.458,187.62,0.01,0.014,0.008,32,
1986-01-25 03:13:58.964000+00:00,26859,24,385,1,-5.456,-0.727,1.226,5.639,5.639,12.561,187.59,0.012,0.01,0.009,32,
1986-01-25 03:14:00.884000+00:00,26859,24,417,1,-5.449,-0.727,1.219,5.631,5.631,12.506,187.597,0.008,0.01,0.015,32,
1986-01-25 03:14:02.804000+00:00,26859,24,449,1,-5.452,-0.723,1.224,5.634,5.634,12.549,187.549,0.01,0.018,0.006,32,
1986-01-25 03:14:04.724000+00:00,26859,24,481,1,-5.452,-0.717,1.23,5.634,5.635,12.608,187.488,0.015,0.008,0.01,32,
1986-01-25 03:14:06.644000+00:00,26859,24,513,1,-5.452,-0.716,1.22,5.633,5.633,12.513,187.477,0.006,0.011,0.011,32,
1986-01-25 03:14:08.564000+00:00,26859,24,545,1,-5.453,-0.715,1.221,5.634,5.634,12.521,187.467,0.011,0.012,0.011,32,
1986-01-25 03:14:10.484000+00:00,26859,24,577,1,-5.457,-0.711,1.229,5.638,5.638,12.592,187.427,0.012,0.008,0.01,32,
1986-01-25 03:14:12.404000+00:00,26859,24,609,1,-5.449,-0.716,1.223,5.63,5.63,12.546,187.482,0.008,0.009,0.014,32,
1986-01-25 03:14:14.324000+00:00,26859,24,641,1,-5.451,-0.713,1.219,5.631,5.631,12.5,187.45,0.01,0.016,0.009,32,
1986-01-25 03:14:16.244000+00:00,26859,24,673,1,-5.447,-0.717,1.23,5.63,5.63,12.62,187.498,0.015,0.008,0.01,32,
1986-01-25 03:14:18.164000+00:00,26859,24,705,1,-5.455,-0.719,1.214,5.634,5.634,12.441,187.504,0.008,0.009,0.011,32,
1986-01-25 03:14:20.084000+00:00,26859,24,737,1,-5.443,-0.712,1.224,5.624,5.624,12.567,187.456,0.013,0.011,0.007,32,
1986-01-25 03:14:22.004000+00:00,26859,24,769,1,-5.446,-0.719,1.226,5.629,5.629,12.584,187.525,0.014,0.009,0.01,32,
1986-01-25 03:14:23.924000+00:00,26859,25,1,1,-5.439,-0.725,1.222,5.622,5.622,12.556,187.588,0.014,0.01,0.011,32,
1986-01-25 03:14:25.844000+00:00,26859,25,33,1,-5.444,-0.715,1.227,5.626,5.626,12.599,187.48,0.007,0.011,0.014,32,
1986-01-25 03:14:27.764000+00:00,26859,25,65,1,-5.44,-0.716,1.231,5.623,5.623,12.648,187.496,0.009,0.012,0.006,32,
1986-01-25 03:14:29.684000+00:00,26859,25,97,1,-5.443,-0.71,1.233,5.626,5.626,12.663,187.427,0.013,0.009,0.009,32,
1986-01-25 03:14:31.604000+00:00,26859,25,129,1,-5.436,-0.714,1.228,5.619,5.619,12.628,187.485,0.009,0.008,0.012,32,
1986-01-25 03:14:33.524000+00:00,26859,25,161,1,-5.438,-0.713,1.234,5.622,5.622,12.68,187.47,0.011,0.013,0.005,32,
1986-01-25 03:14:35.444000+00:00,26859,25,193,1,-5.443,-0.716,1.232,5.626,5.626,12.645,187.495,0.015,0.008,0.01,32,
1986-01-25 03:14:37.364000+00:00,26859,25,225,1,-5.435,-0.722,1.223,5.618,5.618,12.576,187.568,0.007,0.01,0.014,32,
1986-01-25 03:14:39.284000+00:00,26859,25,257,1,-5.433,-0.725,1.232,5.618,5.618,12.671,187.602,0.008,0.012,0.008,32,
1986-01-25 03:14:41.204000+00:00,26859,25,289,1,-5.441,-0.73,1.225,5.625,5.625,12.582,187.644,0.012,0.009,0.009,32,
1986-01-25 03:14:43.124000+00:00,26859,25,321,1,-5.438,-0.726,1.235,5.623,5.623,12.687,187.602,0.008,0.01,0.015,32,
1986-01-25 03:14:45.044000+00:00,26859,25,353,1,-5.442,-0.735,1.227,5.627,5.627,12.591,187.692,0.012,0.017,0.01,32,
1986-01-25 03:14:46.964000+00:00,26859,25,385,1,-5.444,-0.722,1.235,5.628,5.628,12.677,187.556,0.013,0.009,0.007,32,
1986-01-25 03:14:48.884000+00:00,26859,25,417,1,-5.434,-0.717,1.234,5.619,5.619,12.687,187.517,0.008,0.01,0.014,32,
1986-01-25 03:14:50.804000+00:00,26859,25,449,1,-5.439,-0.716,1.238,5.624,5.624,12.719,187.501,0.009,0.013,0.007,32,
1986-01-25 03:14:52.724000+00:00,26859,25,481,1,-5.434,-0.713,1.236,5.619,5.619,12.712,187.472,0.014,0.007,0.015,32,
1986-01-25 03:14:54.644000+00:00,26859,25,513,1,-5.437,-0.719,1.237,5.622,5.622,12.708,187.531,0.004,0.009,0.011,32,
1986-01-25 03:14:56.564000+00:00,26859,25,545,1,-5.433,-0.723,1.227,5.616,5.616,12.62,187.577,0.008,0.011,0.01,32,
1986-01-25 03:14:58.484000+00:00,26859,25,577,1,-5.431,-0.719,1.231,5.615,5.615,12.666,187.543,0.011,0.008,0.01,32,
1986-01-25 03:15:00.404000+00:00,26859,25,609,1,-5.428,-0.721,1.225,5.611,5.611,12.61,187.571,0.007,0.013,0.014,32,
1986-01-25 03:15:02.324000+00:00,26859,25,641,1,-5.421,-0.718,1.232,5.605,5.606,12.692,187.544,0.011,0.014,0.009,32,
1986-01-25 03:15:04.244000+00:00,26859,25,673,1,-5.435,-0.722,1.232,5.619,5.619,12.662,187.568,0.015,0.008,0.009,32,
1986-01-25 03:15:06.164000+00:00,26859,25,705,1,-5.429,-0.716,1.235,5.614,5.614,12.71,187.51,0.01,0.009,0.012,32,
1986-01-25 03:15:08.084000+00:00,26859,25,737,1,-5.426,-0.72,1.229,5.61,5.61,12.657,187.561,0.011,0.013,0.011,32,
1986-01-25 03:15:10.004000+00:00,26859,25,769,1,-5.431,-0.724,1.237,5.617,5.617,12.719,187.592,0.017,0.007,0.011,32,
1986-01-25 03:15:11.924000+00:00,26859,26,1,1,-5.429,-0.724,1.228,5.613,5.613,12.633,187.599,0.013,0.009,0.01,32,
1986-01-25 03:15:13.844000+00:00,26859,26,33,1,-5.437,-0.718,1.232,5.621,5.621,12.663,187.519,0.007,0.009,0.015,32,
1986-01-25 03:15:15.764000+00:00,26859,26,65,1,-5.432,-0.714,1.227,5.614,5.614,12.626,187.493,0.01,0.013,0.008,32,
1986-01-25 03:15:17.684000+00:00,26859,26,97,1,-5.425,-0.71,1.227,5.607,5.607,12.645,187.453,0.014,0.008,0.01,32,
1986-01-25 03:15:19.604000+00:00,26859,26,129,1,-5.431,-0.722,1.224,5.614,5.614,12.598,187.575,0.007,0.01,0.011,32,
1986-01-25 03:15:21.524000+00:00,26859,26,161,1,-5.425,-0.72,1.225,5.608,5.608,12.618,187.558,0.008,0.014,0.007,32,
1986-01-25 03:15:23.444000+00:00,26859,26,193,1,-5.42,-0.719,1.221,5.603,5.603,12.587,187.556,0.015,0.008,0.009,32,
1986-01-25 03:15:25.364000+00:00,26859,26,225,1,-5.42,-0.721,1.218,5.602,5.602,12.559,187.583,0.007,0.008,0.012,32,
1986-01-25 03:15:27.284000+00:00,26859,26,257,1,-5.427,-0.715,1.224,5.609,5.61,12.607,187.502,0.013,0.014,0.009,32,
1986-01-25 03:15:29.204000+00:00,26859,26,289,1,-5.419,-0.712,1.225,5.601,5.601,12.631,187.483,0.011,0.007,0.009,32,
1986-01-25 03:15:31.124000+00:00,26859,26,321,1,-5.421,-0.706,1.225,5.602,5.603,12.627,187.425,0.006,0.007,0.013,32,
1986-01-25 03:15:33.044000+00:00,26859,26,353,1,-5.417,-0.706,1.223,5.598,5.598,12.621,187.425,0.01,0.014,0.008,32,
1986-01-25 03:15:34.964000+00:00,26859,26,385,1,-5.41,-0.711,1.225,5.592,5.592,12.654,187.482,0.016,0.007,0.01,32,
1986-01-25 03:15:36.884000+00:00,26859,26,417,1,-5.41,-0.711,1.223,5.592,5.592,12.637,187.488,0.009,0.011,0.011,32,
1986-01-25 03:15:38.804000+00:00,26859,26,449,1,-5.411,-0.721,1.217,5.593,5.593,12.568,187.588,0.012,0.016,0.011,32,
1986-01-25 03:15:40.724000+00:00,26859,26,481,1,-5.413,-0.708,1.225,5.595,5.595,12.644,187.455,0.016,0.007,0.008,32,
1986-01-25 03:15:42.644000+00:00,26859,26,513,1,-5.415,-0.704,1.228,5.597,5.597,12.674,187.404,0.01,0.01,0.012,32,
1986-01-25 03:15:44.564000+00:00,26859,26,545,1,-5.406,-0.703,1.221,5.586,5.586,12.627,187.413,0.007,0.011,0.011,32,
1986-01-25 03:15:46.484000+00:00,26859,26,577,1,-5.416,-0.7,1.234,5.598,5.598,12.731,187.37,0.012,0.009,0.01,32,
1986-01-25 03:15:48.404000+00:00,26859,26,609,1,-5.412,-0.701,1.226,5.593,5.593,12.66,187.378,0.009,0.007,0.011,32,
1986-01-25 03:15:50.324000+00:00,26859,26,641,1,-5.413,-0.701,1.224,5.594,5.594,12.636,187.379,0.009,0.014,0.009,32,
1986-01-25 03:15:52.244000+00:00,26859,26,673,1,-5.416,-0.695,1.216,5.594,5.594,12.551,187.314,0.016,0.009,0.013,32,
1986-01-25 03:15:54.164000+00:00,26859,26,705,1,-5.412,-0.702,1.208,5.589,5.589,12.477,187.395,0.007,0.01,0.014,32,
1986-01-25 03:15:56.084000+00:00,26859,26,737,1,-5.403,-0.697,1.22,5.583,5.583,12.619,187.349,0.009,0.012,0.008,32,
1986-01-25 03:15:58.004000+00:00,26859,26,769,1,-5.399,-0.702,1.218,5.579,5.579,12.61,187.409,0.012,0.007,0.01,32,
1986-01-25 03:15:59.924000+00:00,26859,27,1,1,-5.404,-0.697,1.218,5.583,5.584,12.595,187.352,0.014,0.01,0.008,32,
1986-01-25 03:16:01.844000+00:00,26859,27,33,1,-5.4,-0.695,1.216,5.578,5.579,12.593,187.332,0.007,0.013,0.013,32,
1986-01-25 03:16:03.764000+00:00,26859,27,65,1,-5.393,-0.689,1.22,5.572,5.572,12.651,187.278,0.012,0.013,0.009,32,
1986-01-25 03:16:05.684000+00:00,26859,27,97,1,-5.388,-0.69,1.216,5.566,5.566,12.615,187.295,0.011,0.008,0.01,32,
1986-01-25 03:16:07.604000+00:00,26859,27,129,1,-5.392,-0.696,1.215,5.571,5.571,12.596,187.35,0.009,0.01,0.014,32,
1986-01-25 03:16:09.524000+00:00,26859,27,161,1,-5.401,-0.697,1.212,5.579,5.579,12.543,187.352,0.011,0.012,0.01,32,
1986-01-25 03:16:11.444000+00:00,26859,27,193,1,-5.386,-0.697,1.219,5.566,5.566,12.654,187.378,0.012,0.007,0.012,32,
1986-01-25 03:16:13.364000+00:00,26859,27,225,1,-5.404,-0.698,1.229,5.585,5.585,12.713,187.357,0.01,0.008,0.013,32,
1986-01-25 03:16:15.284000+00:00,26859,27,257,1,-5.409,-0.692,1.225,5.589,5.589,12.661,187.289,0.009,0.011,0.011,32,
1986-01-25 03:16:17.204000+00:00,26859,27,289,1,-5.41,-0.69,1.222,5.589,5.589,12.634,187.272,0.016,0.009,0.008,32,
1986-01-25 03:16:19.124000+00:00,26859,27,321,1,-5.402,-0.684,1.23,5.582,5.582,12.73,187.214,0.01,0.009,0.013,32,
1986-01-25 03:16:21.044000+00:00,26859,27,353,1,-5.398,-0.683,1.234,5.579,5.579,12.775,187.209,0.008,0.015,0.01,32,
1986-01-25 03:16:22.964000+00:00,26859,27,385,1,-5.397,-0.683,1.225,5.576,5.576,12.691,187.217,0.015,0.012,0.009,32,
1986-01-25 03:16:24.884000+00:00,26859,27,417,1,-5.398,-0.687,1.231,5.579,5.579,12.748,187.252,0.009,0.01,0.013,32,
1986-01-25 03:16:26.804000+00:00,26859,27,449,1,-5.397,-0.684,1.226,5.577,5.577,12.698,187.221,0.012,0.012,0.007,32,
1986-01-25 03:16:28.724000+00:00,26859,27,481,1,-5.39,-0.686,1.226,5.57,5.57,12.719,187.255,0.012,0.01,0.01,32,
1986-01-25 03:16:30.644000+00:00,26859,27,513,1,-5.402,-0.688,1.23,5.583,5.583,12.728,187.258,0.011,0.011,0.012,32,
1986-01-25 03:16:32.564000+00:00,26859,27,545,1,-5.393,-0.687,1.231,5.575,5.575,12.758,187.263,0.009,0.012,0.008,32,
1986-01-25 03:16:34.484000+00:00,26859,27,577,1,-5.386,-0.685,1.232,5.567,5.567,12.783,187.249,0.013,0.01,0.011,32,
1986-01-25 03:16:36.404000+00:00,26859,27,609,1,-5.388,-0.683,1.227,5.568,5.568,12.728,187.221,0.01,0.01,0.011,32,
1986-01-25 03:16:38.324000+00:00,26859,27,641,1,-5.389,-0.683,1.226,5.569,5.569,12.716,187.222,0.011,0.014,0.008,32,
1986-01-25 03:16:40.244000+00:00,26859,27,673,1,-5.386,-0.674,1.22,5.563,5.563,12.664,187.138,0.014,0.009,0.012,32,
1986-01-25 03:16:42.164000+00:00,26859,27,705,1,-5.385,-0.668,1.226,5.563,5.563,12.734,187.072,0.007,0.014,0.014,32,
1986-01-25 03:16:44.084000+00:00,26859,27,737,1,-5.383,-0.673,1.227,5.562,5.562,12.747,187.125,0.01,0.011,0.01,32,
1986-01-25 03:16:46.004000+00:00,26859,27,769,1,-5.383,-0.679,1.223,5.561,5.561,12.704,187.19,0.013,0.007,0.011,32,
1986-01-25 03:16:47.924000+00:00,26859,28,1,1,-5.378,-0.674,1.223,5.557,5.557,12.717,187.144,0.013,0.011,0.009,32,
1986-01-25 03:16:49.844000+00:00,26859,28,33,1,-5.378,-0.68,1.22,5.556,5.556,12.689,187.201,0.01,0.009,0.014,32,
1986-01-25 03:16:51.764000+00:00,26859,28,65,1,-5.383,-0.665,1.228,5.561,5.561,12.757,187.047,0.01,0.008,0.008,32,
1986-01-25 03:16:53.684000+00:00,26859,28,97,1,-5.379,-0.672,1.217,5.556,5.556,12.657,187.119,0.012,0.008,0.009,32,
1986-01-25 03:16:55.604000+00:00,26859,28,129,1,-5.371,-0.677,1.225,5.551,5.551,12.745,187.188,0.009,0.01,0.015,32,
1986-01-25 03:16:57.524000+00:00,26859,28,161,1,-5.372,-0.672,1.22,5.55,5.55,12.699,187.131,0.008,0.012,0.009,32,
1986-01-25 03:16:59.444000+00:00,26859,28,193,1,-5.364,-0.682,1.212,5.541,5.541,12.636,187.251,0.014,0.008,0.01,32,
1986-01-25 03:17:01.364000+00:00,26859,28,225,1,-5.372,-0.679,1.224,5.552,5.552,12.74,187.205,0.008,0.01,0.015,32,
1986-01-25 03:17:03.284000+00:00,26859,28,257,1,-5.369,-0.682,1.229,5.549,5.549,12.791,187.235,0.009,0.016,0.008,32,
1986-01-25 03:17:05.204000+00:00,26859,28,289,1,-5.369,-0.679,1.227,5.549,5.549,12.779,187.21,0.012,0.013,0.01,32,
1986-01-25 03:17:07.124000+00:00,26859,28,321,1,-5.368,-0.677,1.231,5.548,5.548,12.815,187.191,0.009,0.014,0.009,32,
1986-01-25 03:17:09.044000+00:00,26859,28,353,1,-5.36,-0.683,1.216,5.538,5.538,12.686,187.263,0.008,0.014,0.008,32,
1986-01-25 03:17:10.964000+00:00,26859,28,385,1,-5.364,-0.678,1.215,5.542,5.542,12.67,187.201,0.012,0.009,0.008,32,
1986-01-25 03:17:12.884000+00:00,26859,28,417,1,-5.363,-0.681,1.21,5.54,5.54,12.621,187.234,0.008,0.009,0.014,32,
1986-01-25 03:17:14.804000+00:00,26859,28,449,1,-5.365,-0.683,1.22,5.544,5.544,12.716,187.254,0.009,0.012,0.008,32,
1986-01-25 03:17:16.724000+00:00,26859,28,481,1,-5.357,-0.684,1.212,5.535,5.535,12.647,187.281,0.013,0.01,0.012,32,
1986-01-25 03:17:18.644000+00:00,26859,28,513,1,-5.358,-0.693,1.214,5.538,5.538,12.667,187.372,0.008,0.01,0.009,32,
1986-01-25 03:17:20.564000+00:00,26859,28,545,1,-5.355,-0.693,1.217,5.535,5.535,12.702,187.378,0.008,0.015,0.011,32,
1986-01-25 03:17:22.484000+00:00,26859,28,577,1,-5.357,-0.685,1.222,5.537,5.537,12.753,187.289,0.012,0.01,0.009,32,
1986-01-25 03:17:24.404000+00:00,26859,28,609,1,-5.358,-0.681,1.221,5.538,5.538,12.742,187.239,0.009,0.009,0.012,32,
1986-01-25 03:17:26.324000+00:00,26859,28,641,1,-5.355,-0.679,1.221,5.535,5.535,12.745,187.222,0.013,0.011,0.008,32,
1986-01-25 03:17:28.244000+00:00,26859,28,673,1,-5.352,-0.675,1.23,5.533,5.533,12.84,187.185,0.014,0.006,0.011,32,
1986-01-25 03:17:30.164000+00:00,26859,28,705,1,-5.345,-0.676,1.222,5.525,5.525,12.782,187.208,0.008,0.012,0.011,32,
1986-01-25 03:17:32.084000+00:00,26859,28,737,1,-5.355,-0.673,1.214,5.532,5.532,12.673,187.164,0.012,0.01,0.011,32,
1986-01-25 03:17:34.004000+00:00,26859,28,769,1,-5.355,-0.678,1.228,5.536,5.536,12.814,187.216,0.014,0.009,0.011,32,
1986-01-25 03:17:35.924000+00:00,26859,29,1,1,-5.348,-0.668,1.225,5.527,5.527,12.807,187.125,0.012,0.007,0.011,32,
1986-01-25 03:17:37.844000+00:00,26859,29,33,1,-5.341,-0.676,1.209,5.518,5.518,12.658,187.21,0.008,0.011,0.016,32,
1986-01-25 03:17:39.764000+00:00,26859,29,65,1,-5.347,-0.683,1.214,5.526,5.526,12.69,187.281,0.012,0.01,0.008,32,
1986-01-25 03:17:41.684000+00:00,26859,29,97,1,-5.351,-0.681,1.212,5.528,5.528,12.659,187.254,0.013,0.008,0.011,32,
1986-01-25 03:17:43.604000+00:00,26859,29,129,1,-5.347,-0.68,1.219,5.526,5.526,12.742,187.25,0.009,0.009,0.011,32,
1986-01-25 03:17:45.524000+00:00,26859,29,161,1,-5.344,-0.68,1.219,5.524,5.524,12.75,187.254,0.011,0.011,0.007,32,
1986-01-25 03:17:47.444000+00:00,26859,29,193,1,-5.344,-0.686,1.223,5.525,5.525,12.786,187.315,0.018,0.008,0.01,32,
1986-01-25 03:17:49.364000+00:00,26859,29,225,1,-5.343,-0.674,1.232,5.525,5.525,12.884,187.191,0.009,0.012,0.012,32,
1986-01-25 03:17:51.284000+00:00,26859,29,257,1,-5.346,-0.669,1.235,5.527,5.527,12.914,187.131,0.01,0.012,0.009,32,
1986-01-25 03:17:53.204000+00:00,26859,29,289,1,-5.341,-0.679,1.226,5.522,5.522,12.832,187.245,0.013,0.008,0.011,32,
1986-01-25 03:17:55.124000+00:00,26859,29,321,1,-5.328,-0.674,1.224,5.508,5.508,12.837,187.21,0.009,0.01,0.013,32,
1986-01-25 03:17:57.044000+00:00,26859,29,353,1,-5.328,-0.687,1.212,5.507,5.507,12.709,187.349,0.008,0.014,0.007,32,
1986-01-25 03:17:58.964000+00:00,26859,29,385,1,-5.326,-0.684,1.222,5.507,5.507,12.817,187.314,0.011,0.008,0.009,32,
1986-01-25 03:18:00.884000+00:00,26859,29,417,1,-5.331,-0.687,1.225,5.513,5.513,12.835,187.344,0.008,0.012,0.015,32,
1986-01-25 03:18:02.804000+00:00,26859,29,449,1,-5.338,-0.691,1.217,5.518,5.518,12.741,187.373,0.009,0.014,0.008,32,
1986-01-25 03:18:04.724000+00:00,26859,29,481,1,-5.329,-0.685,1.229,5.511,5.511,12.886,187.326,0.016,0.008,0.01,32,
1986-01-25 03:18:06.644000+00:00,26859,29,513,1,-5.322,-0.68,1.231,5.505,5.505,12.923,187.286,0.011,0.009,0.009,32,
1986-01-25 03:18:08.564000+00:00,26859,29,545,1,-5.327,-0.676,1.233,5.509,5.509,12.931,187.232,0.01,0.014,0.008,32,
1986-01-25 03:18:10.484000+00:00,26859,29,577,1,-5.317,-0.682,1.225,5.499,5.499,12.872,187.314,0.011,0.008,0.011,32,
1986-01-25 03:18:12.404000+00:00,26859,29,609,1,-5.322,-0.687,1.221,5.503,5.503,12.814,187.352,0.009,0.01,0.015,32,
1986-01-25 03:18:14.324000+00:00,26859,29,641,1,-5.325,-0.684,1.231,5.508,5.508,12.916,187.317,0.011,0.013,0.008,32,
1986-01-25 03:18:16.244000+00:00,26859,29,673,1,-5.322,-0.684,1.218,5.502,5.502,12.787,187.322,0.012,0.005,0.01,32,
1986-01-25 03:18:18.164000+00:00,26859,29,705,1,-5.314,-0.687,1.22,5.495,5.495,12.825,187.369,0.01,0.015,0.013,32,
1986-01-25 03:18:20.084000+00:00,26859,29,737,1,-5.319,-0.689,1.227,5.502,5.502,12.89,187.383,0.009,0.014,0.01,32,
1986-01-25 03:18:22.004000+00:00,26859,29,769,1,-5.323,-0.689,1.222,5.505,5.505,12.828,187.371,0.016,0.008,0.011,32,
1986-01-25 03:18:23.924000+00:00,26859,30,1,1,-5.309,-0.691,1.219,5.491,5.491,12.83,187.421,0.009,0.009,0.012,32,
1986-01-25 03:18:25.844000+00:00,26859,30,33,1,-5.314,-0.677,1.223,5.495,5.495,12.862,187.257,0.008,0.007,0.009,32,
1986-01-25 03:18:27.764000+00:00,26859,30,65,1,-5.305,-0.684,1.226,5.488,5.488,12.907,187.345,0.009,0.013,0.006,32,
1986-01-25 03:18:29.684000+00:00,26859,30,97,1,-5.314,-0.685,1.217,5.494,5.494,12.797,187.347,0.013,0.009,0.01,32,
1986-01-25 03:18:31.604000+00:00,26859,30,129,1,-5.311,-0.686,1.218,5.492,5.492,12.812,187.359,0.009,0.009,0.012,32,
1986-01-25 03:18:33.524000+00:00,26859,30,161,1,-5.305,-0.689,1.207,5.484,5.484,12.715,187.403,0.007,0.013,0.009,32,
1986-01-25 03:18:35.444000+00:00,26859,30,193,1,-5.317,-0.689,1.215,5.498,5.498,12.773,187.385,0.015,0.008,0.011,32,
1986-01-25 03:18:37.364000+00:00,26859,30,225,1,-5.309,-0.69,1.221,5.491,5.491,12.851,187.403,0.006,0.007,0.013,32,
1986-01-25 03:18:39.284000+00:00,26859,30,257,1,-5.31,-0.694,1.211,5.49,5.49,12.747,187.443,0.012,0.011,0.008,32,
1986-01-25 03:18:41.204000+00:00,26859,30,289,1,-5.311,-0.689,1.222,5.493,5.493,12.849,187.392,0.012,0.006,0.008,32,
1986-01-25 03:18:43.124000+00:00,26859,30,321,1,-5.3,-0.694,1.221,5.483,5.483,12.871,187.457,0.009,0.009,0.011,32,
1986-01-25 03:18:45.044000+00:00,26859,30,353,1,-5.305,-0.696,1.222,5.488,5.488,12.867,187.477,0.01,0.008,0.009,32,
1986-01-25 03:18:46.964000+00:00,26859,30,385,1,-5.307,-0.692,1.21,5.487,5.487,12.745,187.431,0.012,0.009,0.011,32,
1986-01-25 03:18:48.884000+00:00,26859,30,417,1,-5.311,-0.693,1.212,5.491,5.491,12.754,187.431,0.009,0.011,0.015,32,
1986-01-25 03:18:50.804000+00:00,26859,30,449,1,-5.303,-0.689,1.205,5.482,5.482,12.699,187.399,0.009,0.013,0.008,32,
1986-01-25 03:18:52.724000+00:00,26859,30,481,1,-5.293,-0.673,1.205,5.47,5.47,12.727,187.249,0.012,0.008,0.012,32,
1986-01-25 03:18:54.644000+00:00,26859,30,513,1,-5.299,-0.691,1.2,5.477,5.477,12.659,187.427,0.008,0.012,0.012,32,
1986-01-25 03:18:56.564000+00:00,26859,30,545,1,-5.299,-0.694,1.209,5.479,5.479,12.745,187.46,0.008,0.012,0.009,32,
1986-01-25 03:18:58.484000+00:00,26859,30,577,1,-5.303,-0.694,1.199,5.481,5.481,12.633,187.458,0.011,0.009,0.012,32,
1986-01-25 03:19:00.404000+00:00,26859,30,609,1,-5.3,-0.688,1.198,5.477,5.477,12.637,187.391,0.009,0.012,0.012,32,
1986-01-25 03:19:02.324000+00:00,26859,30,641,1,-5.291,-0.681,1.203,5.469,5.469,12.706,187.336,0.01,0.011,0.007,32,
1986-01-25 03:19:04.244000+00:00,26859,30,673,1,-5.293,-0.675,1.201,5.47,5.47,12.683,187.27,0.013,0.009,0.011,32,
1986-01-25 03:19:06.164000+00:00,26859,30,705,1,-5.288,-0.668,1.22,5.468,5.468,12.891,187.203,0.008,0.008,0.013,32,
1986-01-25 03:19:08.084000+00:00,26859,30,737,1,-5.291,-0.686,1.197,5.468,5.468,12.649,187.383,0.01,0.012,0.009,32,
1986-01-25 03:19:10.004000+00:00,26859,30,769,1,-5.284,-0.679,1.203,5.461,5.461,12.723,187.325,0.01,0.008,0.013,32,
1986-01-25 03:19:11.924000+00:00,26859,31,1,1,-5.293,-0.683,1.199,5.47,5.47,12.667,187.353,0.014,0.007,0.011,32,
1986-01-25 03:19:13.844000+00:00,26859,31,33,1,-5.293,-0.683,1.197,5.469,5.469,12.64,187.35,0.008,0.013,0.013,32,
1986-01-25 03:19:15.764000+00:00,26859,31,65,1,-5.288,-0.681,1.199,5.465,5.465,12.675,187.337,0.007,0.011,0.007,32,
1986-01-25 03:19:17.684000+00:00,26859,31,97,1,-5.288,-0.691,1.201,5.466,5.467,12.693,187.444,0.012,0.009,0.008,32,
1986-01-25 03:19:19.604000+00:00,26859,31,129,1,-5.286,-0.684,1.208,5.465,5.465,12.767,187.377,0.009,0.009,0.014,32,
1986-01-25 03:19:21.524000+00:00,26859,31,161,1,-5.289,-0.687,1.205,5.467,5.467,12.735,187.396,0.012,0.012,0.007,32,
1986-01-25 03:19:23.444000+00:00,26859,31,193,1,-5.282,-0.682,1.2,5.46,5.46,12.698,187.36,0.012,0.009,0.007,32,
1986-01-25 03:19:25.364000+00:00,26859,31,225,1,-5.282,-0.671,1.216,5.462,5.462,12.866,187.239,0.009,0.013,0.012,32,
1986-01-25 03:19:27.284000+00:00,26859,31,257,1,-5.281,-0.674,1.219,5.461,5.461,12.893,187.276,0.012,0.012,0.009,32,
1986-01-25 03:19:29.204000+00:00,26859,31,289,1,-5.274,-0.668,1.215,5.453,5.453,12.868,187.219,0.016,0.01,0.01,32,
1986-01-25 03:19:31.124000+00:00,26859,31,321,1,-5.275,-0.669,1.213,5.454,5.454,12.856,187.233,0.01,0.009,0.013,32,
1986-01-25 03:19:33.044000+00:00,26859,31,353,1,-5.267,-0.664,1.215,5.446,5.446,12.895,187.187,0.015,0.016,0.009,32,
1986-01-25 03:19:34.964000+00:00,26859,31,385,1,-5.274,-0.67,1.216,5.454,5.454,12.882,187.244,0.013,0.008,0.008,32,
1986-01-25 03:19:36.884000+00:00,26859,31,417,1,-5.274,-0.664,1.218,5.453,5.453,12.904,187.173,0.01,0.009,0.015,32,
1986-01-25 03:19:38.804000+00:00,26859,31,449,1,-5.284,-0.666,1.216,5.463,5.463,12.863,187.189,0.012,0.013,0.011,32,
1986-01-25 03:19:40.724000+00:00,26859,31,481,1,-5.277,-0.657,1.216,5.455,5.455,12.881,187.1,0.013,0.009,0.009,32,
1986-01-25 03:19:42.644000+00:00,26859,31,513,1,-5.281,-0.653,1.218,5.459,5.459,12.89,187.053,0.009,0.01,0.011,32,
1986-01-25 03:19:44.564000+00:00,26859,31,545,1,-5.277,-0.671,1.224,5.458,5.458,12.956,187.252,0.012,0.011,0.007,32,
1986-01-25 03:19:46.484000+00:00,26859,31,577,1,-5.279,-0.667,1.216,5.459,5.459,12.876,187.195,0.014,0.008,0.007,32,
1986-01-25 03:19:48.404000+00:00,26859,31,609,1,-5.289,-0.664,1.222,5.469,5.469,12.912,187.156,0.007,0.01,0.013,32,
1986-01-25 03:19:50.324000+00:00,26859,31,641,1,-5.281,-0.661,1.21,5.458,5.458,12.805,187.131,0.01,0.011,0.008,32,
1986-01-25 03:19:52.244000+00:00,26859,31,673,1,-5.283,-0.669,1.216,5.462,5.462,12.861,187.217,0.014,0.008,0.008,32,
1986-01-25 03:19:54.164000+00:00,26859,31,705,1,-5.274,-0.668,1.218,5.454,5.454,12.904,187.22,0.009,0.008,0.014,32,
1986-01-25 03:19:56.084000+00:00,26859,31,737,1,-5.278,-0.662,1.227,5.459,5.459,12.986,187.15,0.011,0.013,0.008,32,
1986-01-25 03:19:58.004000+00:00,26859,31,769,1,-5.279,-0.661,1.219,5.458,5.458,12.909,187.14,0.01,0.008,0.01,32,
1986-01-25 03:19:59.924000+00:00,26859,32,1,1,-5.27,-0.667,1.226,5.452,5.452,13.001,187.211,0.01,0.008,0.011,32,
1986-01-25 03:20:01.844000+00:00,26859,32,33,1,-5.269,-0.661,1.221,5.449,5.449,12.953,187.147,0.008,0.01,0.013,32,
1986-01-25 03:20:03.764000+00:00,26859,32,65,1,-5.272,-0.656,1.227,5.453,5.453,13.008,187.098,0.009,0.01,0.007,32,
1986-01-25 03:20:05.684000+00:00,26859,32,97,1,-5.273,-0.656,1.229,5.454,5.454,13.023,187.096,0.01,0.01,0.011,32,
1986-01-25 03:20:07.604000+00:00,26859,32,129,1,-5.273,-0.667,1.233,5.456,5.456,13.063,187.205,0.007,0.009,0.013,32,
1986-01-25 03:20:09.524000+00:00,26859,32,161,1,-5.268,-0.66,1.227,5.449,5.449,13.011,187.141,0.011,0.012,0.006,32,
1986-01-25 03:20:11.444000+00:00,26859,32,193,1,-5.256,-0.676,1.214,5.437,5.437,12.902,187.325,0.012,0.008,0.009,32,
1986-01-25 03:20:13.364000+00:00,26859,32,225,1,-5.265,-0.677,1.212,5.445,5.445,12.856,187.329,0.006,0.008,0.015,32,
1986-01-25 03:20:15.284000+00:00,26859,32,257,1,-5.274,-0.667,1.229,5.457,5.457,13.012,187.203,0.009,0.013,0.006,32,
1986-01-25 03:20:17.204000+00:00,26859,32,289,1,-5.27,-0.661,1.239,5.454,5.454,13.129,187.153,0.012,0.009,0.011,32,
1986-01-25 03:20:19.124000+00:00,26859,32,321,1,-5.257,-0.651,1.233,5.439,5.439,13.106,187.058,0.01,0.01,0.014,32,
1986-01-25 03:20:21.044000+00:00,26859,32,353,1,-5.253,-0.66,1.229,5.435,5.435,13.07,187.162,0.008,0.011,0.008,32,
1986-01-25 03:20:22.964000+00:00,26859,32,385,1,-5.26,-0.661,1.236,5.443,5.443,13.124,187.168,0.013,0.008,0.011,32,
1986-01-25 03:20:24.884000+00:00,26859,32,417,1,-5.268,-0.671,1.23,5.451,5.451,13.044,187.258,0.009,0.012,0.012,32,
1986-01-25 03:20:26.804000+00:00,26859,32,449,1,-5.266,-0.665,1.232,5.45,5.45,13.07,187.201,0.008,0.013,0.009,32,
1986-01-25 03:20:28.724000+00:00,26859,32,481,1,-5.26,-0.671,1.232,5.444,5.444,13.077,187.265,0.015,0.007,0.01,32,
1986-01-25 03:20:30.644000+00:00,26859,32,513,1,-5.243,-0.668,1.226,5.425,5.425,13.066,187.263,0.01,0.011,0.016,32,
1986-01-25 03:20:32.564000+00:00,26859,32,545,1,-5.248,-0.677,1.221,5.431,5.431,12.994,187.349,0.011,0.016,0.01,32,
1986-01-25 03:20:34.484000+00:00,26859,32,577,1,-5.256,-0.674,1.232,5.44,5.44,13.091,187.304,0.01,0.008,0.012,32,
1986-01-25 03:20:36.404000+00:00,26859,32,609,1,-5.256,-0.673,1.235,5.44,5.441,13.118,187.301,0.009,0.009,0.015,32,
1986-01-25 03:20:38.324000+00:00,26859,32,641,1,-5.25,-0.673,1.23,5.434,5.434,13.081,187.303,0.012,0.011,0.006,32,
1986-01-25 03:20:40.244000+00:00,26859,32,673,1,-5.248,-0.671,1.239,5.434,5.434,13.183,187.287,0.012,0.007,0.012,32,
1986-01-25 03:20:42.164000+00:00,26859,32,705,1,-5.25,-0.675,1.238,5.436,5.436,13.169,187.331,0.008,0.01,0.013,32,
1986-01-25 03:20:44.084000+00:00,26859,32,737,1,-5.252,-0.669,1.233,5.437,5.437,13.113,187.256,0.009,0.014,0.006,32,
1986-01-25 03:20:46.004000+00:00,26859,32,769,1,-5.247,-0.665,1.236,5.431,5.431,13.159,187.226,0.013,0.01,0.011,32,
1986-01-25 03:20:47.924000+00:00,26859,33,1,1,-5.246,-0.666,1.242,5.432,5.432,13.214,187.232,0.011,0.009,0.008,32,
1986-01-25 03:20:49.844000+00:00,26859,33,33,1,-5.238,-0.665,1.223,5.419,5.419,13.037,187.234,0.009,0.008,0.012,32,
1986-01-25 03:20:51.764000+00:00,26859,33,65,1,-5.234,-0.653,1.222,5.414,5.414,13.048,187.108,0.01,0.014,0.009,32,
1986-01-25 03:20:53.684000+00:00,26859,33,97,1,-5.24,-0.651,1.227,5.421,5.421,13.085,187.076,0.015,0.009,0.011,32,
1986-01-25 03:20:55.604000+00:00,26859,33,129,1,-5.246,-0.655,1.23,5.427,5.428,13.1,187.115,0.008,0.012,0.014,32,
1986-01-25 03:20:57.524000+00:00,26859,33,161,1,-5.233,-0.654,1.23,5.416,5.416,13.124,187.118,0.014,0.011,0.008,32,
1986-01-25 03:20:59.444000+00:00,26859,33,193,1,-5.227,-0.645,1.238,5.41,5.41,13.224,187.039,0.011,0.01,0.011,32,
1986-01-25 03:21:01.364000+00:00,26859,33,225,1,-5.229,-0.65,1.239,5.413,5.413,13.234,187.091,0.008,0.01,0.015,32,
1986-01-25 03:21:03.284000+00:00,26859,33,257,1,-5.227,-0.643,1.24,5.41,5.41,13.246,187.013,0.01,0.011,0.007,32,
1986-01-25 03:21:05.204000+00:00,26859,33,289,1,-5.235,-0.645,1.244,5.419,5.419,13.266,187.028,0.015,0.008,0.011,32,
1986-01-25 03:21:07.124000+00:00,26859,33,321,1,-5.235,-0.651,1.23,5.417,5.417,13.124,187.09,0.01,0.011,0.011,32,
1986-01-25 03:21:09.044000+00:00,26859,33,353,1,-5.237,-0.653,1.224,5.418,5.418,13.053,187.112,0.011,0.018,0.008,32,
1986-01-25 03:21:10.964000+00:00,26859,33,385,1,-5.231,-0.659,1.222,5.412,5.412,13.045,187.179,0.013,0.008,0.01,32,
1986-01-25 03:21:12.884000+00:00,26859,33,417,1,-5.235,-0.645,1.232,5.416,5.416,13.151,187.023,0.011,0.011,0.012,32,
1986-01-25 03:21:14.804000+00:00,26859,33,449,1,-5.228,-0.652,1.225,5.409,5.409,13.093,187.109,0.009,0.014,0.006,32,
1986-01-25 03:21:16.724000+00:00,26859,33,481,1,-5.226,-0.654,1.219,5.406,5.406,13.029,187.133,0.017,0.009,0.011,32,
1986-01-25 03:21:18.644000+00:00,26859,33,513,1,-5.225,-0.656,1.22,5.406,5.406,13.039,187.156,0.009,0.008,0.014,32,
1986-01-25 03:21:20.564000+00:00,26859,33,545,1,-5.224,-0.652,1.229,5.406,5.406,13.141,187.113,0.013,0.015,0.009,32,
1986-01-25 03:21:22.484000+00:00,26859,33,577,1,-5.232,-0.646,1.232,5.414,5.414,13.154,187.043,0.015,0.007,0.011,32,
1986-01-25 03:21:24.404000+00:00,26859,33,609,1,-5.234,-0.651,1.221,5.414,5.414,13.035,187.093,0.011,0.009,0.014,32,
1986-01-25 03:21:26.324000+00:00,26859,33,641,1,-5.219,-0.645,1.217,5.398,5.398,13.03,187.05,0.009,0.011,0.01,32,
1986-01-25 03:21:28.244000+00:00,26859,33,673,1,-5.224,-0.647,1.219,5.403,5.403,13.039,187.06,0.012,0.008,0.011,32,
1986-01-25 03:21:30.164000+00:00,26859,33,705,1,-5.219,-0.646,1.214,5.397,5.397,13.0,187.055,0.008,0.011,0.012,32,
1986-01-25 03:21:32.084000+00:00,26859,33,737,1,-5.217,-0.644,1.215,5.395,5.395,13.01,187.041,0.008,0.012,0.008,32,
1986-01-25 03:21:34.004000+00:00,26859,33,769,1,-5.216,-0.649,1.216,5.395,5.395,13.023,187.091,0.013,0.009,0.012,32,
1986-01-25 03:21:35.924000+00:00,26859,34,1,1,-5.219,-0.649,1.213,5.397,5.397,12.991,187.09,0.011,0.007,0.01,32,
1986-01-25 03:21:37.844000+00:00,26859,34,33,1,-5.212,-0.64,1.219,5.391,5.391,13.071,187.004,0.009,0.01,0.012,32,
1986-01-25 03:21:39.764000+00:00,26859,34,65,1,-5.205,-0.64,1.222,5.385,5.385,13.121,187.01,0.006,0.009,0.008,32,
1986-01-25 03:21:41.684000+00:00,26859,34,97,1,-5.205,-0.643,1.223,5.385,5.385,13.129,187.043,0.014,0.008,0.01,32,
1986-01-25 03:21:43.604000+00:00,26859,34,129,1,-5.203,-0.653,1.221,5.384,5.384,13.103,187.158,0.008,0.008,0.012,32,
1986-01-25 03:21:45.524000+00:00,26859,34,161,1,-5.195,-0.657,1.211,5.375,5.375,13.023,187.21,0.01,0.011,0.01,32,
1986-01-25 03:21:47.444000+00:00,26859,34,193,1,-5.19,-0.661,1.215,5.372,5.372,13.077,187.262,0.016,0.008,0.007,32,
1986-01-25 03:21:49.364000+00:00,26859,34,225,1,-5.202,-0.658,1.215,5.382,5.382,13.045,187.208,0.009,0.011,0.011,32,
1986-01-25 03:21:51.284000+00:00,26859,34,257,1,-5.204,-0.655,1.21,5.383,5.383,12.991,187.177,0.009,0.012,0.01,32,
1986-01-25 03:21:53.204000+00:00,26859,34,289,1,-5.202,-0.659,1.212,5.382,5.382,13.016,187.217,0.013,0.007,0.013,32,
1986-01-25 03:21:55.124000+00:00,26859,34,321,1,-5.208,-0.659,1.214,5.388,5.388,13.025,187.216,0.009,0.01,0.011,32,
1986-01-25 03:21:57.044000+00:00,26859,34,353,1,-5.205,-0.654,1.216,5.385,5.385,13.05,187.167,0.013,0.014,0.009,32,
1986-01-25 03:21:58.964000+00:00,26859,34,385,1,-5.204,-0.66,1.215,5.384,5.384,13.039,187.226,0.008,0.008,0.009,32,
1986-01-25 03:22:00.884000+00:00,26859,34,417,1,-5.206,-0.658,1.212,5.386,5.386,13.006,187.208,0.01,0.012,0.012,32,
1986-01-25 03:22:02.804000+00:00,26859,34,449,1,-5.213,-0.653,1.222,5.394,5.394,13.093,187.141,0.008,0.011,0.007,32,
1986-01-25 03:22:04.724000+00:00,26859,34,481,1,-5.202,-0.653,1.216,5.382,5.382,13.059,187.157,0.013,0.008,0.011,32,
1986-01-25 03:22:06.644000+00:00,26859,34,513,1,-5.2,-0.659,1.217,5.381,5.381,13.069,187.221,0.01,0.008,0.014,32,
1986-01-25 03:22:08.564000+00:00,26859,34,545,1,-5.193,-0.662,1.219,5.375,5.375,13.11,187.266,0.011,0.011,0.008,32,
1986-01-25 03:22:10.484000+00:00,26859,34,577,1,-5.195,-0.671,1.226,5.379,5.379,13.172,187.356,0.01,0.008,0.01,32,
1986-01-25 03:22:12.404000+00:00,26859,34,609,1,-5.189,-0.671,1.238,5.377,5.377,13.31,187.365,0.006,0.013,0.014,32,
1986-01-25 03:22:14.324000+00:00,26859,34,641,1,-5.193,-0.676,1.225,5.379,5.379,13.17,187.411,0.011,0.012,0.01,32,
1986-01-25 03:22:16.244000+00:00,26859,34,673,1,-5.185,-0.677,1.214,5.368,5.368,13.068,187.444,0.014,0.01,0.01,32,
1986-01-25 03:22:18.164000+00:00,26859,34,705,1,-5.181,-0.664,1.22,5.364,5.364,13.151,187.302,0.008,0.012,0.013,32,
1986-01-25 03:22:20.084000+00:00,26859,34,737,1,-5.18,-0.666,1.223,5.364,5.364,13.175,187.331,0.009,0.019,0.005,32,
1986-01-25 03:22:22.004000+00:00,26859,34,769,1,-5.186,-0.676,1.207,5.368,5.368,13.0,187.428,0.015,0.008,0.011,32,
1986-01-25 03:22:23.924000+00:00,26859,35,1,1,-5.176,-0.669,1.22,5.36,5.36,13.153,187.363,0.011,0.009,0.009,32,
1986-01-25 03:22:25.844000+00:00,26859,35,33,1,-5.18,-0.663,1.22,5.362,5.362,13.151,187.29,0.009,0.01,0.01,32,
1986-01-25 03:22:27.764000+00:00,26859,35,65,1,-5.165,-0.659,1.217,5.348,5.348,13.15,187.275,0.01,0.014,0.009,32,
1986-01-25 03:22:29.684000+00:00,26859,35,97,1,-5.168,-0.658,1.22,5.351,5.351,13.182,187.259,0.013,0.006,0.011,32,
1986-01-25 03:22:31.604000+00:00,26859,35,129,1,-5.168,-0.67,1.209,5.35,5.35,13.058,187.386,0.008,0.013,0.009,32,
1986-01-25 03:22:33.524000+00:00,26859,35,161,1,-5.161,-0.656,1.217,5.343,5.343,13.169,187.246,0.013,0.013,0.007,32,
1986-01-25 03:22:35.444000+00:00,26859,35,193,1,-5.17,-0.649,1.221,5.352,5.352,13.183,187.15,0.011,0.008,0.009,32,
1986-01-25 03:22:37.364000+00:00,26859,35,225,1,-5.178,-0.655,1.216,5.359,5.359,13.114,187.207,0.008,0.01,0.011,32,
1986-01-25 03:22:39.284000+00:00,26859,35,257,1,-5.184,-0.648,1.218,5.364,5.364,13.126,187.124,0.008,0.01,0.007,32,
1986-01-25 03:22:41.204000+00:00,26859,35,289,1,-5.173,-0.651,1.216,5.354,5.354,13.129,187.176,0.016,0.01,0.009,32,
1986-01-25 03:22:43.124000+00:00,26859,35,321,1,-5.171,-0.649,1.203,5.349,5.349,12.999,187.157,0.006,0.01,0.012,32,
1986-01-25 03:22:45.044000+00:00,26859,35,353,1,-5.176,-0.652,1.209,5.355,5.355,13.051,187.183,0.008,0.012,0.01,32,
1986-01-25 03:22:46.964000+00:00,26859,35,385,1,-5.18,-0.65,1.209,5.359,5.359,13.034,187.152,0.014,0.008,0.01,32,
1986-01-25 03:22:48.884000+00:00,26859,35,417,1,-5.176,-0.65,1.208,5.355,5.355,13.04,187.153,0.007,0.011,0.01,32,
1986-01-25 03:22:50.804000+00:00,26859,35,449,1,-5.17,-0.642,1.212,5.349,5.349,13.101,187.085,0.012,0.011,0.007,32,
1986-01-25 03:22:52.724000+00:00,26859,35,481,1,-5.166,-0.65,1.201,5.344,5.344,12.988,187.167,0.009,0.009,0.01,32,
1986-01-25 03:22:54.644000+00:00,26859,35,513,1,-5.167,-0.647,1.199,5.344,5.344,12.965,187.141,0.007,0.011,0.013,32,
1986-01-25 03:22:56.564000+00:00,26859,35,545,1,-5.168,-0.636,1.194,5.342,5.342,12.915,187.019,0.01,0.01,0.009,32,
1986-01-25 03:22:58.484000+00:00,26859,35,577,1,-5.172,-0.646,1.204,5.349,5.349,13.008,187.116,0.011,0.007,0.011,32,
1986-01-25 03:23:00.404000+00:00,26859,35,609,1,-5.163,-0.648,1.21,5.342,5.342,13.091,187.149,0.009,0.007,0.014,32,
1986-01-25 03:23:02.324000+00:00,26859,35,641,1,-5.164,-0.644,1.215,5.344,5.344,13.139,187.108,0.01,0.014,0.008,32,
1986-01-25 03:23:04.244000+00:00,26859,35,673,1,-5.158,-0.653,1.201,5.336,5.336,13.003,187.219,0.01,0.01,0.007,32,
1986-01-25 03:23:06.164000+00:00,26859,35,705,1,-5.145,-0.651,1.21,5.326,5.326,13.132,187.213,0.009,0.008,0.012,32,
1986-01-25 03:23:08.084000+00:00,26859,35,737,1,-5.155,-0.649,1.208,5.334,5.334,13.094,187.178,0.009,0.013,0.012,32,
1986-01-25 03:23:10.004000+00:00,26859,35,769,1,-5.159,-0.651,1.21,5.339,5.339,13.098,187.189,0.013,0.008,0.007,32,
1986-01-25 03:23:11.924000+00:00,26859,36,1,1,-5.157,-0.655,1.213,5.338,5.338,13.132,187.235,0.011,0.007,0.009,32,
1986-01-25 03:23:13.844000+00:00,26859,36,33,1,-5.153,-0.651,1.217,5.334,5.334,13.192,187.196,0.008,0.007,0.011,32,
1986-01-25 03:23:15.764000+00:00,26859,36,65,1,-5.153,-0.656,1.217,5.335,5.335,13.19,187.253,0.009,0.01,0.006,32,
1986-01-25 03:23:17.684000+00:00,26859,36,97,1,-5.16,-0.656,1.213,5.341,5.341,13.121,187.246,0.012,0.007,0.008,32,
1986-01-25 03:23:19.604000+00:00,26859,36,129,1,-5.16,-0.653,1.224,5.343,5.343,13.239,187.215,0.007,0.009,0.012,32,
1986-01-25 03:23:21.524000+00:00,26859,36,161,1,-5.157,-0.656,1.218,5.339,5.339,13.181,187.254,0.01,0.013,0.008,32,
1986-01-25 03:23:23.444000+00:00,26859,36,193,1,-5.16,-0.657,1.217,5.342,5.342,13.171,187.261,0.013,0.009,0.01,32,
1986-01-25 03:23:25.364000+00:00,26859,36,225,1,-5.154,-0.652,1.23,5.339,5.339,13.325,187.212,0.009,0.012,0.014,32,
1986-01-25 03:23:27.284000+00:00,26859,36,257,1,-5.147,-0.655,1.227,5.332,5.332,13.31,187.248,0.011,0.013,0.009,32,
1986-01-25 03:23:29.204000+00:00,26859,36,289,1,-5.142,-0.64,1.24,5.328,5.328,13.461,187.098,0.015,0.009,0.009,32,
1986-01-25 03:23:31.124000+00:00,26859,36,321,1,-5.153,-0.649,1.226,5.337,5.337,13.282,187.175,0.008,0.008,0.012,32,
1986-01-25 03:23:33.044000+00:00,26859,36,353,1,-5.142,-0.643,1.231,5.326,5.326,13.362,187.127,0.012,0.011,0.01,32,
1986-01-25 03:23:34.964000+00:00,26859,36,385,1,-5.142,-0.649,1.224,5.325,5.325,13.289,187.189,0.013,0.008,0.009,32,
1986-01-25 03:23:36.884000+00:00,26859,36,417,1,-5.145,-0.654,1.22,5.328,5.328,13.235,187.243,0.007,0.008,0.015,32,
1986-01-25 03:23:38.804000+00:00,26859,36,449,1,-5.143,-0.653,1.215,5.324,5.324,13.189,187.233,0.011,0.012,0.01,32,
1986-01-25 03:23:40.724000+00:00,26859,36,481,1,-5.135,-0.642,1.216,5.316,5.316,13.225,187.127,0.011,0.009,0.011,32,
1986-01-25 03:23:42.644000+00:00,26859,36,513,1,-5.129,-0.644,1.207,5.309,5.309,13.141,187.157,0.008,0.011,0.011,32,
1986-01-25 03:23:44.564000+00:00,26859,36,545,1,-5.118,-0.642,1.208,5.298,5.298,13.176,187.146,0.011,0.011,0.008,32,
1986-01-25 03:23:46.484000+00:00,26859,36,577,1,-5.124,-0.643,1.206,5.303,5.303,13.149,187.148,0.011,0.008,0.011,32,
1986-01-25 03:23:48.404000+00:00,26859,36,609,1,-5.129,-0.634,1.204,5.306,5.306,13.118,187.052,0.008,0.009,0.015,32,
1986-01-25 03:23:50.324000+00:00,26859,36,641,1,-5.127,-0.636,1.212,5.307,5.307,13.204,187.071,0.01,0.012,0.01,32,
1986-01-25 03:23:52.244000+00:00,26859,36,673,1,-5.122,-0.636,1.217,5.303,5.303,13.268,187.074,0.014,0.011,0.009,32,
1986-01-25 03:23:54.164000+00:00,26859,36,705,1,-5.11,-0.642,1.214,5.291,5.291,13.262,187.162,0.008,0.01,0.013,32,
1986-01-25 03:23:56.084000+00:00,26859,36,737,1,-5.108,-0.638,1.213,5.289,5.289,13.256,187.116,0.012,0.011,0.008,32,
1986-01-25 03:23:58.004000+00:00,26859,36,769,1,-5.107,-0.633,1.22,5.289,5.289,13.332,187.061,0.013,0.01,0.008,32,
1986-01-25 03:23:59.924000+00:00,26859,37,1,1,-5.117,-0.636,1.21,5.296,5.296,13.201,187.088,0.011,0.009,0.011,32,
1986-01-25 03:24:01.844000+00:00,26859,37,33,1,-5.115,-0.634,1.212,5.295,5.295,13.236,187.069,0.008,0.01,0.014,32,
1986-01-25 03:24:03.764000+00:00,26859,37,65,1,-5.115,-0.64,1.214,5.296,5.296,13.254,187.13,0.009,0.013,0.009,32,
1986-01-25 03:24:05.684000+00:00,26859,37,97,1,-5.127,-0.636,1.219,5.308,5.308,13.274,187.072,0.011,0.009,0.009,32,
1986-01-25 03:24:07.604000+00:00,26859,37,129,1,-5.113,-0.636,1.216,5.294,5.294,13.279,187.086,0.008,0.01,0.013,32,
1986-01-25 03:24:09.524000+00:00,26859,37,161,1,-5.105,-0.638,1.207,5.284,5.284,13.208,187.12,0.01,0.013,0.01,32,
1986-01-25 03:24:11.444000+00:00,26859,37,193,1,-5.1,-0.645,1.209,5.281,5.281,13.23,187.204,0.009,0.008,0.009,32,
1986-01-25 03:24:13.364000+00:00,26859,37,225,1,-5.095,-0.631,1.21,5.275,5.275,13.259,187.062,0.008,0.012,0.012,32,
1986-01-25 03:24:15.284000+00:00,26859,37,257,1,-5.099,-0.637,1.199,5.277,5.277,13.139,187.125,0.011,0.012,0.008,32,
1986-01-25 03:24:17.204000+00:00,26859,37,289,1,-5.101,-0.632,1.211,5.281,5.281,13.258,187.068,0.011,0.008,0.01,32,
1986-01-25 03:24:19.124000+00:00,26859,37,321,1,-5.092,-0.636,1.214,5.273,5.273,13.31,187.12,0.009,0.007,0.012,32,
1986-01-25 03:24:21.044000+00:00,26859,37,353,1,-5.096,-0.635,1.216,5.277,5.277,13.322,187.1,0.009,0.012,0.008,32,
1986-01-25 03:24:22.964000+00:00,26859,37,385,1,-5.097,-0.632,1.21,5.276,5.276,13.258,187.068,0.015,0.009,0.008,32,
1986-01-25 03:24:24.884000+00:00,26859,37,417,1,-5.095,-0.628,1.216,5.275,5.275,13.325,187.026,0.009,0.009,0.014,32,
1986-01-25 03:24:26.804000+00:00,26859,37,449,1,-5.087,-0.634,1.213,5.268,5.268,13.315,187.103,0.011,0.011,0.009,32,
1986-01-25 03:24:28.724000+00:00,26859,37,481,1,-5.083,-0.63,1.204,5.262,5.262,13.225,187.065,0.013,0.009,0.013,32,
1986-01-25 03:24:30.644000+00:00,26859,37,513,1,-5.08,-0.625,1.206,5.258,5.258,13.259,187.019,0.009,0.009,0.012,32,
1986-01-25 03:24:32.564000+00:00,26859,37,545,1,-5.072,-0.628,1.2,5.25,5.25,13.218,187.06,0.011,0.012,0.008,32,
1986-01-25 03:24:34.484000+00:00,26859,37,577,1,-5.08,-0.629,1.197,5.257,5.257,13.158,187.058,0.012,0.008,0.013,32,
1986-01-25 03:24:36.404000+00:00,26859,37,609,1,-5.084,-0.634,1.203,5.263,5.263,13.214,187.109,0.008,0.01,0.012,32,
1986-01-25 03:24:38.324000+00:00,26859,37,641,1,-5.077,-0.632,1.213,5.258,5.258,13.341,187.096,0.008,0.013,0.009,32,
1986-01-25 03:24:40.244000+00:00,26859,37,673,1,-5.066,-0.64,1.2,5.245,5.245,13.222,187.201,0.013,0.008,0.011,32,
1986-01-25 03:24:42.164000+00:00,26859,37,705,1,-5.067,-0.636,1.208,5.248,5.248,13.311,187.159,0.009,0.01,0.017,32,
1986-01-25 03:24:44.084000+00:00,26859,37,737,1,-5.067,-0.624,1.215,5.248,5.248,13.386,187.024,0.011,0.01,0.007,32,
1986-01-25 03:24:46.004000+00:00,26859,37,769,1,-5.061,-0.628,1.219,5.243,5.243,13.441,187.078,0.012,0.009,0.01,32,
1986-01-25 03:24:47.924000+00:00,26859,38,1,1,-5.057,-0.633,1.209,5.238,5.238,13.342,187.135,0.012,0.008,0.008,32,
1986-01-25 03:24:49.844000+00:00,26859,38,33,1,-5.059,-0.635,1.206,5.24,5.24,13.31,187.154,0.008,0.01,0.01,32,
1986-01-25 03:24:51.764000+00:00,26859,38,65,1,-5.061,-0.634,1.211,5.242,5.242,13.36,187.137,0.011,0.013,0.009,32,
1986-01-25 03:24:53.684000+00:00,26859,38,97,1,-5.069,-0.64,1.219,5.253,5.253,13.421,187.195,0.018,0.009,0.011,32,
1986-01-25 03:24:55.604000+00:00,26859,38,129,1,-5.069,-0.639,1.223,5.253,5.253,13.461,187.19,0.008,0.011,0.013,32,
1986-01-25 03:24:57.524000+00:00,26859,38,161,1,-5.064,-0.636,1.212,5.246,5.246,13.358,187.16,0.01,0.014,0.007,32,
1986-01-25 03:24:59.444000+00:00,26859,38,193,1,-5.058,-0.624,1.213,5.239,5.239,13.383,187.033,0.016,0.01,0.011,32,
1986-01-25 03:25:01.364000+00:00,26859,38,225,1,-5.056,-0.63,1.214,5.237,5.237,13.408,187.104,0.007,0.009,0.013,32,
1986-01-25 03:25:03.284000+00:00,26859,38,257,1,-5.064,-0.627,1.215,5.245,5.245,13.395,187.061,0.011,0.011,0.01,32,
1986-01-25 03:25:05.204000+00:00,26859,38,289,1,-5.051,-0.627,1.209,5.232,5.232,13.367,187.079,0.014,0.009,0.01,32,
1986-01-25 03:25:07.124000+00:00,26859,38,321,1,-5.052,-0.624,1.207,5.231,5.231,13.344,187.039,0.006,0.011,0.012,32,
1986-01-25 03:25:09.044000+00:00,26859,38,353,1,-5.046,-0.617,1.216,5.227,5.227,13.45,186.972,0.01,0.011,0.008,32,
1986-01-25 03:25:10.964000+00:00,26859,38,385,1,-5.048,-0.623,1.207,5.228,5.228,13.355,187.035,0.014,0.009,0.014,32,
1986-01-25 03:25:12.884000+00:00,26859,38,417,1,-5.053,-0.617,1.213,5.233,5.233,13.4,186.967,0.007,0.008,0.012,32,
1986-01-25 03:25:14.804000+00:00,26859,38,449,1,-5.047,-0.623,1.2,5.225,5.225,13.279,187.04,0.012,0.012,0.006,32,
1986-01-25 03:25:16.724000+00:00,26859,38,481,1,-5.048,-0.626,1.205,5.228,5.228,13.323,187.073,0.014,0.009,0.01,32,
1986-01-25 03:25:18.644000+00:00,26859,38,513,1,-5.035,-0.632,1.205,5.216,5.216,13.362,187.16,0.008,0.011,0.01,32,
1986-01-25 03:25:20.564000+00:00,26859,38,545,1,-5.038,-0.633,1.208,5.219,5.219,13.385,187.158,0.009,0.013,0.008,32,
1986-01-25 03:25:22.484000+00:00,26859,38,577,1,-5.039,-0.637,1.207,5.221,5.221,13.366,187.209,0.019,0.009,0.007,32,
1986-01-25 03:25:24.404000+00:00,26859,38,609,1,-5.041,-0.636,1.211,5.223,5.223,13.406,187.186,0.01,0.01,0.013,32,
1986-01-25 03:25:26.324000+00:00,26859,38,641,1,-5.044,-0.641,1.206,5.225,5.226,13.343,187.239,0.01,0.015,0.009,32,
1986-01-25 03:25:28.244000+00:00,26859,38,673,1,-5.036,-0.631,1.208,5.217,5.217,13.393,187.147,0.011,0.009,0.011,32,
1986-01-25 03:25:30.164000+00:00,26859,38,705,1,-5.039,-0.638,1.204,5.22,5.22,13.335,187.217,0.007,0.01,0.011,32,
1986-01-25 03:25:32.084000+00:00,26859,38,737,1,-5.043,-0.633,1.212,5.225,5.225,13.407,187.158,0.008,0.015,0.009,32,
1986-01-25 03:25:34.004000+00:00,26859,38,769,1,-5.037,-0.624,1.211,5.218,5.218,13.417,187.064,0.016,0.007,0.009,32,
1986-01-25 03:25:35.924000+00:00,26859,39,1,1,-5.037,-0.631,1.212,5.219,5.219,13.426,187.135,0.015,0.01,0.012,32,
1986-01-25 03:25:37.844000+00:00,26859,39,33,1,-5.024,-0.627,1.204,5.204,5.204,13.374,187.117,0.005,0.01,0.013,32,
1986-01-25 03:25:39.764000+00:00,26859,39,65,1,-5.029,-0.631,1.201,5.209,5.209,13.33,187.153,0.009,0.012,0.008,32,
1986-01-25 03:25:41.684000+00:00,26859,39,97,1,-5.028,-0.635,1.203,5.209,5.209,13.349,187.192,0.012,0.008,0.006,32,
1986-01-25 03:25:43.604000+00:00,26859,39,129,1,-5.029,-0.633,1.206,5.21,5.21,13.382,187.172,0.007,0.01,0.015,32,
1986-01-25 03:25:45.524000+00:00,26859,39,161,1,-5.03,-0.625,1.201,5.209,5.209,13.334,187.079,0.011,0.008,0.008,32,
1986-01-25 03:25:47.444000+00:00,26859,39,193,1,-5.032,-0.625,1.194,5.209,5.209,13.252,187.078,0.013,0.009,0.01,32,
1986-01-25 03:25:49.364000+00:00,26859,39,225,1,-5.032,-0.619,1.206,5.211,5.211,13.382,187.01,0.011,0.009,0.013,32,
1986-01-25 03:25:51.284000+00:00,26859,39,257,1,-5.03,-0.623,1.197,5.208,5.208,13.284,187.063,0.011,0.012,0.006,32,
1986-01-25 03:25:53.204000+00:00,26859,39,289,1,-5.026,-0.628,1.19,5.203,5.203,13.222,187.124,0.015,0.01,0.011,32,
1986-01-25 03:25:55.124000+00:00,26859,39,321,1,-5.029,-0.633,1.201,5.209,5.209,13.328,187.17,0.009,0.01,0.011,32,
1986-01-25 03:25:57.044000+00:00,26859,39,353,1,-5.031,-0.625,1.205,5.211,5.211,13.367,187.077,0.009,0.014,0.009,32,
1986-01-25 03:25:58.964000+00:00,26859,39,385,1,-5.027,-0.621,1.214,5.209,5.209,13.481,187.041,0.016,0.008,0.01,32,
1986-01-25 03:26:00.884000+00:00,26859,39,417,1,-5.03,-0.616,1.218,5.212,5.212,13.515,186.987,0.007,0.009,0.015,32,
1986-01-25 03:26:02.804000+00:00,26859,39,449,1,-5.022,-0.616,1.218,5.205,5.205,13.53,186.996,0.012,0.013,0.01,32,
1986-01-25 03:26:04.724000+00:00,26859,39,481,1,-5.028,-0.62,1.212,5.209,5.209,13.452,187.032,0.012,0.009,0.008,32,
1986-01-25 03:26:06.644000+00:00,26859,39,513,1,-5.016,-0.627,1.211,5.198,5.198,13.469,187.127,0.009,0.009,0.009,32,
1986-01-25 03:26:08.564000+00:00,26859,39,545,1,-5.01,-0.623,1.206,5.191,5.191,13.432,187.087,0.008,0.013,0.01,32,
1986-01-25 03:26:10.484000+00:00,26859,39,577,1,-5.013,-0.615,1.214,5.195,5.195,13.51,186.995,0.016,0.008,0.011,32,
1986-01-25 03:26:12.404000+00:00,26859,39,609,1,-5.005,-0.617,1.213,5.187,5.187,13.523,187.023,0.009,0.011,0.015,32,
1986-01-25 03:26:14.324000+00:00,26859,39,641,1,-5.016,-0.615,1.216,5.198,5.198,13.53,186.991,0.011,0.013,0.007,32,
1986-01-25 03:26:16.244000+00:00,26859,39,673,1,-5.014,-0.623,1.202,5.193,5.193,13.385,187.078,0.015,0.008,0.011,32,
1986-01-25 03:26:18.164000+00:00,26859,39,705,1,-5.016,-0.616,1.216,5.198,5.198,13.526,187.002,0.01,0.011,0.012,32,
1986-01-25 03:26:20.084000+00:00,26859,39,737,1,-5.013,-0.617,1.201,5.192,5.192,13.374,187.016,0.01,0.013,0.007,32,
1986-01-25 03:26:22.004000+00:00,26859,39,769,1,-5.013,-0.623,1.197,5.191,5.191,13.336,187.082,0.011,0.01,0.01,32,
1986-01-25 03:26:23.924000+00:00,26859,40,1,1,-5.003,-0.614,1.193,5.18,5.18,13.315,187.0,0.01,0.007,0.012,32,
1986-01-25 03:26:25.844000+00:00,26859,40,33,1,-5.008,-0.625,1.196,5.187,5.187,13.333,187.116,0.008,0.009,0.015,32,
1986-01-25 03:26:27.764000+00:00,26859,40,65,1,-5.009,-0.617,1.196,5.187,5.187,13.334,187.024,0.011,0.011,0.008,32,
1986-01-25 03:26:29.684000+00:00,26859,40,97,1,-5.001,-0.615,1.196,5.179,5.179,13.347,187.014,0.011,0.007,0.014,32,
1986-01-25 03:26:31.604000+00:00,26859,40,129,1,-4.999,-0.627,1.19,5.177,5.177,13.288,187.154,0.009,0.01,0.015,32,
1986-01-25 03:26:33.524000+00:00,26859,40,161,1,-5.011,-0.628,1.199,5.19,5.19,13.36,187.138,0.012,0.012,0.009,32,
1986-01-25 03:26:35.444000+00:00,26859,40,193,1,-5.007,-0.633,1.198,5.187,5.187,13.349,187.207,0.011,0.009,0.011,32,
1986-01-25 03:26:37.364000+00:00,26859,40,225,1,-4.999,-0.641,1.191,5.179,5.179,13.297,187.31,0.008,0.011,0.009,32,
1986-01-25 03:26:39.284000+00:00,26859,40,257,1,-4.999,-0.642,1.189,5.178,5.178,13.276,187.317,0.008,0.011,0.007,32,
1986-01-25 03:26:41.204000+00:00,26859,40,289,1,-4.99,-0.641,1.194,5.171,5.171,13.354,187.323,0.012,0.012,0.012,32,
1986-01-25 03:26:43.124000+00:00,26859,40,321,1,-4.984,-0.641,1.199,5.166,5.166,13.415,187.331,0.008,0.009,0.013,32,
1986-01-25 03:26:45.044000+00:00,26859,40,353,1,-4.984,-0.633,1.189,5.163,5.163,13.311,187.233,0.012,0.015,0.007,32,
1986-01-25 03:26:46.964000+00:00,26859,40,385,1,-4.983,-0.634,1.19,5.162,5.162,13.322,187.25,0.01,0.009,0.01,32,
1986-01-25 03:26:48.884000+00:00,26859,40,417,1,-4.988,-0.638,1.195,5.169,5.169,13.368,187.285,0.008,0.011,0.01,32,
1986-01-25 03:26:50.804000+00:00,26859,40,449,1,-4.983,-0.64,1.185,5.162,5.162,13.267,187.316,0.011,0.014,0.009,32,
1986-01-25 03:26:52.724000+00:00,26859,40,481,1,-4.986,-0.634,1.197,5.167,5.167,13.391,187.243,0.011,0.009,0.005,32,
1986-01-25 03:26:54.644000+00:00,26859,40,513,1,-4.994,-0.64,1.195,5.175,5.175,13.354,187.298,0.008,0.009,0.012,32,
1986-01-25 03:26:56.564000+00:00,26859,40,545,1,-4.985,-0.635,1.2,5.167,5.167,13.43,187.264,0.008,0.012,0.008,32,
1986-01-25 03:26:58.484000+00:00,26859,40,577,1,-4.991,-0.634,1.201,5.172,5.172,13.426,187.24,0.015,0.006,0.007,32,
1986-01-25 03:27:00.404000+00:00,26859,40,609,1,-4.984,-0.637,1.197,5.165,5.165,13.403,187.28,0.007,0.011,0.014,32,
1986-01-25 03:27:02.324000+00:00,26859,40,641,1,-4.971,-0.625,1.201,5.152,5.152,13.482,187.161,0.011,0.014,0.006,32,
1986-01-25 03:27:04.244000+00:00,26859,40,673,1,-4.963,-0.625,1.188,5.141,5.141,13.356,187.179,0.014,0.007,0.009,32,
1986-01-25 03:27:06.164000+00:00,26859,40,705,1,-4.968,-0.631,1.196,5.149,5.149,13.432,187.237,0.012,0.01,0.011,32,
1986-01-25 03:27:08.084000+00:00,26859,40,737,1,-4.976,-0.628,1.198,5.156,5.156,13.438,187.194,0.011,0.013,0.007,32,
1986-01-25 03:27:10.004000+00:00,26859,40,769,1,-4.966,-0.631,1.202,5.149,5.149,13.5,187.243,0.012,0.008,0.009,32,
1986-01-25 03:27:11.924000+00:00,26859,41,1,1,-4.96,-0.628,1.203,5.142,5.142,13.528,187.219,0.013,0.006,0.011,32,
1986-01-25 03:27:13.844000+00:00,26859,41,33,1,-4.96,-0.632,1.196,5.141,5.141,13.453,187.261,0.01,0.009,0.011,32,
1986-01-25 03:27:15.764000+00:00,26859,41,65,1,-4.967,-0.644,1.198,5.15,5.15,13.451,187.388,0.011,0.013,0.008,32,
1986-01-25 03:27:17.684000+00:00,26859,41,97,1,-4.957,-0.641,1.201,5.14,5.14,13.512,187.371,0.011,0.008,0.009,32,
1986-01-25 03:27:19.604000+00:00,26859,41,129,1,-4.957,-0.637,1.198,5.139,5.139,13.484,187.325,0.008,0.009,0.013,32,
1986-01-25 03:27:21.524000+00:00,26859,41,161,1,-4.956,-0.631,1.197,5.137,5.137,13.471,187.26,0.008,0.013,0.005,32,
1986-01-25 03:27:23.444000+00:00,26859,41,193,1,-4.958,-0.622,1.204,5.14,5.14,13.544,187.156,0.012,0.008,0.01,32,
1986-01-25 03:27:25.364000+00:00,26859,41,225,1,-4.956,-0.642,1.194,5.138,5.138,13.438,187.377,0.009,0.008,0.013,32,
1986-01-25 03:27:27.284000+00:00,26859,41,257,1,-4.961,-0.633,1.198,5.143,5.143,13.471,187.271,0.009,0.012,0.008,32,
1986-01-25 03:27:29.204000+00:00,26859,41,289,1,-4.958,-0.628,1.205,5.141,5.141,13.559,187.219,0.009,0.008,0.01,32,
1986-01-25 03:27:31.124000+00:00,26859,41,321,1,-4.958,-0.63,1.204,5.141,5.141,13.546,187.241,0.008,0.011,0.013,32,
1986-01-25 03:27:33.044000+00:00,26859,41,353,1,-4.952,-0.636,1.2,5.134,5.134,13.513,187.319,0.01,0.011,0.009,32,
1986-01-25 03:27:34.964000+00:00,26859,41,385,1,-4.945,-0.629,1.2,5.127,5.127,13.541,187.244,0.013,0.01,0.011,32,
1986-01-25 03:27:36.884000+00:00,26859,41,417,1,-4.938,-0.63,1.188,5.117,5.118,13.422,187.266,0.008,0.009,0.009,32,
1986-01-25 03:27:38.804000+00:00,26859,41,449,1,-4.944,-0.63,1.195,5.125,5.125,13.483,187.26,0.01,0.013,0.008,32,
1986-01-25 03:27:40.724000+00:00,26859,41,481,1,-4.944,-0.622,1.197,5.125,5.125,13.51,187.175,0.012,0.006,0.009,32,
1986-01-25 03:27:42.644000+00:00,26859,41,513,1,-4.943,-0.634,1.184,5.122,5.122,13.37,187.312,0.008,0.008,0.014,32,
1986-01-25 03:27:44.564000+00:00,26859,41,545,1,-4.944,-0.624,1.191,5.124,5.124,13.44,187.193,0.011,0.011,0.009,32,
1986-01-25 03:27:46.484000+00:00,26859,41,577,1,-4.946,-0.621,1.196,5.126,5.126,13.489,187.158,0.009,0.007,0.012,32,
1986-01-25 03:27:48.404000+00:00,26859,41,609,1,-4.931,-0.632,1.188,5.112,5.112,13.445,187.305,0.008,0.01,0.011,32,
1986-01-25 03:27:50.324000+00:00,26859,41,641,1,-4.942,-0.623,1.202,5.124,5.124,13.565,187.186,0.01,0.01,0.009,32,
1986-01-25 03:27:52.244000+00:00,26859,41,673,1,-4.942,-0.62,1.202,5.124,5.124,13.567,187.154,0.014,0.006,0.01,32,
1986-01-25 03:27:54.164000+00:00,26859,41,705,1,-4.946,-0.624,1.208,5.13,5.13,13.623,187.192,0.008,0.008,0.01,32,
1986-01-25 03:27:56.084000+00:00,26859,41,737,1,-4.947,-0.619,1.212,5.131,5.131,13.666,187.135,0.008,0.013,0.008,32,
1986-01-25 03:27:58.004000+00:00,26859,41,769,1,-4.954,-0.613,1.203,5.135,5.135,13.549,187.054,0.011,0.007,0.01,32,
1986-01-25 03:27:59.923000+00:00,26859,42,1,1,-4.942,-0.613,1.197,5.121,5.121,13.512,187.076,0.012,0.007,0.011,32,
1986-01-25 03:28:01.843000+00:00,26859,42,33,1,-4.939,-0.612,1.205,5.121,5.121,13.608,187.067,0.008,0.01,0.016,32,
1986-01-25 03:28:03.763000+00:00,26859,42,65,1,-4.94,-0.611,1.203,5.121,5.121,13.59,187.057,0.01,0.013,0.008,32,
1986-01-25 03:28:05.683000+00:00,26859,42,97,1,-4.942,-0.61,1.207,5.123,5.123,13.631,187.034,0.013,0.008,0.012,32,
1986-01-25 03:28:07.603000+00:00,26859,42,129,1,-4.943,-0.611,1.205,5.124,5.124,13.607,187.052,0.005,0.007,0.011,32,
1986-01-25 03:28:09.523000+00:00,26859,42,161,1,-4.945,-0.616,1.194,5.124,5.124,13.471,187.106,0.011,0.016,0.009,32,
1986-01-25 03:28:11.443000+00:00,26859,42,193,1,-4.938,-0.604,1.2,5.118,5.118,13.563,186.978,0.013,0.009,0.008,32,
1986-01-25 03:28:13.363000+00:00,26859,42,225,1,-4.934,-0.593,1.205,5.113,5.113,13.626,186.848,0.008,0.009,0.012,32,
1986-01-25 03:28:15.283000+00:00,26859,42,257,1,-4.941,-0.587,1.21,5.121,5.121,13.666,186.777,0.012,0.015,0.008,32,
1986-01-25 03:28:17.203000+00:00,26859,42,289,1,-4.941,-0.601,1.208,5.122,5.122,13.644,186.935,0.015,0.007,0.015,32,
1986-01-25 03:28:19.123000+00:00,26859,42,321,1,-4.936,-0.61,1.201,5.117,5.117,13.571,187.041,0.006,0.011,0.011,32,
1986-01-25 03:28:21.043000+00:00,26859,42,353,1,-4.931,-0.589,1.216,5.113,5.113,13.756,186.809,0.012,0.012,0.01,32,
1986-01-25 03:28:22.963000+00:00,26859,42,385,1,-4.928,-0.592,1.218,5.11,5.11,13.791,186.845,0.012,0.008,0.007,32,
1986-01-25 03:28:24.883000+00:00,26859,42,417,1,-4.934,-0.598,1.218,5.117,5.117,13.765,186.915,0.006,0.01,0.011,32,
1986-01-25 03:28:26.803000+00:00,26859,42,449,1,-4.938,-0.6,1.219,5.122,5.122,13.773,186.925,0.011,0.013,0.011,32,
1986-01-25 03:28:28.723000+00:00,26859,42,481,1,-4.941,-0.598,1.215,5.124,5.124,13.721,186.9,0.012,0.009,0.01,32,
1986-01-25 03:28:30.643000+00:00,26859,42,513,1,-4.948,-0.596,1.22,5.131,5.131,13.75,186.863,0.008,0.009,0.012,32,
1986-01-25 03:28:32.563000+00:00,26859,42,545,1,-4.943,-0.594,1.223,5.126,5.126,13.797,186.858,0.01,0.011,0.011,32,
1986-01-25 03:28:34.483000+00:00,26859,42,577,1,-4.942,-0.594,1.225,5.126,5.126,13.823,186.852,0.012,0.005,0.009,32,
1986-01-25 03:28:36.403000+00:00,26859,42,609,1,-4.937,-0.589,1.23,5.122,5.122,13.891,186.809,0.01,0.012,0.011,32,
1986-01-25 03:28:38.323000+00:00,26859,42,641,1,-4.941,-0.583,1.226,5.124,5.124,13.843,186.729,0.005,0.014,0.008,32,
1986-01-25 03:28:40.243000+00:00,26859,42,673,1,-4.934,-0.574,1.231,5.118,5.118,13.915,186.641,0.012,0.008,0.009,32,
1986-01-25 03:28:42.163000+00:00,26859,42,705,1,-4.933,-0.572,1.225,5.115,5.115,13.86,186.619,0.008,0.011,0.012,32,
1986-01-25 03:28:44.083000+00:00,26859,42,737,1,-4.927,-0.572,1.231,5.111,5.111,13.936,186.625,0.009,0.012,0.01,32,
1986-01-25 03:28:46.003000+00:00,26859,42,769,1,-4.935,-0.573,1.232,5.119,5.119,13.924,186.622,0.013,0.008,0.01,32,
1986-01-25 03:28:47.923000+00:00,26859,43,1,1,-4.927,-0.576,1.23,5.111,5.111,13.922,186.663,0.013,0.011,0.008,32,
1986-01-25 03:28:49.843000+00:00,26859,43,33,1,-4.933,-0.572,1.237,5.118,5.118,13.99,186.609,0.008,0.007,0.009,32,
1986-01-25 03:28:51.763000+00:00,26859,43,65,1,-4.941,-0.579,1.224,5.123,5.123,13.82,186.687,0.009,0.011,0.009,32,
1986-01-25 03:28:53.683000+00:00,26859,43,97,1,-4.941,-0.581,1.225,5.124,5.124,13.832,186.711,0.012,0.007,0.01,32,
1986-01-25 03:28:55.603000+00:00,26859,43,129,1,-4.928,-0.584,1.222,5.111,5.111,13.834,186.756,0.01,0.011,0.008,32,
1986-01-25 03:28:57.523000+00:00,26859,43,161,1,-4.926,-0.586,1.217,5.108,5.108,13.786,186.786,0.011,0.013,0.008,32,
1986-01-25 03:28:59.443000+00:00,26859,43,193,1,-4.922,-0.588,1.219,5.105,5.105,13.81,186.815,0.011,0.008,0.008,32,
1986-01-25 03:29:01.363000+00:00,26859,43,225,1,-4.933,-0.586,1.225,5.117,5.117,13.85,186.773,0.008,0.01,0.014,32,
1986-01-25 03:29:03.283000+00:00,26859,43,257,1,-4.924,-0.579,1.238,5.111,5.111,14.022,186.703,0.008,0.012,0.009,32,
1986-01-25 03:29:05.203000+00:00,26859,43,289,1,-4.929,-0.586,1.23,5.114,5.114,13.915,186.782,0.011,0.006,0.011,32,
1986-01-25 03:29:07.123000+00:00,26859,43,321,1,-4.929,-0.583,1.218,5.111,5.111,13.784,186.75,0.007,0.012,0.012,32,
1986-01-25 03:29:09.043000+00:00,26859,43,353,1,-4.933,-0.583,1.23,5.118,5.118,13.91,186.743,0.012,0.008,0.009,32,
1986-01-25 03:29:10.963000+00:00,26859,43,385,1,-4.931,-0.578,1.232,5.115,5.115,13.934,186.691,0.013,0.009,0.013,32,
1986-01-25 03:29:12.883000+00:00,26859,43,417,1,-4.934,-0.58,1.225,5.116,5.116,13.85,186.706,0.011,0.01,0.014,32,
1986-01-25 03:29:14.803000+00:00,26859,43,449,1,-4.927,-0.586,1.214,5.108,5.108,13.747,186.786,0.01,0.012,0.008,32,
1986-01-25 03:29:16.723000+00:00,26859,43,481,1,-4.93,-0.583,1.211,5.109,5.109,13.707,186.748,0.014,0.009,0.01,32,
1986-01-25 03:29:18.643000+00:00,26859,43,513,1,-4.921,-0.59,1.211,5.102,5.102,13.726,186.835,0.009,0.011,0.013,32,
1986-01-25 03:29:20.563000+00:00,26859,43,545,1,-4.92,-0.589,1.217,5.102,5.102,13.798,186.823,0.007,0.012,0.009,32,
1986-01-25 03:29:22.483000+00:00,26859,43,577,1,-4.92,-0.591,1.217,5.103,5.103,13.797,186.85,0.013,0.009,0.009,32,
1986-01-25 03:29:24.403000+00:00,26859,43,609,1,-4.921,-0.583,1.221,5.104,5.104,13.843,186.761,0.008,0.011,0.016,32,
1986-01-25 03:29:26.323000+00:00,26859,43,641,1,-4.92,-0.57,1.226,5.102,5.102,13.9,186.608,0.011,0.015,0.007,32,
1986-01-25 03:29:28.243000+00:00,26859,43,673,1,-4.914,-0.58,1.212,5.095,5.095,13.766,186.73,0.015,0.009,0.013,32,
1986-01-25 03:29:30.163000+00:00,26859,43,705,1,-4.911,-0.584,1.212,5.092,5.092,13.765,186.784,0.007,0.01,0.011,32,
1986-01-25 03:29:32.083000+00:00,26859,43,737,1,-4.919,-0.588,1.202,5.097,5.097,13.641,186.813,0.009,0.013,0.009,32,
1986-01-25 03:29:34.003000+00:00,26859,43,769,1,-4.927,-0.581,1.207,5.106,5.106,13.672,186.73,0.013,0.01,0.01,32,
1986-01-25 03:29:35.923000+00:00,26859,44,1,1,-4.92,-0.587,1.208,5.1,5.1,13.702,186.802,0.016,0.013,0.01,32,
1986-01-25 03:29:37.843000+00:00,26859,44,33,1,-4.925,-0.589,1.205,5.104,5.104,13.656,186.818,0.008,0.012,0.013,32,
1986-01-25 03:29:39.763000+00:00,26859,44,65,1,-4.921,-0.588,1.21,5.102,5.102,13.724,186.808,0.01,0.011,0.008,32,
1986-01-25 03:29:41.683000+00:00,26859,44,97,1,-4.923,-0.583,1.209,5.102,5.102,13.712,186.753,0.013,0.008,0.011,32,
1986-01-25 03:29:43.603000+00:00,26859,44,129,1,-4.919,-0.587,1.203,5.098,5.098,13.652,186.805,0.009,0.009,0.014,32,
1986-01-25 03:29:45.523000+00:00,26859,44,161,1,-4.921,-0.593,1.191,5.098,5.098,13.508,186.865,0.01,0.01,0.008,32,
1986-01-25 03:29:47.443000+00:00,26859,44,193,1,-4.918,-0.595,1.189,5.095,5.095,13.498,186.898,0.014,0.009,0.01,32,
1986-01-25 03:29:49.363000+00:00,26859,44,225,1,-4.92,-0.582,1.199,5.097,5.097,13.61,186.749,0.009,0.009,0.012,32,
1986-01-25 03:29:51.283000+00:00,26859,44,257,1,-4.931,-0.599,1.199,5.11,5.11,13.573,186.922,0.013,0.011,0.008,32,
1986-01-25 03:29:53.203000+00:00,26859,44,289,1,-4.933,-0.587,1.201,5.111,5.111,13.59,186.783,0.013,0.01,0.008,32,
1986-01-25 03:29:55.123000+00:00,26859,44,321,1,-4.93,-0.591,1.19,5.106,5.106,13.482,186.833,0.007,0.011,0.011,32,
1986-01-25 03:29:57.043000+00:00,26859,44,353,1,-4.921,-0.59,1.183,5.096,5.096,13.429,186.837,0.011,0.01,0.009,32,
1986-01-25 03:29:58.963000+00:00,26859,44,385,1,-4.916,-0.584,1.179,5.089,5.089,13.397,186.774,0.013,0.007,0.009,32,
1986-01-25 03:30:00.883000+00:00,26859,44,417,1,-4.924,-0.576,1.192,5.099,5.099,13.52,186.674,0.008,0.012,0.017,32,
1986-01-25 03:30:02.803000+00:00,26859,44,449,1,-4.923,-0.587,1.185,5.098,5.098,13.437,186.802,0.01,0.01,0.009,32,
1986-01-25 03:30:04.723000+00:00,26859,44,481,1,-4.924,-0.589,1.181,5.098,5.098,13.399,186.826,0.013,0.006,0.009,32,
1986-01-25 03:30:06.643000+00:00,26859,44,513,1,-4.926,-0.574,1.188,5.1,5.1,13.474,186.652,0.008,0.011,0.017,32,
1986-01-25 03:30:08.563000+00:00,26859,44,545,1,-4.925,-0.579,1.191,5.1,5.1,13.506,186.708,0.009,0.012,0.009,32,
1986-01-25 03:30:10.483000+00:00,26859,44,577,1,-4.92,-0.582,1.187,5.095,5.095,13.476,186.749,0.013,0.008,0.012,32,
1986-01-25 03:30:12.403000+00:00,26859,44,609,1,-4.921,-0.581,1.192,5.096,5.096,13.522,186.737,0.009,0.009,0.015,32,
1986-01-25 03:30:14.323000+00:00,26859,44,641,1,-4.924,-0.581,1.189,5.099,5.099,13.487,186.725,0.011,0.01,0.008,32,
1986-01-25 03:30:16.243000+00:00,26859,44,673,1,-4.929,-0.588,1.191,5.105,5.105,13.497,186.803,0.011,0.009,0.01,32,
1986-01-25 03:30:18.163000+00:00,26859,44,705,1,-4.92,-0.595,1.189,5.096,5.096,13.49,186.895,0.007,0.011,0.012,32,
1986-01-25 03:30:20.083000+00:00,26859,44,737,1,-4.925,-0.588,1.188,5.1,5.1,13.473,186.806,0.01,0.013,0.008,32,
1986-01-25 03:30:22.003000+00:00,26859,44,769,1,-4.918,-0.591,1.186,5.093,5.093,13.464,186.848,0.012,0.007,0.01,32,
1986-01-25 03:30:23.923000+00:00,26859,45,1,1,-4.915,-0.588,1.19,5.091,5.091,13.515,186.824,0.014,0.01,0.01,32,
1986-01-25 03:30:25.843000+00:00,26859,45,33,1,-4.918,-0.583,1.196,5.095,5.095,13.58,186.756,0.008,0.009,0.013,32,
1986-01-25 03:30:27.763000+00:00,26859,45,65,1,-4.915,-0.584,1.203,5.094,5.094,13.666,186.774,0.01,0.011,0.007,32,
1986-01-25 03:30:29.683000+00:00,26859,45,97,1,-4.919,-0.584,1.204,5.098,5.098,13.659,186.768,0.014,0.009,0.011,32,
1986-01-25 03:30:31.603000+00:00,26859,45,129,1,-4.915,-0.588,1.205,5.095,5.095,13.684,186.826,0.009,0.009,0.013,32,
1986-01-25 03:30:33.523000+00:00,26859,45,161,1,-4.908,-0.584,1.214,5.09,5.09,13.793,186.788,0.01,0.013,0.013,32,
1986-01-25 03:30:35.443000+00:00,26859,45,193,1,-4.915,-0.582,1.217,5.097,5.097,13.81,186.747,0.014,0.01,0.007,32,
1986-01-25 03:30:37.363000+00:00,26859,45,225,1,-4.908,-0.581,1.205,5.087,5.087,13.699,186.756,0.009,0.009,0.01,32,
1986-01-25 03:30:39.283000+00:00,26859,45,257,1,-4.902,-0.581,1.19,5.078,5.078,13.555,186.764,0.01,0.013,0.008,32,
1986-01-25 03:30:41.203000+00:00,26859,45,289,1,-4.901,-0.575,1.184,5.075,5.075,13.489,186.693,0.014,0.007,0.011,32,
1986-01-25 03:30:43.123000+00:00,26859,45,321,1,-4.905,-0.573,1.182,5.078,5.078,13.457,186.659,0.007,0.01,0.012,32,
1986-01-25 03:30:45.043000+00:00,26859,45,353,1,-4.913,-0.573,1.187,5.087,5.087,13.488,186.653,0.01,0.014,0.007,32,
1986-01-25 03:30:46.963000+00:00,26859,45,385,1,-4.908,-0.572,1.187,5.081,5.081,13.51,186.653,0.011,0.011,0.008,32,
1986-01-25 03:30:48.883000+00:00,26859,45,417,1,-4.896,-0.572,1.219,5.077,5.078,13.897,186.66,0.008,0.009,0.013,32,
1986-01-25 03:30:50.803000+00:00,26859,45,449,1,-4.88,-0.552,1.259,5.07,5.07,14.378,186.453,0.009,0.017,0.008,32,
1986-01-25 03:30:52.723000+00:00,26859,45,481,1,-4.841,-0.546,1.246,5.029,5.029,14.351,186.44,0.011,0.009,0.009,32,
1986-01-25 03:30:54.643000+00:00,26859,45,513,1,-4.833,-0.532,1.239,5.018,5.018,14.295,186.283,0.011,0.011,0.012,32,
1986-01-25 03:30:56.563000+00:00,26859,45,545,1,-4.841,-0.523,1.245,5.026,5.026,14.337,186.166,0.011,0.013,0.01,32,
1986-01-25 03:30:58.483000+00:00,26859,45,577,1,-4.837,-0.53,1.255,5.025,5.025,14.46,186.257,0.014,0.009,0.008,32,
1986-01-25 03:31:00.403000+00:00,26859,45,609,1,-4.822,-0.548,1.265,5.015,5.015,14.612,186.489,0.01,0.016,0.018,32,
1986-01-25 03:31:02.323000+00:00,26859,45,641,1,-4.825,-0.544,1.279,5.021,5.021,14.753,186.427,0.008,0.018,0.01,32,
1986-01-25 03:31:04.243000+00:00,26859,45,673,1,-4.814,-0.552,1.281,5.012,5.012,14.811,186.542,0.013,0.008,0.009,32,
1986-01-25 03:31:06.163000+00:00,26859,45,705,1,-4.824,-0.535,1.285,5.021,5.021,14.824,186.332,0.01,0.011,0.014,32,
1986-01-25 03:31:08.083000+00:00,26859,45,737,1,-4.818,-0.53,1.28,5.013,5.013,14.793,186.279,0.01,0.011,0.011,32,
1986-01-25 03:31:10.003000+00:00,26859,45,769,1,-4.815,-0.536,1.274,5.01,5.01,14.731,186.352,0.011,0.01,0.011,32,
1986-01-25 03:31:11.923000+00:00,26859,46,1,1,-4.829,-0.524,1.267,5.02,5.02,14.618,186.193,0.011,0.011,0.01,32,
1986-01-25 03:31:13.843000+00:00,26859,46,33,1,-4.841,-0.509,1.257,5.027,5.028,14.483,185.998,0.009,0.013,0.013,32,
1986-01-25 03:31:15.763000+00:00,26859,46,65,1,-4.835,-0.498,1.251,5.019,5.019,14.43,185.885,0.009,0.014,0.007,32,
1986-01-25 03:31:17.683000+00:00,26859,46,97,1,-4.837,-0.483,1.264,5.023,5.023,14.578,185.706,0.01,0.008,0.011,32,
1986-01-25 03:31:19.603000+00:00,26859,46,129,1,-4.841,-0.487,1.26,5.026,5.026,14.518,185.74,0.01,0.009,0.011,32,
1986-01-25 03:31:21.523000+00:00,26859,46,161,1,-4.837,-0.485,1.251,5.019,5.02,14.43,185.722,0.01,0.012,0.01,32,
1986-01-25 03:31:23.443000+00:00,26859,46,193,1,-4.838,-0.478,1.228,5.014,5.014,14.176,185.639,0.011,0.01,0.012,32,
1986-01-25 03:31:25.363000+00:00,26859,46,225,1,-4.835,-0.476,1.216,5.009,5.009,14.056,185.616,0.008,0.015,0.015,32,
1986-01-25 03:31:27.283000+00:00,26859,46,257,1,-4.841,-0.463,1.209,5.011,5.011,13.958,185.464,0.01,0.01,0.008,32,
1986-01-25 03:31:29.203000+00:00,26859,46,289,1,-4.839,-0.455,1.205,5.007,5.007,13.92,185.375,0.012,0.009,0.01,32,
1986-01-25 03:31:31.123000+00:00,26859,46,321,1,-4.844,-0.465,1.186,5.009,5.009,13.698,185.485,0.006,0.009,0.011,32,
1986-01-25 03:31:33.043000+00:00,26859,46,353,1,-4.838,-0.461,1.179,5.001,5.001,13.641,185.446,0.011,0.009,0.011,32,
1986-01-25 03:31:34.963000+00:00,26859,46,385,1,-4.845,-0.481,1.182,5.01,5.01,13.647,185.674,0.01,0.007,0.009,32,
1986-01-25 03:31:36.883000+00:00,26859,46,417,1,-4.844,-0.486,1.187,5.011,5.011,13.703,185.727,0.008,0.008,0.011,32,
1986-01-25 03:31:38.803000+00:00,26859,46,449,1,-4.853,-0.483,1.188,5.019,5.019,13.693,185.682,0.01,0.009,0.006,32,
1986-01-25 03:31:40.723000+00:00,26859,46,481,1,-4.839,-0.494,1.182,5.006,5.006,13.654,185.835,0.013,0.008,0.01,32,
1986-01-25 03:31:42.643000+00:00,26859,46,513,1,-4.833,-0.498,1.184,5.001,5.001,13.689,185.877,0.009,0.01,0.01,32,
1986-01-25 03:31:44.563000+00:00,26859,46,545,1,-4.841,-0.501,1.195,5.011,5.011,13.798,185.903,0.011,0.011,0.011,32,
1986-01-25 03:31:46.483000+00:00,26859,46,577,1,-4.835,-0.498,1.206,5.008,5.008,13.938,185.875,0.015,0.008,0.009,32,
1986-01-25 03:31:48.403000+00:00,26859,46,609,1,-4.837,-0.493,1.203,5.008,5.008,13.9,185.823,0.008,0.009,0.013,32,
1986-01-25 03:31:50.323000+00:00,26859,46,641,1,-4.83,-0.485,1.21,5.003,5.003,13.996,185.735,0.012,0.016,0.01,32,
1986-01-25 03:31:52.243000+00:00,26859,46,673,1,-4.831,-0.483,1.209,5.003,5.003,13.984,185.707,0.012,0.009,0.008,32,
1986-01-25 03:31:54.163000+00:00,26859,46,705,1,-4.839,-0.484,1.203,5.01,5.01,13.89,185.71,0.007,0.009,0.01,32,
1986-01-25 03:31:56.083000+00:00,26859,46,737,1,-4.847,-0.489,1.21,5.02,5.02,13.949,185.762,0.009,0.013,0.005,32,
1986-01-25 03:31:58.003000+00:00,26859,46,769,1,-4.841,-0.49,1.226,5.018,5.018,14.144,185.785,0.012,0.01,0.008,32,
1986-01-25 03:31:59.923000+00:00,26859,47,1,1,-4.844,-0.486,1.212,5.017,5.017,13.977,185.735,0.011,0.007,0.011,32,
1986-01-25 03:32:01.843000+00:00,26859,47,33,1,-4.841,-0.486,1.224,5.017,5.017,14.123,185.736,0.008,0.009,0.011,32,
1986-01-25 03:32:03.763000+00:00,26859,47,65,1,-4.837,-0.49,1.215,5.012,5.012,14.032,185.781,0.01,0.011,0.008,32,
1986-01-25 03:32:05.683000+00:00,26859,47,97,1,-4.849,-0.49,1.2,5.02,5.02,13.827,185.766,0.014,0.01,0.009,32,
1986-01-25 03:32:07.603000+00:00,26859,47,129,1,-4.854,-0.492,1.197,5.024,5.024,13.788,185.788,0.01,0.008,0.013,32,
1986-01-25 03:32:09.523000+00:00,26859,47,161,1,-4.85,-0.493,1.201,5.021,5.021,13.838,185.801,0.009,0.012,0.007,32,
1986-01-25 03:32:11.443000+00:00,26859,47,193,1,-4.847,-0.494,1.2,5.017,5.017,13.834,185.821,0.011,0.009,0.008,32,
1986-01-25 03:32:13.363000+00:00,26859,47,225,1,-4.842,-0.491,1.201,5.013,5.013,13.866,185.791,0.009,0.012,0.012,32,
1986-01-25 03:32:15.283000+00:00,26859,47,257,1,-4.843,-0.49,1.21,5.016,5.016,13.954,185.773,0.007,0.01,0.012,32,
1986-01-25 03:32:17.203000+00:00,26859,47,289,1,-4.856,-0.479,1.214,5.028,5.028,13.966,185.631,0.012,0.008,0.009,32,
1986-01-25 03:32:19.123000+00:00,26859,47,321,1,-4.85,-0.48,1.212,5.022,5.022,13.964,185.652,0.006,0.01,0.016,32,
1986-01-25 03:32:21.043000+00:00,26859,47,353,1,-4.846,-0.485,1.201,5.016,5.016,13.849,185.71,0.009,0.009,0.008,32,
1986-01-25 03:32:22.963000+00:00,26859,47,385,1,-4.847,-0.485,1.203,5.017,5.017,13.877,185.719,0.014,0.008,0.01,32,
1986-01-25 03:32:24.883000+00:00,26859,47,417,1,-4.845,-0.469,1.211,5.016,5.016,13.977,185.525,0.008,0.01,0.015,32,
1986-01-25 03:32:26.803000+00:00,26859,47,449,1,-4.846,-0.462,1.213,5.016,5.016,13.99,185.442,0.011,0.014,0.009,32,
1986-01-25 03:32:28.723000+00:00,26859,47,481,1,-4.846,-0.462,1.205,5.015,5.015,13.904,185.442,0.014,0.009,0.01,32,
1986-01-25 03:32:30.643000+00:00,26859,47,513,1,-4.842,-0.452,1.204,5.01,5.01,13.906,185.33,0.006,0.009,0.011,32,
1986-01-25 03:32:32.563000+00:00,26859,47,545,1,-4.837,-0.462,1.198,5.005,5.005,13.846,185.452,0.006,0.012,0.006,32,
1986-01-25 03:32:34.483000+00:00,26859,47,577,1,-4.85,-0.46,1.202,5.018,5.018,13.857,185.416,0.01,0.008,0.012,32,
1986-01-25 03:32:36.403000+00:00,26859,47,609,1,-4.848,-0.467,1.195,5.014,5.015,13.781,185.502,0.007,0.013,0.013,32,
1986-01-25 03:32:38.323000+00:00,26859,47,641,1,-4.847,-0.467,1.192,5.013,5.013,13.761,185.506,0.01,0.012,0.008,32,
1986-01-25 03:32:40.243000+00:00,26859,47,673,1,-4.844,-0.459,1.197,5.011,5.011,13.82,185.412,0.011,0.006,0.01,32,
1986-01-25 03:32:42.163000+00:00,26859,47,705,1,-4.844,-0.457,1.2,5.011,5.011,13.86,185.389,0.01,0.009,0.01,32,
1986-01-25 03:32:44.083000+00:00,26859,47,737,1,-4.839,-0.455,1.193,5.005,5.005,13.792,185.367,0.006,0.012,0.009,32,
1986-01-25 03:32:46.003000+00:00,26859,47,769,1,-4.834,-0.454,1.19,4.999,4.999,13.77,185.362,0.013,0.009,0.009,32,
1986-01-25 03:32:47.923000+00:00,26859,48,1,1,-4.832,-0.455,1.187,4.997,4.997,13.742,185.374,0.01,0.01,0.009,32,
1986-01-25 03:32:49.843000+00:00,26859,48,33,1,-4.847,-0.449,1.193,5.012,5.012,13.769,185.296,0.008,0.007,0.015,32,
1986-01-25 03:32:51.763000+00:00,26859,48,65,1,-4.839,-0.444,1.189,5.003,5.003,13.749,185.24,0.009,0.012,0.01,16,
1986-01-25 03:32:53.683000+00:00,26859,48,97,1,,,,,,,,,,,0,
1986-01-25 03:32:55.603000+00:00,26859,48,129,1,-4.86,-0.453,1.194,5.025,5.025,13.741,185.33,0.009,0.008,0.015,20,
1986-01-25 03:32:57.523000+00:00,26859,48,161,1,-4.861,-0.45,1.186,5.024,5.024,13.649,185.283,0.01,0.01,0.008,32,
1986-01-25 03:32:59.443000+00:00,26859,48,193,1,-4.858,-0.445,1.186,5.021,5.021,13.669,185.231,0.016,0.008,0.01,32,
1986-01-25 03:33:01.363000+00:00,26859,48,225,1,-4.857,-0.444,1.189,5.02,5.021,13.696,185.227,0.007,0.009,0.012,32,
1986-01-25 03:33:03.283000+00:00,26859,48,257,1,-4.863,-0.452,1.181,5.025,5.025,13.599,185.308,0.007,0.012,0.009,32,
1986-01-25 03:33:05.203000+00:00,26859,48,289,1,-4.861,-0.442,1.177,5.021,5.021,13.562,185.196,,0.01,0.009,32,
1986-01-25 03:33:07.123000+00:00,26859,48,321,1,-4.861,-0.443,1.163,5.018,5.018,13.403,185.208,,0.013,0.014,32,
1986-01-25 03:33:09.043000+00:00,26859,48,353,1,-4.857,-0.438,1.159,5.013,5.013,13.37,185.152,,0.011,0.009,32,
1986-01-25 03:33:10.963000+00:00,26859,48,385,1,-4.862,-0.431,1.156,5.016,5.016,13.32,185.071,0.016,0.008,0.011,32,
1986-01-25 03:33:12.883000+00:00,26859,48,417,1,-4.862,-0.421,1.162,5.016,5.016,13.39,184.95,0.007,0.009,0.014,32,
1986-01-25 03:33:14.803000+00:00,26859,48,449,1,-4.867,-0.414,1.174,5.024,5.024,13.51,184.861,0.007,0.015,0.01,32,
1986-01-25 03:33:16.723000+00:00,26859,48,481,1,-4.862,-0.4,1.164,5.016,5.016,13.424,184.698,0.011,0.009,0.012,32,
1986-01-25 03:33:18.643000+00:00,26859,48,513,1,-4.857,-0.396,1.163,5.01,5.01,13.42,184.664,0.008,0.009,0.012,32,
1986-01-25 03:33:20.563000+00:00,26859,48,545,1,-4.846,-0.387,1.161,4.998,4.998,13.432,184.564,0.011,0.011,0.011,32,
1986-01-25 03:33:22.483000+00:00,26859,48,577,1,-4.858,-0.374,1.16,5.009,5.009,13.392,184.401,0.01,0.008,0.008,32,
1986-01-25 03:33:24.403000+00:00,26859,48,609,1,-4.86,-0.39,1.164,5.013,5.013,13.428,184.591,0.006,0.011,0.012,32,
1986-01-25 03:33:26.323000+00:00,26859,48,641,1,-4.853,-0.4,1.16,5.006,5.006,13.394,184.709,0.01,0.012,0.008,32,
1986-01-25 03:33:28.243000+00:00,26859,48,673,1,-4.85,-0.392,1.177,5.006,5.006,13.603,184.619,0.013,0.009,0.009,32,
1986-01-25 03:33:30.163000+00:00,26859,48,705,1,-4.848,-0.399,1.18,5.005,5.005,13.64,184.699,0.006,0.01,,32,
1986-01-25 03:33:32.083000+00:00,26859,48,737,1,-4.845,-0.405,1.187,5.005,5.005,13.724,184.78,0.009,0.013,,24,
1986-01-25 03:33:34.003000+00:00,26859,48,769,1,,,,,,,,,,,0,
1986-01-25 03:33:35.923000+00:00,26859,49,1,1,-4.838,-0.403,1.216,5.004,5.004,14.064,184.757,0.009,0.006,0.012,12,T
1986-01-25 03:33:37.843000+00:00,26859,49,33,1,-4.83,-0.402,1.209,4.995,4.995,14.002,184.759,0.007,0.009,0.01,32,T
1986-01-25 03:33:39.763000+00:00,26859,49,65,1,-4.832,-0.404,1.214,4.999,4.999,14.054,184.78,0.009,0.011,0.007,32,T
1986-01-25 03:33:41.683000+00:00,26859,49,97,1,-4.843,-0.403,1.222,5.011,5.011,14.116,184.762,0.013,0.01,0.011,32,T
1986-01-25 03:33:43.603000+00:00,26859,49,129,1,-4.834,-0.422,1.206,5.0,5.0,13.952,184.984,0.009,0.012,0.015,32,T
1986-01-25 03:33:45.523000+00:00,26859,49,161,1,-4.828,-0.428,1.204,4.995,4.995,13.953,185.066,0.01,0.013,0.01,32,T
1986-01-25 03:33:47.443000+00:00,26859,49,193,1,-4.823,-0.444,1.217,4.994,4.994,14.108,185.255,0.011,0.009,0.011,32,T
1986-01-25 03:33:49.363000+00:00,26859,49,225,1,-4.831,-0.461,1.221,5.004,5.004,14.119,185.456,0.009,0.011,0.014,32,T
1986-01-25 03:33:51.283000+00:00,26859,49,257,1,-4.84,-0.462,1.234,5.016,5.016,14.245,185.448,0.011,0.013,0.007,32,T
1986-01-25 03:33:53.203000+00:00,26859,49,289,1,-4.843,-0.462,1.232,5.018,5.018,14.21,185.454,0.017,0.008,0.009,32,T
1986-01-25 03:33:55.123000+00:00,26859,49,321,1,-4.827,-0.47,1.229,5.003,5.003,14.218,185.563,0.012,0.009,0.015,32,T
1986-01-25 03:33:57.043000+00:00,26859,49,353,1,-4.812,-0.479,1.233,4.99,4.99,14.304,185.681,0.014,0.014,0.01,32,T
1986-01-25 03:33:58.963000+00:00,26859,49,385,1,-4.806,-0.489,1.224,4.984,4.984,14.222,185.814,0.012,0.01,0.009,32,T
1986-01-25 03:34:00.883000+00:00,26859,49,417,1,-4.813,-0.498,1.22,4.991,4.991,14.156,185.903,0.009,0.011,0.013,32,T
1986-01-25 03:34:02.803000+00:00,26859,49,449,1,-4.818,-0.502,1.211,4.993,4.993,14.038,185.949,0.007,0.012,0.005,32,T
1986-01-25 03:34:04.723000+00:00,26859,49,481,1,-4.827,-0.504,1.213,5.003,5.003,14.029,185.955,0.014,0.011,0.009,32,T
1986-01-25 03:34:06.643000+00:00,26859,49,513,1,-4.816,-0.513,1.205,4.991,4.991,13.973,186.086,0.009,0.011,0.013,32,T
1986-01-25 03:34:08.563000+00:00,26859,49,545,1,-4.817,-0.501,1.209,4.992,4.992,14.015,185.938,0.008,0.011,0.006,32,T
1986-01-25 03:34:10.483000+00:00,26859,49,577,1,-4.813,-0.512,1.192,4.985,4.985,13.838,186.071,0.014,0.009,0.009,32,T
1986-01-25 03:34:12.403000+00:00,26859,49,609,1,-4.808,-0.539,1.18,4.98,4.98,13.707,186.394,0.013,0.009,0.011,32,T
1986-01-25 03:34:14.323000+00:00,26859,49,641,1,-4.8,-0.548,1.183,4.974,4.974,13.755,186.509,0.009,0.015,0.009,32,T
1986-01-25 03:34:16.243000+00:00,26859,49,673,1,-4.787,-0.543,1.179,4.96,4.96,13.751,186.466,0.011,0.009,0.01,32,T
1986-01-25 03:34:18.163000+00:00,26859,49,705,1,-4.796,-0.534,1.191,4.97,4.97,13.864,186.35,0.011,0.011,0.011,32,T
1986-01-25 03:34:20.083000+00:00,26859,49,737,1,-4.795,-0.533,1.184,4.967,4.967,13.784,186.338,0.012,0.012,0.007,32,T
1986-01-25 03:34:22.003000+00:00,26859,49,769,1,-4.802,-0.537,1.188,4.976,4.976,13.81,186.382,0.009,0.008,0.007,32,T
1986-01-25 03:34:23.923000+00:00,26859,50,1,1,-4.809,-0.553,1.181,4.982,4.982,13.716,186.556,0.012,0.008,0.01,32,
1986-01-25 03:34:25.843000+00:00,26859,50,33,1,-4.801,-0.561,1.179,4.975,4.975,13.712,186.665,0.009,0.01,0.013,32,
1986-01-25 03:34:27.763000+00:00,26859,50,65,1,-4.796,-0.561,1.186,4.973,4.973,13.793,186.675,0.008,0.012,0.008,32,
1986-01-25 03:34:29.683000+00:00,26859,50,97,1,-4.793,-0.571,1.175,4.968,4.968,13.684,186.788,0.012,0.009,0.011,32,
1986-01-25 03:34:31.603000+00:00,26859,50,129,1,-4.794,-0.579,1.176,4.97,4.97,13.686,186.881,0.008,0.011,0.013,32,
1986-01-25 03:34:33.523000+00:00,26859,50,161,1,-4.796,-0.583,1.178,4.973,4.973,13.707,186.932,0.01,0.017,0.01,32,
1986-01-25 03:34:35.443000+00:00,26859,50,193,1,-4.799,-0.581,1.175,4.975,4.975,13.656,186.901,0.011,0.008,0.009,32,
1986-01-25 03:34:37.363000+00:00,26859,50,225,1,-4.79,-0.574,1.188,4.968,4.969,13.837,186.836,0.008,0.01,0.013,32,
1986-01-25 03:34:39.283000+00:00,26859,50,257,1,-4.783,-0.55,1.211,4.965,4.965,14.118,186.564,0.008,0.011,0.008,32,
1986-01-25 03:34:41.203000+00:00,26859,50,289,1,-4.784,-0.549,1.222,4.968,4.968,14.238,186.55,0.011,0.006,0.013,32,
1986-01-25 03:34:43.123000+00:00,26859,50,321,1,-4.777,-0.549,1.213,4.959,4.959,14.158,186.556,0.009,0.012,0.011,32,
1986-01-25 03:34:45.043000+00:00,26859,50,353,1,-4.773,-0.548,1.203,4.953,4.953,14.06,186.545,0.007,0.014,0.01,32,
1986-01-25 03:34:46.963000+00:00,26859,50,385,1,-4.778,-0.544,1.201,4.956,4.956,14.022,186.5,0.012,0.009,0.009,32,
1986-01-25 03:34:48.883000+00:00,26859,50,417,1,-4.771,-0.541,1.194,4.948,4.948,13.966,186.468,0.01,0.012,0.011,32,
1986-01-25 03:34:50.803000+00:00,26859,50,449,1,-4.778,-0.542,1.181,4.951,4.951,13.795,186.47,0.009,0.012,0.008,32,
1986-01-25 03:34:52.723000+00:00,26859,50,481,1,-4.779,-0.55,1.181,4.953,4.953,13.792,186.57,0.014,0.009,0.01,32,
1986-01-25 03:34:54.643000+00:00,26859,50,513,1,-4.785,-0.558,1.154,4.954,4.954,13.468,186.654,0.008,0.009,0.013,32,
1986-01-25 03:34:56.563000+00:00,26859,50,545,1,-4.786,-0.549,1.15,4.953,4.953,13.428,186.546,0.01,0.012,0.007,32,
1986-01-25 03:34:58.483000+00:00,26859,50,577,1,-4.789,-0.536,1.149,4.954,4.954,13.412,186.39,0.011,0.008,0.01,32,
1986-01-25 03:35:00.403000+00:00,26859,50,609,1,-4.801,-0.54,1.136,4.963,4.963,13.235,186.418,0.008,0.012,0.01,32,
1986-01-25 03:35:02.323000+00:00,26859,50,641,1,-4.795,-0.538,1.124,4.954,4.955,13.108,186.402,0.011,0.009,0.008,32,
1986-01-25 03:35:04.243000+00:00,26859,50,673,1,-4.803,-0.539,1.121,4.962,4.962,13.053,186.397,0.014,0.006,0.008,32,
1986-01-25 03:35:06.163000+00:00,26859,50,705,1,-4.809,-0.533,1.107,4.963,4.963,12.887,186.323,0.007,0.01,0.015,32,
1986-01-25 03:35:08.083000+00:00,26859,50,737,1,-4.808,-0.525,1.111,4.962,4.962,12.934,186.234,0.009,0.011,0.01,32,
1986-01-25 03:35:10.003000+00:00,26859,50,769,1,-4.809,-0.521,1.101,4.96,4.96,12.825,186.185,0.013,0.008,0.011,32,
1986-01-25 03:35:11.923000+00:00,26859,51,1,1,-4.8,-0.505,1.094,4.949,4.949,12.775,186.008,0.01,0.007,0.009,32,
1986-01-25 03:35:13.843000+00:00,26859,51,33,1,-4.819,-0.492,1.1,4.967,4.967,12.793,185.835,0.008,0.013,0.014,32,
1986-01-25 03:35:15.763000+00:00,26859,51,65,1,-4.821,-0.488,1.108,4.97,4.97,12.879,185.783,0.009,0.015,0.008,32,
1986-01-25 03:35:17.683000+00:00,26859,51,97,1,-4.817,-0.48,1.102,4.965,4.965,12.822,185.69,0.013,0.009,0.008,32,
1986-01-25 03:35:19.603000+00:00,26859,51,129,1,-4.821,-0.478,1.095,4.967,4.967,12.734,185.657,0.011,0.007,0.016,32,
1986-01-25 03:35:21.523000+00:00,26859,51,161,1,-4.813,-0.474,1.109,4.962,4.962,12.912,185.626,0.008,0.013,0.011,32,
1986-01-25 03:35:23.443000+00:00,26859,51,193,1,-4.812,-0.48,1.126,4.966,4.966,13.101,185.702,0.015,0.006,0.011,32,
1986-01-25 03:35:25.363000+00:00,26859,51,225,1,-4.819,-0.475,1.131,4.973,4.973,13.145,185.623,0.007,0.012,0.015,32,
1986-01-25 03:35:27.283000+00:00,26859,51,257,1,-4.817,-0.474,1.154,4.976,4.976,13.417,185.622,0.011,0.017,0.007,32,
1986-01-25 03:35:29.203000+00:00,26859,51,289,1,-4.808,-0.48,1.153,4.968,4.968,13.42,185.707,0.016,0.008,0.01,32,
1986-01-25 03:35:31.123000+00:00,26859,51,321,1,-4.806,-0.48,1.163,4.968,4.968,13.537,185.697,0.008,0.011,0.014,32,
1986-01-25 03:35:33.043000+00:00,26859,51,353,1,-4.8,-0.475,1.167,4.963,4.963,13.597,185.653,0.011,0.012,0.009,32,
1986-01-25 03:35:34.963000+00:00,26859,51,385,1,-4.793,-0.471,1.176,4.957,4.957,13.727,185.611,0.016,0.007,0.009,32,
1986-01-25 03:35:36.883000+00:00,26859,51,417,1,-4.791,-0.47,1.191,4.959,4.959,13.899,185.607,0.01,0.01,0.014,32,
1986-01-25 03:35:38.803000+00:00,26859,51,449,1,-4.78,-0.47,1.187,4.948,4.948,13.881,185.619,0.009,0.009,0.009,32,
1986-01-25 03:35:40.723000+00:00,26859,51,481,1,-4.774,-0.465,1.187,4.941,4.941,13.896,185.568,0.012,0.009,0.013,32,
1986-01-25 03:35:42.643000+00:00,26859,51,513,1,-4.771,-0.459,1.188,4.938,4.938,13.922,185.493,0.01,0.01,0.01,32,
1986-01-25 03:35:44.563000+00:00,26859,51,545,1,-4.779,-0.449,1.188,4.945,4.945,13.902,185.363,0.009,0.014,0.008,32,
1986-01-25 03:35:46.483000+00:00,26859,51,577,1,-4.77,-0.434,1.193,4.936,4.936,13.981,185.194,0.012,0.009,0.011,32,
1986-01-25 03:35:48.403000+00:00,26859,51,609,1,-4.758,-0.431,1.183,4.922,4.922,13.912,185.18,0.008,0.008,0.011,32,
1986-01-25 03:35:50.323000+00:00,26859,51,641,1,-4.761,-0.417,1.183,4.923,4.923,13.9,185.008,0.009,0.011,0.009,32,
1986-01-25 03:35:52.243000+00:00,26859,51,673,1,-4.769,-0.412,1.166,4.927,4.927,13.687,184.939,0.009,0.01,0.008,32,
1986-01-25 03:35:54.163000+00:00,26859,51,705,1,-4.782,-0.409,1.164,4.939,4.939,13.631,184.892,0.009,0.01,0.013,32,
1986-01-25 03:35:56.083000+00:00,26859,51,737,1,-4.779,-0.411,1.159,4.934,4.934,13.585,184.91,0.011,0.016,0.007,32,
1986-01-25 03:35:58.003000+00:00,26859,51,769,1,-4.783,-0.409,1.153,4.937,4.937,13.5,184.886,0.011,0.007,0.009,32,
1986-01-25 03:35:59.923000+00:00,26859,52,1,1,-4.782,-0.403,1.147,4.934,4.934,13.441,184.813,0.012,0.006,0.013,32,
1986-01-25 03:36:01.843000+00:00,26859,52,33,1,-4.779,-0.395,1.157,4.933,4.933,13.57,184.719,0.009,0.01,0.015,32,
1986-01-25 03:36:03.763000+00:00,26859,52,65,1,-4.784,-0.399,1.15,4.937,4.937,13.47,184.765,0.009,0.014,0.006,32,
1986-01-25 03:36:05.683000+00:00,26859,52,97,1,-4.789,-0.401,1.144,4.94,4.94,13.394,184.787,0.011,0.011,0.008,32,
1986-01-25 03:36:07.603000+00:00,26859,52,129,1,-4.79,-0.416,1.139,4.941,4.941,13.331,184.96,0.008,0.013,0.013,32,
1986-01-25 03:36:09.523000+00:00,26859,52,161,1,-4.776,-0.42,1.143,4.929,4.929,13.406,185.019,0.013,0.014,0.008,32,
1986-01-25 03:36:11.443000+00:00,26859,52,193,1,-4.779,-0.432,1.144,4.933,4.933,13.407,185.16,0.014,0.009,0.011,32,
1986-01-25 03:36:13.363000+00:00,26859,52,225,1,-4.765,-0.44,1.147,4.921,4.921,13.478,185.273,0.009,0.01,0.011,32,
1986-01-25 03:36:15.283000+00:00,26859,52,257,1,-4.759,-0.444,1.142,4.914,4.914,13.432,185.325,0.006,0.015,0.008,32,
1986-01-25 03:36:17.203000+00:00,26859,52,289,1,-4.752,-0.443,1.131,4.905,4.905,13.338,185.328,0.01,0.01,0.011,32,
1986-01-25 03:36:19.123000+00:00,26859,52,321,1,-4.755,-0.439,1.127,4.907,4.907,13.276,185.274,0.009,0.01,0.013,32,
1986-01-25 03:36:21.043000+00:00,26859,52,353,1,-4.761,-0.437,1.125,4.912,4.912,13.237,185.245,0.007,0.013,0.006,32,
1986-01-25 03:36:22.963000+00:00,26859,52,385,1,-4.763,-0.43,1.117,4.911,4.911,13.147,185.163,0.012,0.005,0.011,32,
1986-01-25 03:36:24.883000+00:00,26859,52,417,1,-4.77,-0.42,1.119,4.918,4.918,13.152,185.028,0.008,0.009,0.018,32,
1986-01-25 03:36:26.803000+00:00,26859,52,449,1,-4.774,-0.406,1.126,4.922,4.922,13.223,184.861,0.009,0.012,0.01,32,
1986-01-25 03:36:28.723000+00:00,26859,52,481,1,-4.77,-0.407,1.133,4.92,4.92,13.31,184.878,0.017,0.009,0.011,32,
1986-01-25 03:36:30.643000+00:00,26859,52,513,1,-4.774,-0.428,1.121,4.922,4.922,13.168,185.122,0.011,0.009,0.019,32,
1986-01-25 03:36:32.563000+00:00,26859,52,545,1,-4.777,-0.426,1.143,4.93,4.93,13.401,185.09,0.011,0.012,0.008,32,
1986-01-25 03:36:34.483000+00:00,26859,52,577,1,-4.78,-0.436,1.148,4.935,4.935,13.454,185.211,0.011,0.01,0.013,32,
1986-01-25 03:36:36.403000+00:00,26859,52,609,1,-4.774,-0.447,1.147,4.93,4.93,13.457,185.345,0.01,0.01,0.012,32,
1986-01-25 03:36:38.323000+00:00,26859,52,641,1,-4.772,-0.441,1.155,4.93,4.93,13.553,185.285,0.009,0.012,0.008,32,
1986-01-25 03:36:40.243000+00:00,26859,52,673,1,-4.755,-0.449,1.153,4.914,4.914,13.571,185.397,0.014,0.007,0.009,32,
1986-01-25 03:36:42.163000+00:00,26859,52,705,1,-4.757,-0.462,1.164,4.919,4.919,13.688,185.55,0.01,0.01,0.016,32,
1986-01-25 03:36:44.083000+00:00,26859,52,737,1,-4.758,-0.458,1.173,4.921,4.921,13.789,185.496,0.012,0.012,0.009,32,
1986-01-25 03:36:46.003000+00:00,26859,52,769,1,-4.749,-0.454,1.188,4.917,4.917,13.985,185.462,0.013,0.007,0.01,32,
1986-01-25 03:36:47.923000+00:00,26859,53,1,1,-4.757,-0.456,1.191,4.925,4.925,13.991,185.477,0.012,0.008,0.01,32,
1986-01-25 03:36:49.843000+00:00,26859,53,33,1,-4.75,-0.457,1.185,4.917,4.917,13.944,185.494,0.01,0.008,0.013,32,
1986-01-25 03:36:51.763000+00:00,26859,53,65,1,-4.747,-0.465,1.182,4.914,4.914,13.914,185.595,0.009,0.013,0.009,32,
1986-01-25 03:36:53.683000+00:00,26859,53,97,1,-4.743,-0.458,1.197,4.913,4.913,14.095,185.52,0.012,0.008,0.013,32,
1986-01-25 03:36:55.603000+00:00,26859,53,129,1,-4.745,-0.456,1.191,4.913,4.913,14.024,185.491,0.008,0.011,0.011,32,
1986-01-25 03:36:57.523000+00:00,26859,53,161,1,-4.751,-0.467,1.202,4.923,4.923,14.129,185.617,0.01,0.011,0.01,32,
1986-01-25 03:36:59.443000+00:00,26859,53,193,1,-4.744,-0.469,1.194,4.914,4.914,14.056,185.645,0.012,0.016,0.01,32,
1986-01-25 03:37:01.363000+00:00,26859,53,225,1,-4.74,-0.459,1.185,4.908,4.908,13.975,185.536,0.009,0.007,0.013,32,
1986-01-25 03:37:03.283000+00:00,26859,53,257,1,-4.731,-0.465,1.178,4.898,4.898,13.921,185.615,0.012,0.012,0.01,32,
1986-01-25 03:37:05.203000+00:00,26859,53,289,1,-4.734,-0.475,1.182,4.902,4.902,13.95,185.732,0.012,0.013,0.01,32,
1986-01-25 03:37:07.123000+00:00,26859,53,321,1,-4.734,-0.459,1.149,4.894,4.894,13.58,185.543,0.01,0.013,0.016,32,
1986-01-25 03:37:09.043000+00:00,26859,53,353,1,-4.754,-0.439,1.141,4.909,4.909,13.442,185.271,0.011,0.013,0.009,32,
1986-01-25 03:37:10.963000+00:00,26859,53,385,1,-4.762,-0.446,1.121,4.913,4.913,13.192,185.347,0.016,0.008,0.011,32,
1986-01-25 03:37:12.883000+00:00,26859,53,417,1,-4.777,-0.439,1.113,4.924,4.924,13.062,185.246,0.014,0.01,0.011,32,
1986-01-25 03:37:14.803000+00:00,26859,53,449,1,-4.781,-0.439,1.102,4.926,4.926,12.929,185.242,0.009,0.012,0.011,32,
1986-01-25 03:37:16.723000+00:00,26859,53,481,1,-4.787,-0.427,1.1,4.93,4.93,12.891,185.094,0.01,0.01,0.008,32,
1986-01-25 03:37:18.643000+00:00,26859,53,513,1,-4.791,-0.441,1.107,4.937,4.937,12.955,185.256,0.005,0.007,0.017,32,
1986-01-25 03:37:20.563000+00:00,26859,53,545,1,-4.789,-0.44,1.103,4.934,4.934,12.919,185.244,0.01,0.011,0.009,32,
1986-01-25 03:37:22.483000+00:00,26859,53,577,1,-4.791,-0.452,1.112,4.939,4.939,13.012,185.392,0.014,0.01,0.008,32,
1986-01-25 03:37:24.403000+00:00,26859,53,609,1,-4.794,-0.455,1.121,4.944,4.944,13.1,185.419,0.009,0.007,0.014,32,
1986-01-25 03:37:26.323000+00:00,26859,53,641,1,-4.801,-0.453,1.132,4.954,4.954,13.204,185.393,0.012,0.012,0.009,32,
1986-01-25 03:37:28.243000+00:00,26859,53,673,1,-4.807,-0.45,1.136,4.959,4.959,13.236,185.343,0.012,0.01,0.01,32,
1986-01-25 03:37:30.163000+00:00,26859,53,705,1,-4.809,-0.453,1.127,4.96,4.96,13.133,185.385,0.009,0.012,0.015,32,
1986-01-25 03:37:32.083000+00:00,26859,53,737,1,-4.816,-0.444,1.134,4.967,4.967,13.192,185.267,0.008,0.011,0.008,32,
1986-01-25 03:37:34.003000+00:00,26859,53,769,1,-4.81,-0.422,1.14,4.961,4.961,13.284,185.02,0.01,0.008,0.012,32,
1986-01-25 03:37:35.923000+00:00,26859,54,1,1,-4.814,-0.42,1.131,4.963,4.963,13.167,184.987,0.012,0.006,0.007,32,
1986-01-25 03:37:37.843000+00:00,26859,54,33,1,-4.814,-0.412,1.145,4.965,4.965,13.337,184.897,0.008,0.011,0.016,32,
1986-01-25 03:37:39.763000+00:00,26859,54,65,1,-4.808,-0.42,1.162,4.964,4.964,13.537,184.997,0.009,0.012,0.008,32,
1986-01-25 03:37:41.683000+00:00,26859,54,97,1,-4.805,-0.437,1.169,4.965,4.965,13.615,185.202,0.012,0.01,0.008,32,
1986-01-25 03:37:43.603000+00:00,26859,54,129,1,-4.818,-0.438,1.159,4.974,4.974,13.472,185.196,0.007,0.009,0.015,32,
1986-01-25 03:37:45.523000+00:00,26859,54,161,1,-4.824,-0.429,1.149,4.977,4.977,13.346,185.085,0.009,0.011,0.007,32,
1986-01-25 03:37:47.443000+00:00,26859,54,193,1,-4.811,-0.422,1.151,4.964,4.965,13.404,185.019,0.009,0.009,0.009,32,
1986-01-25 03:37:49.363000+00:00,26859,54,225,1,-4.818,-0.417,1.152,4.971,4.971,13.401,184.942,0.012,0.009,0.012,32,
1986-01-25 03:37:51.283000+00:00,26859,54,257,1,-4.819,-0.419,1.154,4.973,4.973,13.415,184.969,0.007,0.012,0.009,32,
1986-01-25 03:37:53.203000+00:00,26859,54,289,1,-4.815,-0.411,1.149,4.967,4.967,13.38,184.884,0.015,0.008,0.011,32,
1986-01-25 03:37:55.123000+00:00,26859,54,321,1,-4.814,-0.397,1.142,4.963,4.963,13.302,184.714,0.007,0.011,0.014,32,
1986-01-25 03:37:57.043000+00:00,26859,54,353,1,-4.805,-0.391,1.151,4.957,4.957,13.428,184.649,0.01,0.014,0.01,32,
1986-01-25 03:37:58.963000+00:00,26859,54,385,1,-4.811,-0.394,1.161,4.964,4.964,13.526,184.683,0.012,0.009,0.01,32,
1986-01-25 03:38:00.883000+00:00,26859,54,417,1,-4.812,-0.416,1.172,4.97,4.97,13.636,184.939,0.01,0.009,0.013,32,
1986-01-25 03:38:02.803000+00:00,26859,54,449,1,-4.807,-0.43,1.174,4.967,4.967,13.67,185.116,0.011,0.016,0.007,32,
1986-01-25 03:38:04.723000+00:00,26859,54,481,1,-4.803,-0.425,1.186,4.965,4.965,13.818,185.059,0.013,0.013,0.011,32,
1986-01-25 03:38:06.643000+00:00,26859,54,513,1,-4.794,-0.43,1.19,4.958,4.958,13.892,185.126,0.008,0.009,0.009,32,
1986-01-25 03:38:08.563000+00:00,26859,54,545,1,-4.804,-0.436,1.185,4.967,4.967,13.804,185.185,0.011,0.012,0.008,32,
1986-01-25 03:38:10.483000+00:00,26859,54,577,1,-4.807,-0.425,1.198,4.972,4.972,13.941,185.058,0.012,0.008,0.012,32,
1986-01-25 03:38:12.403000+00:00,26859,54,609,1,-4.812,-0.409,1.203,4.977,4.977,13.991,184.858,0.011,0.009,0.014,32,
1986-01-25 03:38:14.323000+00:00,26859,54,641,1,-4.808,-0.41,1.187,4.969,4.969,13.825,184.878,0.011,0.013,0.009,32,
1986-01-25 03:38:16.243000+00:00,26859,54,673,1,-4.817,-0.418,1.193,4.981,4.981,13.858,184.96,0.018,0.009,0.011,32,
1986-01-25 03:38:18.163000+00:00,26859,54,705,1,-4.81,-0.433,1.184,4.973,4.973,13.773,185.146,0.008,0.008,0.014,32,
1986-01-25 03:38:20.083000+00:00,26859,54,737,1,-4.818,-0.432,1.18,4.979,4.979,13.711,185.121,0.009,0.013,0.009,32,
1986-01-25 03:38:22.003000+00:00,26859,54,769,1,-4.824,-0.43,1.177,4.984,4.984,13.656,185.092,0.012,0.008,0.01,32,
1986-01-25 03:38:23.923000+00:00,26859,55,1,1,-4.825,-0.423,1.179,4.984,4.984,13.678,185.005,0.012,0.009,0.01,32,
1986-01-25 03:38:25.843000+00:00,26859,55,33,1,-4.828,-0.42,1.171,4.985,4.985,13.58,184.972,0.009,0.009,0.017,32,
1986-01-25 03:38:27.763000+00:00,26859,55,65,1,-4.815,-0.417,1.178,4.974,4.974,13.697,184.956,0.012,0.012,0.009,32,
1986-01-25 03:38:29.683000+00:00,26859,55,97,1,-4.833,-0.435,1.172,4.993,4.993,13.575,185.146,0.012,0.008,0.01,32,
1986-01-25 03:38:31.603000+00:00,26859,55,129,1,-4.832,-0.437,1.17,4.99,4.99,13.558,185.169,0.009,0.011,0.012,32,
1986-01-25 03:38:33.523000+00:00,26859,55,161,1,-4.828,-0.438,1.166,4.986,4.986,13.524,185.179,0.009,0.009,0.007,32,
1986-01-25 03:38:35.443000+00:00,26859,55,193,1,-4.833,-0.442,1.155,4.988,4.988,13.389,185.23,0.014,0.006,0.01,32,
1986-01-25 03:38:37.363000+00:00,26859,55,225,1,-4.834,-0.439,1.151,4.988,4.989,13.345,185.193,0.007,0.014,0.013,32,
1986-01-25 03:38:39.283000+00:00,26859,55,257,1,-4.83,-0.431,1.159,4.986,4.986,13.439,185.103,0.011,0.01,0.01,32,
1986-01-25 03:38:41.203000+00:00,26859,55,289,1,-4.829,-0.425,1.149,4.982,4.982,13.33,185.026,0.013,0.007,0.011,32,
1986-01-25 03:38:43.123000+00:00,26859,55,321,1,-4.83,-0.426,1.149,4.983,4.983,13.335,185.039,0.009,0.012,0.011,32,
1986-01-25 03:38:45.043000+00:00,26859,55,353,1,-4.823,-0.425,1.149,4.976,4.976,13.353,185.031,0.009,0.013,0.012,32,
1986-01-25 03:38:46.963000+00:00,26859,55,385,1,-4.82,-0.421,1.146,4.972,4.972,13.328,184.99,0.012,0.009,0.01,32,
1986-01-25 03:38:48.883000+00:00,26859,55,417,1,-4.832,-0.415,1.156,4.986,4.986,13.405,184.91,0.008,0.011,0.01,32,
1986-01-25 03:38:50.803000+00:00,26859,55,449,1,-4.822,-0.428,1.142,4.974,4.974,13.271,185.072,0.012,0.013,0.008,32,
1986-01-25 03:38:52.723000+00:00,26859,55,481,1,-4.822,-0.43,1.139,4.974,4.974,13.239,185.099,0.012,0.007,0.009,32,
1986-01-25 03:38:54.643000+00:00,26859,55,513,1,-4.821,-0.42,1.153,4.974,4.974,13.398,184.974,0.009,0.009,0.01,32,
1986-01-25 03:38:56.563000+00:00,26859,55,545,1,-4.819,-0.422,1.147,4.972,4.972,13.336,185.009,0.01,0.014,0.009,32,
1986-01-25 03:38:58.483000+00:00,26859,55,577,1,-4.826,-0.427,1.148,4.979,4.979,13.329,185.055,0.012,0.007,0.01,32,
1986-01-25 03:39:00.403000+00:00,26859,55,609,1,-4.821,-0.425,1.146,4.973,4.973,13.318,185.042,0.008,0.009,0.012,32,
1986-01-25 03:39:02.323000+00:00,26859,55,641,1,-4.819,-0.424,1.143,4.971,4.971,13.293,185.033,0.011,0.012,0.004,32,
1986-01-25 03:39:04.243000+00:00,26859,55,673,1,-4.826,-0.426,1.142,4.978,4.978,13.268,185.041,0.013,0.009,0.006,32,
1986-01-25 03:39:06.163000+00:00,26859,55,705,1,-4.824,-0.423,1.141,4.975,4.976,13.259,185.005,0.009,0.01,,32,
1986-01-25 03:39:08.083000+00:00,26859,55,737,1,-4.815,-0.427,1.119,4.962,4.962,13.029,185.071,0.009,0.009,,4,
1986-01-25 03:39:10.003000+00:00,26859,55,769,1,,,,,,,,,,,0,
1986-01-25 03:39:11.923000+00:00,26859,56,1,1,,,,,,,,,,,0,TO
1986-01-25 03:39:13.843000+00:00,26859,56,33,1,,,,,,,,,,,0,TO
1986-01-25 03:39:15.763000+00:00,26859,56,65,1,,,,,,,,,,,0,TO
1986-01-25 03:39:17.683000+00:00,26859,56,97,1,,,,,,,,,,,0,TO
1986-01-25 03:39:19.603000+00:00,26859,56,129,1,,,,,,,,,,,0,TO
1986-01-25 03:39:21.523000+00:00,26859,56,161,1,,,,,,,,,,,0,TO
1986-01-25 03:39:23.443000+00:00,26859,56,193,1,,,,,,,,,,,0,TO
1986-01-25 03:39:25.363000+00:00,26859,56,225,1,,,,,,,,,,,0,TO
1986-01-25 03:39:27.283000+00:00,26859,56,257,1,-4.854,-0.41,1.15,5.005,5.005,13.278,184.834,,0.017,0.007,8,TO
1986-01-25 03:39:29.203000+00:00,26859,56,289,1,-4.834,-0.417,1.15,4.986,4.986,13.333,184.935,,0.007,0.011,32,TO
1986-01-25 03:39:31.123000+00:00,26859,56,321,1,-4.823,-0.421,1.148,4.975,4.975,13.34,184.988,,0.01,0.011,32,TO
1986-01-25 03:39:33.043000+00:00,26859,56,353,1,-4.828,-0.415,1.154,4.981,4.981,13.397,184.908,,0.012,0.009,32,TO
1986-01-25 03:39:34.963000+00:00,26859,56,385,1,-4.826,-0.423,1.155,4.98,4.98,13.412,185.006,,0.008,0.009,32,TO
1986-01-25 03:39:36.883000+00:00,26859,56,417,1,-4.828,-0.428,1.171,4.986,4.986,13.579,185.061,,0.011,0.012,32,TO
1986-01-25 03:39:38.803000+00:00,26859,56,449,1,-4.826,-0.429,1.16,4.982,4.982,13.468,185.077,,0.014,0.006,32,TO
1986-01-25 03:39:40.723000+00:00,26859,56,481,1,-4.828,-0.438,1.151,4.983,4.983,13.357,185.182,,0.009,0.012,32,TO
1986-01-25 03:39:42.643000+00:00,26859,56,513,1,-4.829,-0.424,1.153,4.982,4.982,13.385,185.022,,0.011,0.013,32,TO
1986-01-25 03:39:44.563000+00:00,26859,56,545,1,-4.82,-0.427,1.152,4.974,4.974,13.389,185.062,,0.013,0.008,32,TO
1986-01-25 03:39:46.483000+00:00,26859,56,577,1,-4.83,-0.425,1.149,4.983,4.983,13.338,185.025,,0.009,0.012,32,TO
1986-01-25 03:39:48.403000+00:00,26859,56,609,1,-4.825,-0.431,1.138,4.976,4.977,13.224,185.104,,0.011,0.012,32,TO
1986-01-25 03:39:50.323000+00:00,26859,56,641,1,-4.839,-0.428,1.13,4.987,4.987,13.096,185.06,,0.009,0.009,32,TO
1986-01-25 03:39:52.243000+00:00,26859,56,673,1,-4.828,-0.428,1.141,4.979,4.979,13.248,185.062,,0.009,0.012,32,TO
1986-01-25 03:39:54.163000+00:00,26859,56,705,1,-4.827,-0.426,1.137,4.977,4.977,13.207,185.045,,0.012,0.011,32,TO
1986-01-25 03:39:56.083000+00:00,26859,56,737,1,-4.825,-0.426,1.139,4.975,4.975,13.229,185.047,,0.012,0.008,32,TO
1986-01-25 03:39:58.003000+00:00,26859,56,769,1,-4.827,-0.422,1.141,4.978,4.978,13.249,184.994,0.012,0.008,0.011,32,TO
1986-01-25 03:39:59.923000+00:00,26859,57,1,1,-4.823,-0.429,1.131,4.973,4.973,13.149,185.084,0.011,0.009,0.009,32,O
1986-01-25 03:40:01.843000+00:00,26859,57,33,1,-4.821,-0.427,1.135,4.972,4.972,13.198,185.06,0.009,0.01,0.015,32,O
1986-01-25 03:40:03.763000+00:00,26859,57,65,1,-4.825,-0.417,1.144,4.976,4.976,13.286,184.941,0.012,0.011,0.008,32,O
1986-01-25 03:40:05.683000+00:00,26859,57,97,1,-4.823,-0.423,1.133,4.972,4.973,13.172,185.012,0.015,0.008,0.01,32,O
1986-01-25 03:40:07.603000+00:00,26859,57,129,1,-4.824,-0.424,1.131,4.973,4.973,13.144,185.018,0.008,0.011,0.015,32,O
1986-01-25 03:40:09.523000+00:00,26859,57,161,1,-4.822,-0.424,1.126,4.969,4.969,13.092,185.022,0.008,0.012,0.009,32,O
1986-01-25 03:40:11.443000+00:00,26859,57,193,1,-4.804,-0.416,1.134,4.954,4.954,13.233,184.946,0.007,0.01,0.011,32,O
1986-01-25 03:40:13.363000+00:00,26859,57,225,1,-4.808,-0.42,1.127,4.956,4.956,13.148,184.997,0.009,0.009,0.01,32,O
1986-01-25 03:40:15.283000+00:00,26859,57,257,1,-4.82,-0.413,1.132,4.969,4.969,13.175,184.898,0.009,0.013,0.008,32,O
1986-01-25 03:40:17.203000+00:00,26859,57,289,1,-4.815,-0.42,1.135,4.965,4.965,13.21,184.988,0.013,0.009,0.009,32,O
1986-01-25 03:40:19.123000+00:00,26859,57,321,1,-4.809,-0.417,1.135,4.959,4.959,13.236,184.96,0.009,0.011,0.011,32,O
1986-01-25 03:40:21.043000+00:00,26859,57,353,1,-4.811,-0.406,1.131,4.958,4.958,13.186,184.825,0.01,0.012,0.007,32,O
1986-01-25 03:40:22.963000+00:00,26859,57,385,1,-4.816,-0.399,1.144,4.966,4.966,13.316,184.74,0.012,0.009,0.008,32,O
1986-01-25 03:40:24.883000+00:00,26859,57,417,1,-4.818,-0.41,1.145,4.969,4.969,13.319,184.861,0.009,0.009,0.014,32,O
1986-01-25 03:40:26.803000+00:00,26859,57,449,1,-4.816,-0.404,1.149,4.968,4.968,13.377,184.795,0.011,0.015,0.008,32,O
1986-01-25 03:40:28.723000+00:00,26859,57,481,1,-4.808,-0.409,1.14,4.958,4.958,13.29,184.859,0.012,0.009,0.012,32,O
1986-01-25 03:40:30.643000+00:00,26859,57,513,1,-4.799,-0.41,1.147,4.951,4.951,13.398,184.888,0.01,0.01,0.012,32,O
1986-01-25 03:40:32.563000+00:00,26859,57,545,1,-4.813,-0.415,1.142,4.964,4.964,13.302,184.928,0.009,0.019,0.006,32,O
1986-01-25 03:40:34.483000+00:00,26859,57,577,1,-4.81,-0.409,1.148,4.962,4.962,13.374,184.865,0.014,0.008,0.012,32,O
1986-01-25 03:40:36.403000+00:00,26859,57,609,1,-4.814,-0.414,1.152,4.967,4.967,13.412,184.915,0.011,0.009,0.013,32,O
1986-01-25 03:40:38.323000+00:00,26859,57,641,1,-4.814,-0.413,1.151,4.967,4.967,13.396,184.898,0.01,0.012,0.008,32,O
1986-01-25 03:40:40.243000+00:00,26859,57,673,1,-4.815,-0.418,1.162,4.971,4.971,13.516,184.963,0.012,0.01,0.009,32,O
1986-01-25 03:40:42.163000+00:00,26859,57,705,1,-4.813,-0.418,1.155,4.967,4.967,13.443,184.959,0.009,0.012,0.01,32,O
1986-01-25 03:40:44.083000+00:00,26859,57,737,1,-4.796,-0.422,1.149,4.95,4.95,13.422,185.034,0.01,0.012,0.006,32,O
1986-01-25 03:40:46.003000+00:00,26859,57,769,1,-4.807,-0.415,1.148,4.959,4.959,13.379,184.931,0.011,0.007,0.011,32,O
1986-01-25 03:40:47.923000+00:00,26859,58,1,1,-4.812,-0.417,1.15,4.965,4.965,13.392,184.954,0.011,0.009,0.011,32,
1986-01-25 03:40:49.843000+00:00,26859,58,33,1,-4.806,-0.416,1.141,4.957,4.957,13.304,184.946,0.008,0.01,0.012,32,
1986-01-25 03:40:51.763000+00:00,26859,58,65,1,-4.796,-0.421,1.142,4.948,4.948,13.347,185.017,0.01,0.011,0.008,32,
1986-01-25 03:40:53.683000+00:00,26859,58,97,1,-4.809,-0.429,1.141,4.962,4.962,13.297,185.095,0.01,0.008,0.01,32,
1986-01-25 03:40:55.603000+00:00,26859,58,129,1,-4.806,-0.438,1.145,4.96,4.96,13.346,185.211,0.009,0.011,0.013,32,
1986-01-25 03:40:57.523000+00:00,26859,58,161,1,-4.813,-0.433,1.149,4.967,4.967,13.378,185.143,0.009,0.011,0.01,32,
1986-01-25 03:40:59.443000+00:00,26859,58,193,1,-4.819,-0.428,1.145,4.972,4.972,13.313,185.078,0.015,0.008,0.008,32,
1986-01-25 03:41:01.363000+00:00,26859,58,225,1,-4.815,-0.431,1.139,4.966,4.966,13.259,185.119,0.008,0.011,0.013,32,
1986-01-25 03:41:03.283000+00:00,26859,58,257,1,-4.819,-0.426,1.136,4.97,4.97,13.219,185.05,0.01,0.013,0.008,32,
1986-01-25 03:41:05.203000+00:00,26859,58,289,1,-4.818,-0.418,1.144,4.97,4.97,13.315,184.962,0.013,0.008,0.008,32,
1986-01-25 03:41:07.123000+00:00,26859,58,321,1,-4.817,-0.412,1.146,4.969,4.969,13.33,184.885,0.008,0.009,0.011,32,
1986-01-25 03:41:09.043000+00:00,26859,58,353,1,-4.826,-0.411,1.15,4.978,4.978,13.352,184.872,0.012,0.015,0.007,32,
1986-01-25 03:41:10.963000+00:00,26859,58,385,1,-4.84,-0.407,1.146,4.99,4.99,13.277,184.81,0.013,0.007,0.011,32,
1986-01-25 03:41:12.883000+00:00,26859,58,417,1,-4.828,-0.41,1.146,4.979,4.979,13.31,184.851,0.009,0.011,0.013,32,
1986-01-25 03:41:14.803000+00:00,26859,58,449,1,-4.824,-0.407,1.138,4.973,4.973,13.231,184.817,0.009,0.014,0.008,32,
1986-01-25 03:41:16.723000+00:00,26859,58,481,1,-4.815,-0.416,1.132,4.964,4.964,13.187,184.941,0.011,0.008,0.009,32,
1986-01-25 03:41:18.643000+00:00,26859,58,513,1,-4.815,-0.412,1.144,4.966,4.966,13.316,184.89,0.008,0.01,0.013,32,
1986-01-25 03:41:20.563000+00:00,26859,58,545,1,-4.809,-0.407,1.142,4.96,4.96,13.317,184.839,0.009,0.011,0.009,32,
1986-01-25 03:41:22.483000+00:00,26859,58,577,1,-4.809,-0.396,1.146,4.959,4.959,13.365,184.712,0.011,0.008,0.008,32,
1986-01-25 03:41:24.403000+00:00,26859,58,609,1,-4.812,-0.384,1.155,4.963,4.963,13.456,184.563,0.006,0.013,0.013,32,
1986-01-25 03:41:26.323000+00:00,26859,58,641,1,-4.817,-0.388,1.153,4.968,4.968,13.418,184.609,0.012,0.008,0.006,32,
1986-01-25 03:41:28.243000+00:00,26859,58,673,1,-4.824,-0.403,1.147,4.975,4.975,13.326,184.771,0.01,0.008,0.01,32,
1986-01-25 03:41:30.163000+00:00,26859,58,705,1,-4.823,-0.398,1.153,4.975,4.975,13.406,184.717,0.009,0.011,0.016,32,
1986-01-25 03:41:32.083000+00:00,26859,58,737,1,-4.817,-0.408,1.157,4.971,4.971,13.458,184.841,0.013,0.01,0.008,32,
1986-01-25 03:41:34.003000+00:00,26859,58,769,1,-4.811,-0.403,1.148,4.962,4.962,13.371,184.787,0.012,0.009,0.011,32,
1986-01-25 03:41:35.923000+00:00,26859,59,1,1,-4.81,-0.413,1.144,4.961,4.962,13.333,184.906,0.011,0.009,0.011,32,
1986-01-25 03:41:37.843000+00:00,26859,59,33,1,-4.814,-0.415,1.152,4.967,4.967,13.412,184.928,0.009,0.008,0.015,32,
1986-01-25 03:41:39.763000+00:00,26859,59,65,1,-4.811,-0.41,1.161,4.966,4.966,13.516,184.875,0.01,0.017,0.008,32,
1986-01-25 03:41:41.683000+00:00,26859,59,97,1,-4.818,-0.413,1.151,4.971,4.971,13.389,184.896,0.011,0.009,0.01,32,
1986-01-25 03:41:43.603000+00:00,26859,59,129,1,-4.817,-0.407,1.161,4.972,4.972,13.508,184.834,0.006,0.01,0.012,32,
1986-01-25 03:41:45.523000+00:00,26859,59,161,1,-4.823,-0.42,1.154,4.976,4.976,13.407,184.977,0.01,0.013,0.008,32,
1986-01-25 03:41:47.443000+00:00,26859,59,193,1,-4.828,-0.422,1.157,4.983,4.983,13.422,184.994,0.015,0.006,0.012,32,
1986-01-25 03:41:49.363000+00:00,26859,59,225,1,-4.819,-0.418,1.151,4.972,4.972,13.384,184.961,0.008,0.01,0.011,32,
1986-01-25 03:41:51.283000+00:00,26859,59,257,1,-4.814,-0.415,1.156,4.968,4.968,13.45,184.927,0.01,0.013,0.009,32,
1986-01-25 03:41:53.203000+00:00,26859,59,289,1,-4.815,-0.406,1.162,4.97,4.97,13.523,184.825,0.011,0.011,0.009,32,
1986-01-25 03:41:55.123000+00:00,26859,59,321,1,-4.814,-0.415,1.154,4.968,4.968,13.436,184.931,0.011,0.011,0.014,32,
1986-01-25 03:41:57.043000+00:00,26859,59,353,1,-4.82,-0.415,1.151,4.973,4.973,13.386,184.918,0.01,0.01,0.008,32,
1986-01-25 03:41:58.963000+00:00,26859,59,385,1,-4.824,-0.411,1.153,4.977,4.977,13.393,184.876,0.013,0.007,0.008,32,
1986-01-25 03:42:00.883000+00:00,26859,59,417,1,-4.829,-0.408,1.164,4.984,4.984,13.508,184.832,0.011,0.011,0.012,32,
1986-01-25 03:42:02.803000+00:00,26859,59,449,1,-4.829,-0.405,1.161,4.983,4.983,13.476,184.797,0.01,0.014,0.008,32,
1986-01-25 03:42:04.723000+00:00,26859,59,481,1,-4.833,-0.395,1.167,4.987,4.987,13.528,184.676,0.011,0.006,0.01,32,
1986-01-25 03:42:06.643000+00:00,26859,59,513,1,-4.826,-0.405,1.148,4.977,4.977,13.333,184.794,0.009,0.009,0.012,32,
1986-01-25 03:42:08.563000+00:00,26859,59,545,1,-4.828,-0.407,1.145,4.979,4.979,13.293,184.815,0.011,0.016,0.009,32,
1986-01-25 03:42:10.483000+00:00,26859,59,577,1,-4.821,-0.405,1.151,4.973,4.973,13.379,184.797,0.013,0.008,0.01,32,
1986-01-25 03:42:12.403000+00:00,26859,59,609,1,-4.831,-0.402,1.143,4.981,4.981,13.261,184.752,0.005,0.01,0.014,32,
1986-01-25 03:42:14.323000+00:00,26859,59,641,1,-4.835,-0.404,1.146,4.985,4.986,13.288,184.779,0.01,0.011,0.008,32,
1986-01-25 03:42:16.243000+00:00,26859,59,673,1,-4.829,-0.409,1.152,4.982,4.982,13.375,184.843,0.012,0.011,0.012,32,
1986-01-25 03:42:18.163000+00:00,26859,59,705,1,-4.833,-0.403,1.144,4.983,4.983,13.275,184.765,0.008,0.012,0.011,32,
1986-01-25 03:42:20.083000+00:00,26859,59,737,1,-4.829,-0.401,1.15,4.981,4.981,13.352,184.751,0.011,0.012,0.009,32,
1986-01-25 03:42:22.003000+00:00,26859,59,769,1,-4.823,-0.395,1.161,4.976,4.976,13.487,184.681,0.016,0.007,0.008,32,
1986-01-25 03:42:23.923000+00:00,26860,0,1,1,-4.815,-0.4,1.156,4.968,4.968,13.457,184.743,0.012,0.01,0.01,32,
1986-01-25 03:42:25.843000+00:00,26860,0,33,1,-4.816,-0.397,1.151,4.967,4.967,13.403,184.707,0.007,0.013,0.018,32,
1986-01-25 03:42:27.763000+00:00,26860,0,65,1,-4.831,-0.4,1.158,4.984,4.984,13.429,184.729,0.008,0.015,0.008,32,
1986-01-25 03:42:29.683000+00:00,26860,0,97,1,-4.833,-0.4,1.155,4.985,4.985,13.393,184.733,0.012,0.009,0.011,32,
1986-01-25 03:42:31.603000+00:00,26860,0,129,1,-4.832,-0.402,1.149,4.984,4.984,13.334,184.757,0.01,0.011,0.012,32,
1986-01-25 03:42:33.523000+00:00,26860,0,161,1,-4.828,-0.401,1.132,4.975,4.975,13.157,184.743,0.006,0.013,0.008,32,
1986-01-25 03:42:35.443000+00:00,26860,0,193,1,-4.823,-0.4,1.138,4.972,4.972,13.232,184.736,0.01,0.009,0.013,32,
1986-01-25 03:42:37.363000+00:00,26860,0,225,1,-4.816,-0.407,1.147,4.968,4.968,13.352,184.825,0.01,0.009,0.014,32,
1986-01-25 03:42:39.283000+00:00,26860,0,257,1,-4.828,-0.392,1.147,4.978,4.978,13.32,184.643,0.013,0.012,0.01,32,
1986-01-25 03:42:41.203000+00:00,26860,0,289,1,-4.822,-0.404,1.143,4.972,4.972,13.286,184.786,0.011,0.01,0.009,32,
1986-01-25 03:42:43.123000+00:00,26860,0,321,1,-4.83,-0.399,1.152,4.981,4.981,13.375,184.727,0.01,0.009,0.013,32,
1986-01-25 03:42:45.043000+00:00,26860,0,353,1,-4.826,-0.405,1.155,4.979,4.979,13.409,184.801,0.009,0.012,0.008,32,
1986-01-25 03:42:46.963000+00:00,26860,0,385,1,-4.826,-0.422,1.151,4.98,4.98,13.364,184.994,0.015,0.007,0.011,32,
1986-01-25 03:42:48.883000+00:00,26860,0,417,1,-4.819,-0.412,1.153,4.972,4.972,13.403,184.887,0.01,0.01,0.012,32,
1986-01-25 03:42:50.803000+00:00,26860,0,449,1,-4.815,-0.416,1.142,4.966,4.966,13.299,184.936,0.008,0.01,0.007,32,
1986-01-25 03:42:52.723000+00:00,26860,0,481,1,-4.812,-0.411,1.147,4.963,4.963,13.359,184.885,0.014,0.009,0.009,32,
1986-01-25 03:42:54.643000+00:00,26860,0,513,1,-4.82,-0.401,1.15,4.972,4.972,13.372,184.76,0.008,0.012,0.011,32,
1986-01-25 03:42:56.563000+00:00,26860,0,545,1,-4.823,-0.401,1.144,4.973,4.973,13.298,184.757,0.012,0.012,0.008,32,
1986-01-25 03:42:58.483000+00:00,26860,0,577,1,-4.825,-0.397,1.147,4.976,4.976,13.329,184.708,0.011,0.009,0.011,32,
1986-01-25 03:43:00.403000+00:00,26860,0,609,1,-4.821,-0.4,1.15,4.972,4.972,13.375,184.738,0.009,0.011,0.01,32,
1986-01-25 03:43:02.323000+00:00,26860,0,641,1,-4.82,-0.405,1.134,4.968,4.968,13.192,184.808,0.009,0.016,0.008,32,
1986-01-25 03:43:04.243000+00:00,26860,0,673,1,-4.809,-0.402,1.132,4.957,4.957,13.205,184.782,0.011,0.007,0.01,32,
1986-01-25 03:43:06.163000+00:00,26860,0,705,1,-4.811,-0.4,1.13,4.958,4.958,13.178,184.755,0.008,0.01,0.014,32,
1986-01-25 03:43:08.083000+00:00,26860,0,737,1,-4.816,-0.399,1.138,4.965,4.965,13.248,184.732,0.011,0.013,0.008,32,
1986-01-25 03:43:10.003000+00:00,26860,0,769,1,-4.817,-0.391,1.134,4.964,4.964,13.203,184.641,0.01,0.01,0.009,32,
1986-01-25 03:43:11.922000+00:00,26860,1,1,1,-4.815,-0.385,1.134,4.962,4.962,13.212,184.569,0.012,0.009,0.007,32,
1986-01-25 03:43:13.842000+00:00,26860,1,33,1,-4.816,-0.392,1.134,4.963,4.963,13.208,184.65,0.008,0.009,0.011,32,
1986-01-25 03:43:15.762000+00:00,26860,1,65,1,-4.809,-0.387,1.151,4.96,4.96,13.418,184.603,0.013,0.013,0.008,32,
1986-01-25 03:43:17.682000+00:00,26860,1,97,1,-4.812,-0.381,1.165,4.966,4.966,13.567,184.522,0.015,0.011,0.01,32,
1986-01-25 03:43:19.602000+00:00,26860,1,129,1,-4.815,-0.385,1.156,4.967,4.967,13.458,184.569,0.009,0.013,0.011,32,
1986-01-25 03:43:21.522000+00:00,26860,1,161,1,-4.809,-0.388,1.146,4.959,4.959,13.366,184.614,0.01,0.012,0.01,32,
1986-01-25 03:43:23.442000+00:00,26860,1,193,1,-4.806,-0.39,1.142,4.955,4.955,13.319,184.637,0.012,0.009,0.012,32,
1986-01-25 03:43:25.362000+00:00,26860,1,225,1,-4.807,-0.385,1.15,4.958,4.958,13.409,184.584,0.008,0.011,0.013,32,
1986-01-25 03:43:27.282000+00:00,26860,1,257,1,-4.81,-0.389,1.157,4.962,4.962,13.487,184.618,0.011,0.011,0.009,32,
1986-01-25 03:43:29.202000+00:00,26860,1,289,1,-4.815,-0.391,1.155,4.967,4.967,13.445,184.639,0.013,0.01,0.011,32,
1986-01-25 03:43:31.122000+00:00,26860,1,321,1,-4.809,-0.382,1.162,4.962,4.962,13.541,184.538,0.008,0.01,0.014,32,
1986-01-25 03:43:33.042000+00:00,26860,1,353,1,-4.806,-0.381,1.156,4.957,4.957,13.489,184.536,0.011,0.011,0.007,32,
1986-01-25 03:43:34.962000+00:00,26860,1,385,1,-4.802,-0.393,1.147,4.953,4.953,13.391,184.674,0.015,0.009,0.009,32,
1986-01-25 03:43:36.882000+00:00,26860,1,417,1,-4.808,-0.379,1.153,4.959,4.959,13.44,184.504,0.009,0.009,0.014,32,
1986-01-25 03:43:38.802000+00:00,26860,1,449,1,-4.803,-0.388,1.156,4.956,4.956,13.492,184.623,0.01,0.016,0.007,32,
1986-01-25 03:43:40.722000+00:00,26860,1,481,1,-4.805,-0.387,1.159,4.958,4.958,13.516,184.599,0.01,0.011,0.009,32,
1986-01-25 03:43:42.642000+00:00,26860,1,513,1,-4.802,-0.386,1.156,4.954,4.954,13.49,184.591,0.009,0.011,0.013,32,
1986-01-25 03:43:44.562000+00:00,26860,1,545,1,-4.8,-0.389,1.154,4.952,4.952,13.475,184.638,0.01,0.013,0.01,32,
1986-01-25 03:43:46.482000+00:00,26860,1,577,1,-4.799,-0.389,1.153,4.95,4.95,13.463,184.635,0.013,0.009,0.012,32,
1986-01-25 03:43:48.402000+00:00,26860,1,609,1,-4.8,-0.386,1.144,4.949,4.949,13.369,184.601,0.008,0.009,0.014,32,
1986-01-25 03:43:50.322000+00:00,26860,1,641,1,-4.8,-0.389,1.147,4.95,4.95,13.398,184.632,0.008,0.015,0.007,32,
1986-01-25 03:43:52.242000+00:00,26860,1,673,1,-4.794,-0.389,1.152,4.946,4.946,13.472,184.637,0.014,0.009,0.009,32,
1986-01-25 03:43:54.162000+00:00,26860,1,705,1,-4.794,-0.396,1.143,4.944,4.944,13.366,184.723,0.009,0.01,0.01,32,
1986-01-25 03:43:56.082000+00:00,26860,1,737,1,-4.805,-0.391,1.163,4.959,4.959,13.559,184.646,0.01,0.012,0.008,32,
1986-01-25 03:43:58.002000+00:00,26860,1,769,1,-4.796,-0.4,1.148,4.947,4.947,13.414,184.768,0.01,0.008,0.008,32,
1986-01-25 03:43:59.922000+00:00,26860,2,1,1,-4.797,-0.405,1.147,4.949,4.949,13.399,184.826,0.01,0.009,0.01,32,
1986-01-25 03:44:01.842000+00:00,26860,2,33,1,-4.793,-0.409,1.139,4.944,4.944,13.32,184.88,0.008,0.009,0.014,32,
1986-01-25 03:44:03.762000+00:00,26860,2,65,1,-4.787,-0.4,1.146,4.938,4.938,13.421,184.781,0.01,0.013,0.012,32,
1986-01-25 03:44:05.682000+00:00,26860,2,97,1,-4.81,-0.392,1.158,4.963,4.963,13.495,184.66,0.011,0.006,0.009,32,
1986-01-25 03:44:07.602000+00:00,26860,2,129,1,-4.796,-0.395,1.154,4.949,4.949,13.487,184.704,0.011,0.01,0.01,32,
1986-01-25 03:44:09.522000+00:00,26860,2,161,1,-4.794,-0.391,1.162,4.949,4.949,13.581,184.659,0.012,0.013,0.009,32,
1986-01-25 03:44:11.442000+00:00,26860,2,193,1,-4.8,-0.393,1.154,4.952,4.952,13.473,184.685,0.012,0.008,0.009,32,
1986-01-25 03:44:13.362000+00:00,26860,2,225,1,-4.794,-0.406,1.15,4.946,4.946,13.441,184.837,0.008,0.012,0.01,32,
1986-01-25 03:44:15.282000+00:00,26860,2,257,1,-4.797,-0.394,1.162,4.952,4.952,13.578,184.698,0.01,0.01,0.01,32,
1986-01-25 03:44:17.202000+00:00,26860,2,289,1,-4.796,-0.398,1.165,4.951,4.952,13.608,184.748,0.012,0.007,0.013,32,
1986-01-25 03:44:19.122000+00:00,26860,2,321,1,-4.791,-0.399,1.155,4.945,4.945,13.507,184.763,0.009,0.008,0.011,32,
1986-01-25 03:44:21.042000+00:00,26860,2,353,1,-4.783,-0.403,1.145,4.935,4.935,13.419,184.814,0.011,0.008,0.01,32,
1986-01-25 03:44:22.962000+00:00,26860,2,385,1,-4.782,-0.398,1.146,4.934,4.934,13.429,184.761,0.013,0.008,0.01,32,
1986-01-25 03:44:24.882000+00:00,26860,2,417,1,-4.777,-0.405,1.137,4.927,4.927,13.344,184.844,0.011,0.014,0.009,32,
1986-01-25 03:44:26.802000+00:00,26860,2,449,1,-4.776,-0.396,1.143,4.927,4.927,13.42,184.741,0.012,0.013,0.009,32,
1986-01-25 03:44:28.722000+00:00,26860,2,481,1,-4.779,-0.394,1.146,4.93,4.93,13.439,184.708,0.012,0.009,0.012,32,
1986-01-25 03:44:30.642000+00:00,26860,2,513,1,-4.775,-0.399,1.141,4.925,4.925,13.39,184.775,0.009,0.012,0.015,32,
1986-01-25 03:44:32.562000+00:00,26860,2,545,1,-4.777,-0.397,1.143,4.928,4.928,13.417,184.75,0.012,0.012,0.008,32,
1986-01-25 03:44:34.482000+00:00,26860,2,577,1,-4.784,-0.394,1.143,4.934,4.934,13.389,184.708,0.015,0.011,0.01,32,
1986-01-25 03:44:36.402000+00:00,26860,2,609,1,-4.776,-0.39,1.131,4.924,4.924,13.281,184.668,0.009,0.009,0.011,32,
1986-01-25 03:44:38.322000+00:00,26860,2,641,1,-4.778,-0.379,1.128,4.924,4.924,13.249,184.533,0.008,0.012,0.009,32,
1986-01-25 03:44:40.242000+00:00,26860,2,673,1,-4.778,-0.385,1.128,4.924,4.924,13.237,184.604,0.012,0.009,0.009,32,
1986-01-25 03:44:42.162000+00:00,26860,2,705,1,-4.786,-0.383,1.13,4.932,4.932,13.245,184.575,0.008,0.012,0.011,32,
1986-01-25 03:44:44.082000+00:00,26860,2,737,1,-4.787,-0.378,1.133,4.934,4.934,13.282,184.519,0.008,0.017,0.008,32,
1986-01-25 03:44:46.002000+00:00,26860,2,769,1,-4.791,-0.381,1.132,4.938,4.938,13.256,184.543,0.01,0.01,0.012,32,
1986-01-25 03:44:47.922000+00:00,26860,3,1,1,-4.787,-0.378,1.135,4.935,4.935,13.303,184.517,0.012,0.01,0.011,32,
1986-01-25 03:44:49.842000+00:00,26860,3,33,1,-4.787,-0.384,1.137,4.935,4.935,13.316,184.583,0.005,0.011,0.011,32,
1986-01-25 03:44:51.762000+00:00,26860,3,65,1,-4.782,-0.38,1.135,4.93,4.93,13.315,184.539,0.011,0.015,0.009,32,
1986-01-25 03:44:53.682000+00:00,26860,3,97,1,-4.787,-0.376,1.138,4.935,4.935,13.331,184.491,0.014,0.009,0.009,32,
1986-01-25 03:44:55.602000+00:00,26860,3,129,1,-4.788,-0.377,1.135,4.935,4.935,13.294,184.503,0.007,0.009,0.012,32,
1986-01-25 03:44:57.522000+00:00,26860,3,161,1,-4.785,-0.38,1.135,4.932,4.932,13.304,184.542,0.012,0.011,0.011,32,
1986-01-25 03:44:59.442000+00:00,26860,3,193,1,-4.788,-0.38,1.129,4.934,4.934,13.229,184.537,0.014,0.008,0.011,32,
1986-01-25 03:45:01.362000+00:00,26860,3,225,1,-4.785,-0.378,1.133,4.932,4.932,13.276,184.518,0.008,0.007,0.014,32,
1986-01-25 03:45:03.282000+00:00,26860,3,257,1,-4.791,-0.386,1.139,4.939,4.939,13.328,184.601,0.013,0.013,0.007,32,
1986-01-25 03:45:05.202000+00:00,26860,3,289,1,-4.791,-0.384,1.129,4.937,4.937,13.218,184.58,0.013,0.008,0.009,32,
1986-01-25 03:45:07.122000+00:00,26860,3,321,1,-4.799,-0.382,1.135,4.946,4.946,13.263,184.551,0.009,0.01,0.013,32,
1986-01-25 03:45:09.042000+00:00,26860,3,353,1,-4.786,-0.373,1.136,4.934,4.934,13.317,184.46,0.011,0.014,0.01,32,
1986-01-25 03:45:10.962000+00:00,26860,3,385,1,-4.792,-0.365,1.138,4.939,4.939,13.325,184.358,0.012,0.009,0.011,32,
1986-01-25 03:45:12.882000+00:00,26860,3,417,1,-4.793,-0.37,1.147,4.942,4.942,13.416,184.411,0.007,0.011,0.017,32,
1986-01-25 03:45:14.802000+00:00,26860,3,449,1,-4.781,-0.375,1.142,4.93,4.93,13.397,184.484,0.01,0.014,0.007,32,
1986-01-25 03:45:16.722000+00:00,26860,3,481,1,-4.783,-0.368,1.138,4.931,4.931,13.341,184.4,0.011,0.009,0.011,32,
1986-01-25 03:45:18.642000+00:00,26860,3,513,1,-4.788,-0.377,1.141,4.937,4.937,13.357,184.499,0.006,0.008,0.011,32,
1986-01-25 03:45:20.562000+00:00,26860,3,545,1,-4.789,-0.375,1.144,4.938,4.938,13.394,184.473,0.011,0.012,0.008,32,
1986-01-25 03:45:22.482000+00:00,26860,3,577,1,-4.794,-0.378,1.142,4.942,4.942,13.364,184.505,0.01,0.008,0.011,32,
1986-01-25 03:45:24.402000+00:00,26860,3,609,1,-4.781,-0.373,1.143,4.93,4.93,13.402,184.457,0.007,0.01,0.013,32,
1986-01-25 03:45:26.322000+00:00,26860,3,641,1,-4.782,-0.371,1.151,4.932,4.932,13.493,184.433,0.013,0.012,0.007,32,
1986-01-25 03:45:28.242000+00:00,26860,3,673,1,-4.787,-0.371,1.142,4.936,4.936,13.382,184.435,0.013,0.009,0.009,32,
1986-01-25 03:45:30.162000+00:00,26860,3,705,1,-4.787,-0.359,1.144,4.934,4.935,13.403,184.292,0.008,0.012,0.018,32,
1986-01-25 03:45:32.082000+00:00,26860,3,737,1,-4.79,-0.366,1.146,4.939,4.939,13.415,184.368,0.012,0.014,0.009,32,
1986-01-25 03:45:34.002000+00:00,26860,3,769,1,-4.784,-0.365,1.144,4.932,4.932,13.413,184.367,0.013,0.008,0.008,32,
1986-01-25 03:45:35.922000+00:00,26860,4,1,1,-4.79,-0.359,1.148,4.939,4.939,13.445,184.29,0.011,0.009,0.01,32,
1986-01-25 03:45:37.842000+00:00,26860,4,33,1,-4.783,-0.362,1.142,4.931,4.931,13.393,184.323,0.006,0.009,0.013,32,
1986-01-25 03:45:39.762000+00:00,26860,4,65,1,-4.79,-0.368,1.141,4.938,4.938,13.362,184.397,0.01,0.02,0.008,32,
1986-01-25 03:45:41.682000+00:00,26860,4,97,1,-4.785,-0.36,1.145,4.933,4.933,13.421,184.303,0.012,0.012,0.012,32,
1986-01-25 03:45:43.602000+00:00,26860,4,129,1,-4.779,-0.363,1.138,4.926,4.926,13.355,184.346,0.009,0.009,0.015,32,
1986-01-25 03:45:45.522000+00:00,26860,4,161,1,-4.772,-0.37,1.136,4.919,4.919,13.348,184.429,0.01,0.012,0.008,32,
1986-01-25 03:45:47.442000+00:00,26860,4,193,1,-4.768,-0.369,1.141,4.916,4.916,13.421,184.421,0.012,0.009,0.01,32,
1986-01-25 03:45:49.362000+00:00,26860,4,225,1,-4.773,-0.37,1.142,4.921,4.921,13.416,184.43,0.005,0.008,0.012,32,
1986-01-25 03:45:51.282000+00:00,26860,4,257,1,-4.783,-0.362,1.144,4.931,4.931,13.415,184.323,0.011,0.01,0.004,32,
1986-01-25 03:45:53.202000+00:00,26860,4,289,1,-4.776,-0.358,1.151,4.926,4.926,13.515,184.282,0.012,0.007,0.009,32,
1986-01-25 03:45:55.122000+00:00,26860,4,321,1,-4.775,-0.364,1.149,4.925,4.925,13.493,184.355,0.009,0.01,0.017,32,
1986-01-25 03:45:57.042000+00:00,26860,4,353,1,-4.763,-0.37,1.137,4.911,4.911,13.386,184.437,0.009,0.01,0.006,32,
1986-01-25 03:45:58.962000+00:00,26860,4,385,1,-4.766,-0.375,1.133,4.913,4.913,13.327,184.496,0.015,0.008,0.011,32,
1986-01-25 03:46:00.882000+00:00,26860,4,417,1,-4.771,-0.373,1.138,4.919,4.919,13.372,184.47,0.006,0.013,0.013,32,
1986-01-25 03:46:02.802000+00:00,26860,4,449,1,-4.769,-0.368,1.143,4.918,4.918,13.435,184.411,0.011,0.011,0.007,32,
1986-01-25 03:46:04.722000+00:00,26860,4,481,1,-4.766,-0.367,1.142,4.914,4.915,13.439,184.403,0.012,0.009,0.012,32,
1986-01-25 03:46:06.642000+00:00,26860,4,513,1,-4.771,-0.359,1.136,4.918,4.918,13.359,184.302,0.007,0.012,0.015,32,
1986-01-25 03:46:08.562000+00:00,26860,4,545,1,-4.778,-0.374,1.132,4.925,4.925,13.294,184.479,0.011,0.013,0.006,32,
1986-01-25 03:46:10.482000+00:00,26860,4,577,1,-4.778,-0.366,1.135,4.925,4.925,13.32,184.385,0.012,0.006,0.012,32,
1986-01-25 03:46:12.402000+00:00,26860,4,609,1,-4.771,-0.371,1.13,4.917,4.917,13.283,184.443,0.009,0.01,0.012,32,
1986-01-25 03:46:14.322000+00:00,26860,4,641,1,-4.768,-0.372,1.131,4.914,4.915,13.31,184.464,0.011,0.015,0.008,32,
1986-01-25 03:46:16.242000+00:00,26860,4,673,1,-4.764,-0.372,1.132,4.911,4.911,13.327,184.464,0.014,0.01,0.012,32,
1986-01-25 03:46:18.162000+00:00,26860,4,705,1,-4.759,-0.355,1.142,4.907,4.907,13.452,184.27,0.007,0.011,0.011,32,
1986-01-25 03:46:20.082000+00:00,26860,4,737,1,-4.761,-0.352,1.136,4.908,4.908,13.379,184.233,0.009,0.014,0.009,32,
1986-01-25 03:46:22.002000+00:00,26860,4,769,1,-4.755,-0.355,1.128,4.9,4.9,13.311,184.267,0.013,0.008,0.011,32,
1986-01-25 03:46:23.922000+00:00,26860,5,1,1,-4.758,-0.361,1.128,4.903,4.903,13.302,184.336,0.012,0.005,0.01,32,
1986-01-25 03:46:25.842000+00:00,26860,5,33,1,-4.756,-0.357,1.134,4.902,4.902,13.378,184.29,0.008,0.008,0.011,32,
1986-01-25 03:46:27.762000+00:00,26860,5,65,1,-4.761,-0.36,1.135,4.907,4.907,13.378,184.325,0.01,0.012,0.007,32,
1986-01-25 03:46:29.682000+00:00,26860,5,97,1,-4.76,-0.356,1.139,4.907,4.907,13.421,184.272,0.012,0.007,0.008,32,
1986-01-25 03:46:31.602000+00:00,26860,5,129,1,-4.765,-0.357,1.142,4.913,4.913,13.439,184.285,0.007,0.008,0.012,32,
1986-01-25 03:46:33.522000+00:00,26860,5,161,1,-4.765,-0.364,1.136,4.912,4.912,13.368,184.374,0.01,0.012,0.008,32,
1986-01-25 03:46:35.442000+00:00,26860,5,193,1,-4.763,-0.369,1.128,4.908,4.908,13.283,184.434,0.016,0.009,0.009,32,
1986-01-25 03:46:37.362000+00:00,26860,5,225,1,-4.765,-0.37,1.132,4.911,4.911,13.328,184.436,0.007,0.009,0.012,32,
1986-01-25 03:46:39.282000+00:00,26860,5,257,1,-4.769,-0.371,1.131,4.916,4.916,13.303,184.451,0.011,0.016,0.009,32,
1986-01-25 03:46:41.202000+00:00,26860,5,289,1,-4.771,-0.377,1.138,4.919,4.919,13.37,184.517,0.013,0.009,0.009,32,
1986-01-25 03:46:43.122000+00:00,26860,5,321,1,-4.765,-0.373,1.137,4.913,4.913,13.379,184.471,0.008,0.008,0.012,32,
1986-01-25 03:46:45.042000+00:00,26860,5,353,1,-4.765,-0.375,1.135,4.913,4.913,13.355,184.495,0.012,0.012,0.008,32,
1986-01-25 03:46:46.962000+00:00,26860,5,385,1,-4.759,-0.368,1.14,4.907,4.907,13.432,184.428,0.018,0.007,0.008,32,
1986-01-25 03:46:48.882000+00:00,26860,5,417,1,-4.747,-0.366,1.134,4.894,4.894,13.401,184.406,0.007,0.012,0.014,32,
1986-01-25 03:46:50.802000+00:00,26860,5,449,1,-4.75,-0.372,1.126,4.896,4.896,13.298,184.481,0.011,0.01,0.009,32,
1986-01-25 03:46:52.722000+00:00,26860,5,481,1,-4.74,-0.363,1.133,4.887,4.887,13.405,184.38,0.016,0.006,0.008,32,
1986-01-25 03:46:54.642000+00:00,26860,5,513,1,-4.743,-0.358,1.139,4.891,4.891,13.47,184.32,0.009,0.012,0.013,32,
1986-01-25 03:46:56.562000+00:00,26860,5,545,1,-4.753,-0.365,1.14,4.902,4.902,13.447,184.392,0.008,0.01,0.007,32,
1986-01-25 03:46:58.482000+00:00,26860,5,577,1,-4.753,-0.368,1.14,4.902,4.902,13.452,184.424,0.011,0.006,0.008,32,
1986-01-25 03:47:00.402000+00:00,26860,5,609,1,-4.737,-0.368,1.141,4.887,4.887,13.498,184.437,0.006,0.011,0.012,32,
1986-01-25 03:47:02.322000+00:00,26860,5,641,1,-4.736,-0.365,1.145,4.886,4.886,13.55,184.406,0.008,0.014,0.009,32,
1986-01-25 03:47:04.242000+00:00,26860,5,673,1,-4.736,-0.362,1.146,4.886,4.886,13.567,184.375,0.01,0.006,0.009,32,
1986-01-25 03:47:06.162000+00:00,26860,5,705,1,-4.744,-0.361,1.149,4.894,4.894,13.58,184.349,0.005,0.01,0.009,32,
1986-01-25 03:47:08.082000+00:00,26860,5,737,1,-4.746,-0.363,1.143,4.895,4.895,13.505,184.374,0.012,0.013,0.009,32,
1986-01-25 03:47:10.002000+00:00,26860,5,769,1,-4.735,-0.366,1.139,4.884,4.884,13.488,184.418,0.011,0.007,0.009,32,
1986-01-25 03:47:11.922000+00:00,26860,6,1,1,-4.741,-0.358,1.151,4.892,4.892,13.603,184.315,0.011,0.009,0.01,32,
1986-01-25 03:47:13.842000+00:00,26860,6,33,1,-4.736,-0.358,1.139,4.884,4.884,13.487,184.323,0.008,0.009,0.018,32,
1986-01-25 03:47:15.762000+00:00,26860,6,65,1,-4.733,-0.358,1.138,4.881,4.881,13.488,184.328,0.011,0.015,0.007,32,
1986-01-25 03:47:17.682000+00:00,26860,6,97,1,-4.736,-0.354,1.147,4.885,4.885,13.574,184.275,0.01,0.006,0.01,32,
1986-01-25 03:47:19.602000+00:00,26860,6,129,1,-4.733,-0.349,1.155,4.885,4.885,13.681,184.217,0.008,0.009,0.015,32,
1986-01-25 03:47:21.522000+00:00,26860,6,161,1,-4.736,-0.351,1.148,4.886,4.886,13.587,184.239,0.01,0.013,0.006,32,
1986-01-25 03:47:23.442000+00:00,26860,6,193,1,-4.733,-0.358,1.14,4.881,4.881,13.504,184.327,0.01,0.008,0.014,32,
1986-01-25 03:47:25.362000+00:00,26860,6,225,1,-4.74,-0.355,1.148,4.89,4.89,13.576,184.286,0.007,0.007,0.014,32,
1986-01-25 03:47:27.282000+00:00,26860,6,257,1,-4.738,-0.362,1.138,4.886,4.886,13.465,184.366,0.009,0.012,0.008,32,
1986-01-25 03:47:29.202000+00:00,26860,6,289,1,-4.733,-0.353,1.142,4.882,4.882,13.529,184.26,0.013,0.007,0.01,32,
1986-01-25 03:47:31.122000+00:00,26860,6,321,1,-4.739,-0.348,1.145,4.888,4.888,13.545,184.199,0.007,0.011,0.013,32,
1986-01-25 03:47:33.042000+00:00,26860,6,353,1,-4.744,-0.339,1.151,4.893,4.893,13.607,184.088,0.012,0.011,0.006,32,
1986-01-25 03:47:34.962000+00:00,26860,6,385,1,-4.734,-0.349,1.143,4.883,4.883,13.537,184.215,0.013,0.008,0.013,32,
1986-01-25 03:47:36.882000+00:00,26860,6,417,1,-4.743,-0.344,1.157,4.894,4.894,13.676,184.146,0.008,0.012,0.018,32,
1986-01-25 03:47:38.802000+00:00,26860,6,449,1,-4.737,-0.353,1.144,4.886,4.886,13.543,184.257,0.008,0.015,0.007,32,
1986-01-25 03:47:40.722000+00:00,26860,6,481,1,-4.743,-0.344,1.154,4.894,4.894,13.64,184.143,0.012,0.009,0.009,32,
1986-01-25 03:47:42.642000+00:00,26860,6,513,1,-4.734,-0.337,1.153,4.884,4.884,13.651,184.067,0.007,0.014,0.011,32,
1986-01-25 03:47:44.562000+00:00,26860,6,545,1,-4.735,-0.348,1.14,4.883,4.883,13.502,184.207,0.01,0.012,0.005,32,
1986-01-25 03:47:46.482000+00:00,26860,6,577,1,-4.736,-0.343,1.15,4.885,4.885,13.611,184.139,0.012,0.006,0.009,32,
1986-01-25 03:47:48.402000+00:00,26860,6,609,1,-4.736,-0.347,1.146,4.885,4.885,13.566,184.193,0.006,0.007,0.012,32,
1986-01-25 03:47:50.322000+00:00,26860,6,641,1,-4.722,-0.345,1.148,4.872,4.872,13.632,184.181,0.009,0.014,0.008,32,
1986-01-25 03:47:52.242000+00:00,26860,6,673,1,-4.731,-0.348,1.151,4.881,4.881,13.643,184.21,0.013,0.005,0.013,32,
1986-01-25 03:47:54.162000+00:00,26860,6,705,1,-4.731,-0.342,1.153,4.881,4.881,13.667,184.136,0.009,0.011,0.014,32,
1986-01-25 03:47:56.082000+00:00,26860,6,737,1,-4.729,-0.344,1.153,4.88,4.88,13.665,184.155,0.008,0.024,0.007,32,
1986-01-25 03:47:58.002000+00:00,26860,6,769,1,-4.722,-0.344,1.154,4.873,4.873,13.692,184.166,0.013,0.007,0.013,32,
1986-01-25 03:47:59.922000+00:00,26860,7,1,1,-4.722,-0.345,1.152,4.873,4.873,13.677,184.177,0.011,0.007,0.01,32,
1986-01-25 03:48:01.842000+00:00,26860,7,33,1,-4.722,-0.347,1.145,4.871,4.871,13.596,184.2,0.01,0.01,0.012,32,
1986-01-25 03:48:03.762000+00:00,26860,7,65,1,-4.735,-0.337,1.151,4.884,4.884,13.634,184.076,0.01,0.012,0.01,32,
1986-01-25 03:48:05.682000+00:00,26860,7,97,1,-4.729,-0.348,1.142,4.878,4.878,13.541,184.207,0.015,0.007,0.008,32,
1986-01-25 03:48:07.602000+00:00,26860,7,129,1,-4.737,-0.349,1.151,4.887,4.887,13.623,184.212,0.006,0.01,0.02,32,
1986-01-25 03:48:09.522000+00:00,26860,7,161,1,-4.74,-0.346,1.148,4.889,4.889,13.577,184.177,0.012,0.012,0.008,32,
1986-01-25 03:48:11.442000+00:00,26860,7,193,1,-4.745,-0.339,1.151,4.894,4.894,13.606,184.087,0.01,0.009,0.01,32,
1986-01-25 03:48:13.362000+00:00,26860,7,225,1,-4.731,-0.347,1.143,4.88,4.88,13.541,184.189,0.007,0.011,0.012,32,
1986-01-25 03:48:15.282000+00:00,26860,7,257,1,-4.729,-0.338,1.147,4.878,4.878,13.599,184.093,0.009,0.011,0.009,32,
1986-01-25 03:48:17.202000+00:00,26860,7,289,1,-4.737,-0.342,1.145,4.886,4.886,13.553,184.128,0.013,0.007,0.014,32,
1986-01-25 03:48:19.122000+00:00,26860,7,321,1,-4.724,-0.35,1.14,4.872,4.873,13.527,184.238,0.01,0.011,0.011,32,
1986-01-25 03:48:21.042000+00:00,26860,7,353,1,-4.725,-0.344,1.143,4.873,4.873,13.57,184.166,0.011,0.014,0.007,32,
1986-01-25 03:48:22.962000+00:00,26860,7,385,1,-4.727,-0.337,1.148,4.876,4.876,13.615,184.079,0.015,0.007,0.012,32,
1986-01-25 03:48:24.882000+00:00,26860,7,417,1,-4.732,-0.342,1.14,4.879,4.879,13.514,184.134,0.008,0.011,0.018,32,
1986-01-25 03:48:26.802000+00:00,26860,7,449,1,-4.725,-0.341,1.144,4.874,4.874,13.571,184.131,0.01,0.011,0.008,32,
1986-01-25 03:48:28.722000+00:00,26860,7,481,1,-4.734,-0.337,1.143,4.882,4.882,13.536,184.072,0.017,0.008,0.009,32,
1986-01-25 03:48:30.642000+00:00,26860,7,513,1,-4.73,-0.343,1.134,4.877,4.877,13.452,184.149,0.008,0.011,0.01,32,
1986-01-25 03:48:32.562000+00:00,26860,7,545,1,-4.735,-0.338,1.133,4.881,4.881,13.423,184.083,0.01,0.014,0.007,32,
1986-01-25 03:48:34.482000+00:00,26860,7,577,1,-4.732,-0.345,1.134,4.879,4.879,13.441,184.166,0.015,0.006,0.013,32,
1986-01-25 03:48:36.402000+00:00,26860,7,609,1,-4.728,-0.335,1.146,4.877,4.877,13.594,184.053,0.008,0.009,0.013,32,
1986-01-25 03:48:38.322000+00:00,26860,7,641,1,-4.73,-0.333,1.147,4.878,4.878,13.595,184.025,0.008,0.012,0.006,32,
1986-01-25 03:48:40.242000+00:00,26860,7,673,1,-4.728,-0.341,1.138,4.875,4.875,13.499,184.129,0.012,0.009,0.009,32,
1986-01-25 03:48:42.162000+00:00,26860,7,705,1,-4.726,-0.334,1.152,4.876,4.876,13.665,184.045,0.008,0.01,0.014,32,
1986-01-25 03:48:44.082000+00:00,26860,7,737,1,-4.731,-0.336,1.154,4.881,4.881,13.679,184.062,0.01,0.015,0.01,32,
1986-01-25 03:48:46.002000+00:00,26860,7,769,1,-4.728,-0.339,1.144,4.876,4.876,13.569,184.101,0.015,0.007,0.01,32,
1986-01-25 03:48:47.922000+00:00,26860,8,1,1,-4.722,-0.334,1.144,4.87,4.87,13.584,184.043,0.011,0.008,0.009,32,
1986-01-25 03:48:49.842000+00:00,26860,8,33,1,-4.723,-0.335,1.138,4.869,4.869,13.512,184.055,0.009,0.01,0.011,32,
1986-01-25 03:48:51.762000+00:00,26860,8,65,1,-4.738,-0.336,1.138,4.885,4.885,13.469,184.057,0.01,0.014,0.01,32,
1986-01-25 03:48:53.682000+00:00,26860,8,97,1,-4.726,-0.329,1.146,4.874,4.874,13.595,183.978,0.012,0.009,0.009,32,
1986-01-25 03:48:55.602000+00:00,26860,8,129,1,-4.721,-0.337,1.129,4.866,4.866,13.42,184.087,0.01,0.01,0.014,32,
1986-01-25 03:48:57.522000+00:00,26860,8,161,1,-4.725,-0.341,1.12,4.868,4.868,13.303,184.128,0.013,0.013,0.008,32,
1986-01-25 03:48:59.442000+00:00,26860,8,193,1,-4.731,-0.338,1.122,4.874,4.874,13.307,184.082,0.015,0.009,0.009,32,
1986-01-25 03:49:01.362000+00:00,26860,8,225,1,-4.734,-0.342,1.122,4.877,4.877,13.3,184.136,0.008,0.01,0.012,32,
1986-01-25 03:49:03.282000+00:00,26860,8,257,1,-4.733,-0.335,1.129,4.878,4.878,13.385,184.047,0.007,0.011,0.007,32,
1986-01-25 03:49:05.202000+00:00,26860,8,289,1,-4.723,-0.334,1.129,4.867,4.867,13.415,184.042,0.012,0.009,0.009,32,
1986-01-25 03:49:07.122000+00:00,26860,8,321,1,-4.722,-0.331,1.136,4.868,4.868,13.493,184.014,0.009,0.009,0.012,32,
1986-01-25 03:49:09.042000+00:00,26860,8,353,1,-4.713,-0.331,1.131,4.858,4.858,13.461,184.017,0.01,0.013,0.007,32,
1986-01-25 03:49:10.962000+00:00,26860,8,385,1,-4.711,-0.329,1.128,4.855,4.855,13.43,184.001,0.011,0.009,0.009,32,
1986-01-25 03:49:12.882000+00:00,26860,8,417,1,-4.718,-0.331,1.129,4.862,4.862,13.425,184.012,0.01,0.011,0.011,32,
1986-01-25 03:49:14.802000+00:00,26860,8,449,1,-4.722,-0.327,1.121,4.864,4.864,13.33,183.96,0.009,0.014,0.006,32,
1986-01-25 03:49:16.722000+00:00,26860,8,481,1,-4.716,-0.34,1.106,4.856,4.856,13.167,184.127,0.011,0.009,0.01,32,
1986-01-25 03:49:18.642000+00:00,26860,8,513,1,-4.721,-0.331,1.116,4.863,4.863,13.269,184.014,0.009,0.012,0.013,32,
1986-01-25 03:49:20.562000+00:00,26860,8,545,1,-4.723,-0.327,1.113,4.863,4.863,13.23,183.96,0.01,0.01,0.008,32,
1986-01-25 03:49:22.482000+00:00,26860,8,577,1,-4.721,-0.328,1.119,4.863,4.863,13.304,183.98,0.01,0.009,0.008,32,
1986-01-25 03:49:24.402000+00:00,26860,8,609,1,-4.713,-0.317,1.121,4.855,4.855,13.344,183.852,0.009,0.012,0.011,32,
1986-01-25 03:49:26.322000+00:00,26860,8,641,1,-4.71,-0.323,1.117,4.851,4.851,13.305,183.925,0.012,0.011,0.009,32,
1986-01-25 03:49:28.242000+00:00,26860,8,673,1,-4.707,-0.32,1.117,4.848,4.848,13.314,183.884,0.014,0.007,0.008,32,
1986-01-25 03:49:30.162000+00:00,26860,8,705,1,-4.708,-0.322,1.118,4.849,4.849,13.33,183.919,0.011,0.008,0.013,32,
1986-01-25 03:49:32.082000+00:00,26860,8,737,1,-4.711,-0.322,1.124,4.854,4.854,13.393,183.908,0.01,0.016,0.009,32,
1986-01-25 03:49:34.002000+00:00,26860,8,769,1,-4.712,-0.322,1.128,4.856,4.856,13.436,183.912,0.014,0.009,0.009,32,
1986-01-25 03:49:35.922000+00:00,26860,9,1,1,-4.713,-0.315,1.131,4.857,4.857,13.47,183.826,0.01,0.008,0.013,32,
1986-01-25 03:49:37.842000+00:00,26860,9,33,1,-4.715,-0.311,1.141,4.861,4.861,13.58,183.769,0.008,0.008,0.012,32,
1986-01-25 03:49:39.762000+00:00,26860,9,65,1,-4.715,-0.315,1.139,4.861,4.861,13.551,183.818,0.011,0.018,0.008,32,
1986-01-25 03:49:41.682000+00:00,26860,9,97,1,-4.724,-0.315,1.134,4.869,4.869,13.472,183.816,0.017,0.007,0.009,32,
1986-01-25 03:49:43.602000+00:00,26860,9,129,1,-4.713,-0.322,1.132,4.857,4.857,13.478,183.913,0.009,0.01,0.014,32,
1986-01-25 03:49:45.522000+00:00,26860,9,161,1,-4.713,-0.324,1.124,4.856,4.856,13.378,183.933,0.013,0.015,0.008,32,
1986-01-25 03:49:47.442000+00:00,26860,9,193,1,-4.719,-0.33,1.121,4.862,4.862,13.336,184.001,0.01,0.009,0.009,32,
1986-01-25 03:49:49.362000+00:00,26860,9,225,1,-4.715,-0.328,1.122,4.857,4.857,13.35,183.974,0.008,0.009,0.013,32,
1986-01-25 03:49:51.282000+00:00,26860,9,257,1,-4.714,-0.326,1.129,4.858,4.858,13.442,183.952,0.01,0.01,0.006,32,
1986-01-25 03:49:53.202000+00:00,26860,9,289,1,-4.706,-0.321,1.125,4.849,4.849,13.419,183.903,0.014,0.007,0.01,32,
1986-01-25 03:49:55.122000+00:00,26860,9,321,1,-4.704,-0.321,1.124,4.847,4.847,13.407,183.906,0.008,0.009,0.012,32,
1986-01-25 03:49:57.042000+00:00,26860,9,353,1,-4.711,-0.316,1.124,4.854,4.854,13.385,183.839,0.01,0.012,0.009,32,
1986-01-25 03:49:58.962000+00:00,26860,9,385,1,-4.7,-0.318,1.117,4.841,4.841,13.342,183.867,0.011,0.006,0.009,32,
1986-01-25 03:50:00.882000+00:00,26860,9,417,1,-4.702,-0.32,1.124,4.845,4.845,13.417,183.888,0.008,0.011,0.011,32,
1986-01-25 03:50:02.802000+00:00,26860,9,449,1,-4.704,-0.321,1.133,4.849,4.849,13.512,183.904,0.01,0.013,0.008,32,
1986-01-25 03:50:04.722000+00:00,26860,9,481,1,-4.706,-0.315,1.129,4.85,4.85,13.464,183.825,0.01,0.007,0.012,32,
1986-01-25 03:50:06.642000+00:00,26860,9,513,1,-4.698,-0.315,1.124,4.841,4.841,13.428,183.836,0.008,0.011,0.013,32,
1986-01-25 03:50:08.562000+00:00,26860,9,545,1,-4.706,-0.313,1.124,4.849,4.849,13.399,183.806,0.01,0.01,0.009,32,
1986-01-25 03:50:10.482000+00:00,26860,9,577,1,-4.704,-0.315,1.13,4.848,4.848,13.476,183.828,0.013,0.01,0.011,32,
1986-01-25 03:50:12.402000+00:00,26860,9,609,1,-4.69,-0.31,1.127,4.834,4.834,13.482,183.781,0.008,0.011,0.013,32,
1986-01-25 03:50:14.322000+00:00,26860,9,641,1,-4.691,-0.313,1.115,4.832,4.832,13.345,183.815,0.01,0.014,0.008,32,
1986-01-25 03:50:16.242000+00:00,26860,9,673,1,-4.698,-0.317,1.111,4.838,4.838,13.28,183.861,0.016,0.007,0.01,32,
1986-01-25 03:50:18.162000+00:00,26860,9,705,1,-4.709,-0.305,1.125,4.851,4.851,13.414,183.703,0.008,0.01,0.014,32,
1986-01-25 03:50:20.082000+00:00,26860,9,737,1,-4.706,-0.311,1.122,4.848,4.848,13.386,183.78,0.011,0.012,0.008,32,
1986-01-25 03:50:22.002000+00:00,26860,9,769,1,-4.713,-0.312,1.125,4.855,4.855,13.392,183.787,0.012,0.007,0.011,32,
1986-01-25 03:50:23.922000+00:00,26860,10,1,1,-4.705,-0.309,1.128,4.849,4.849,13.455,183.752,0.012,0.009,0.01,32,
1986-01-25 03:50:25.842000+00:00,26860,10,33,1,-4.706,-0.313,1.128,4.85,4.85,13.449,183.806,0.007,0.008,0.013,32,
1986-01-25 03:50:27.762000+00:00,26860,10,65,1,-4.705,-0.308,1.134,4.849,4.849,13.522,183.743,0.009,0.013,0.01,32,
1986-01-25 03:50:29.682000+00:00,26860,10,97,1,-4.701,-0.307,1.138,4.846,4.846,13.582,183.74,0.014,0.01,0.011,32,
1986-01-25 03:50:31.602000+00:00,26860,10,129,1,-4.705,-0.31,1.122,4.847,4.847,13.381,183.775,0.006,0.012,0.012,32,
1986-01-25 03:50:33.522000+00:00,26860,10,161,1,-4.705,-0.308,1.127,4.848,4.848,13.441,183.751,0.008,0.016,0.009,32,
1986-01-25 03:50:35.442000+00:00,26860,10,193,1,-4.699,-0.3,1.131,4.843,4.843,13.506,183.649,0.01,0.008,0.01,32,
1986-01-25 03:50:37.362000+00:00,26860,10,225,1,-4.7,-0.304,1.132,4.844,4.844,13.515,183.695,0.006,0.009,0.01,32,
1986-01-25 03:50:39.282000+00:00,26860,10,257,1,-4.71,-0.304,1.121,4.852,4.852,13.359,183.69,0.01,0.012,0.01,32,
1986-01-25 03:50:41.202000+00:00,26860,10,289,1,-4.706,-0.316,1.106,4.845,4.845,13.194,183.835,0.011,0.008,0.01,32,
1986-01-25 03:50:43.122000+00:00,26860,10,321,1,-4.707,-0.306,1.106,4.845,4.845,13.192,183.723,0.008,0.009,0.013,32,
1986-01-25 03:50:45.042000+00:00,26860,10,353,1,-4.713,-0.298,1.118,4.852,4.852,13.318,183.617,0.012,0.012,0.008,32,
1986-01-25 03:50:46.962000+00:00,26860,10,385,1,-4.704,-0.308,1.111,4.843,4.843,13.267,183.742,0.011,0.008,0.009,32,
1986-01-25 03:50:48.882000+00:00,26860,10,417,1,-4.687,-0.306,1.11,4.826,4.826,13.301,183.731,0.009,0.011,0.014,32,
1986-01-25 03:50:50.802000+00:00,26860,10,449,1,-4.691,-0.302,1.109,4.829,4.829,13.278,183.682,0.011,0.013,0.008,32,
1986-01-25 03:50:52.722000+00:00,26860,10,481,1,-4.694,-0.304,1.117,4.834,4.834,13.359,183.709,0.01,0.008,0.009,32,
1986-01-25 03:50:54.642000+00:00,26860,10,513,1,-4.704,-0.305,1.11,4.843,4.843,13.254,183.712,0.01,0.009,0.012,32,
1986-01-25 03:50:56.562000+00:00,26860,10,545,1,-4.698,-0.302,1.106,4.836,4.836,13.227,183.676,0.012,0.011,0.009,32,
1986-01-25 03:50:58.482000+00:00,26860,10,577,1,-4.692,-0.313,1.108,4.831,4.832,13.262,183.819,0.012,0.01,0.007,32,
1986-01-25 03:51:00.402000+00:00,26860,10,609,1,-4.685,-0.301,1.114,4.825,4.825,13.353,183.68,0.007,0.01,0.012,32,
1986-01-25 03:51:02.322000+00:00,26860,10,641,1,-4.688,-0.308,1.113,4.828,4.828,13.328,183.757,0.007,0.015,0.008,32,
1986-01-25 03:51:04.242000+00:00,26860,10,673,1,-4.689,-0.32,1.092,4.825,4.825,13.08,183.9,0.012,0.009,0.01,32,
1986-01-25 03:51:06.162000+00:00,26860,10,705,1,-4.684,-0.31,1.095,4.82,4.82,13.129,183.782,0.007,0.011,0.012,32,
1986-01-25 03:51:08.082000+00:00,26860,10,737,1,-4.682,-0.308,1.108,4.821,4.821,13.284,183.76,0.009,0.013,0.009,32,
1986-01-25 03:51:10.002000+00:00,26860,10,769,1,-4.691,-0.303,1.102,4.828,4.828,13.197,183.701,0.013,0.011,0.013,32,
1986-01-25 03:51:11.922000+00:00,26860,11,1,1,-4.698,-0.308,1.101,4.835,4.835,13.166,183.749,0.011,0.006,0.01,32,
1986-01-25 03:51:13.842000+00:00,26860,11,33,1,-4.69,-0.301,1.107,4.829,4.829,13.252,183.669,0.008,0.013,0.012,32,
1986-01-25 03:51:15.762000+00:00,26860,11,65,1,-4.683,-0.299,1.103,4.821,4.821,13.231,183.653,0.011,0.013,0.008,32,
1986-01-25 03:51:17.682000+00:00,26860,11,97,1,-4.681,-0.308,1.104,4.82,4.82,13.239,183.764,0.011,0.007,0.013,32,
1986-01-25 03:51:19.602000+00:00,26860,11,129,1,-4.694,-0.31,1.101,4.831,4.831,13.172,183.781,0.009,0.01,0.014,32,
1986-01-25 03:51:21.522000+00:00,26860,11,161,1,-4.697,-0.3,1.109,4.836,4.836,13.255,183.657,0.011,0.015,0.01,32,
1986-01-25 03:51:23.442000+00:00,26860,11,193,1,-4.688,-0.299,1.104,4.825,4.825,13.231,183.647,0.012,0.007,0.008,32,
1986-01-25 03:51:25.362000+00:00,26860,11,225,1,-4.677,-0.289,1.104,4.815,4.815,13.256,183.542,0.008,0.013,0.012,32,
1986-01-25 03:51:27.282000+00:00,26860,11,257,1,-4.686,-0.289,1.097,4.821,4.821,13.155,183.534,0.011,0.011,0.008,32,
1986-01-25 03:51:29.202000+00:00,26860,11,289,1,-4.701,-0.301,1.089,4.835,4.835,13.016,183.663,0.013,0.008,0.008,32,
1986-01-25 03:51:31.122000+00:00,26860,11,321,1,-4.697,-0.305,1.103,4.835,4.835,13.187,183.718,0.009,0.01,0.012,32,
1986-01-25 03:51:33.042000+00:00,26860,11,353,1,-4.686,-0.3,1.097,4.822,4.822,13.149,183.659,0.009,0.015,0.008,32,
1986-01-25 03:51:34.962000+00:00,26860,11,385,1,-4.678,-0.3,1.101,4.815,4.815,13.217,183.671,0.015,0.011,0.008,32,
1986-01-25 03:51:36.882000+00:00,26860,11,417,1,-4.691,-0.292,1.106,4.829,4.829,13.243,183.566,0.01,0.01,0.014,32,
1986-01-25 03:51:38.802000+00:00,26860,11,449,1,-4.681,-0.293,1.1,4.817,4.817,13.202,183.583,0.01,0.012,0.009,32,
1986-01-25 03:51:40.722000+00:00,26860,11,481,1,-4.685,-0.298,1.099,4.822,4.822,13.176,183.635,0.011,0.01,0.011,32,
1986-01-25 03:51:42.642000+00:00,26860,11,513,1,-4.674,-0.301,1.098,4.811,4.811,13.188,183.689,0.011,0.009,0.013,32,
1986-01-25 03:51:44.562000+00:00,26860,11,545,1,-4.674,-0.292,1.105,4.812,4.812,13.273,183.571,0.01,0.011,0.008,32,
1986-01-25 03:51:46.482000+00:00,26860,11,577,1,-4.678,-0.303,1.107,4.817,4.817,13.283,183.704,0.014,0.008,0.009,32,
1986-01-25 03:51:48.402000+00:00,26860,11,609,1,-4.673,-0.306,1.103,4.811,4.811,13.248,183.741,0.01,0.009,0.012,32,
1986-01-25 03:51:50.322000+00:00,26860,11,641,1,-4.678,-0.305,1.106,4.816,4.816,13.279,183.726,0.008,0.013,0.006,32,
1986-01-25 03:51:52.242000+00:00,26860,11,673,1,-4.684,-0.296,1.103,4.821,4.821,13.224,183.614,0.012,0.01,0.008,32,
1986-01-25 03:51:54.162000+00:00,26860,11,705,1,-4.676,-0.299,1.093,4.811,4.811,13.131,183.663,0.008,0.008,0.01,32,
1986-01-25 03:51:56.082000+00:00,26860,11,737,1,-4.673,-0.291,1.102,4.81,4.81,13.241,183.558,0.011,0.017,0.008,32,
1986-01-25 03:51:58.002000+00:00,26860,11,769,1,-4.665,-0.287,1.101,4.802,4.802,13.257,183.515,0.014,0.01,0.007,32,
1986-01-25 03:51:59.922000+00:00,26860,12,1,1,-4.665,-0.291,1.095,4.801,4.801,13.183,183.573,0.014,0.008,0.011,32,
1986-01-25 03:52:01.842000+00:00,26860,12,33,1,-4.669,-0.292,1.095,4.804,4.804,13.171,183.579,0.007,0.01,0.01,32,
1986-01-25 03:52:03.762000+00:00,26860,12,65,1,-4.672,-0.294,1.092,4.806,4.806,13.131,183.597,0.013,0.015,0.007,32,
1986-01-25 03:52:05.682000+00:00,26860,12,97,1,-4.679,-0.294,1.092,4.813,4.814,13.107,183.593,0.01,0.008,0.008,32,
1986-01-25 03:52:07.602000+00:00,26860,12,129,1,-4.686,-0.282,1.103,4.822,4.822,13.224,183.438,0.006,0.009,0.009,32,
1986-01-25 03:52:09.522000+00:00,26860,12,161,1,-4.681,-0.283,1.101,4.818,4.818,13.217,183.457,0.009,0.017,0.008,32,
1986-01-25 03:52:11.442000+00:00,26860,12,193,1,-4.682,-0.289,1.094,4.817,4.817,13.121,183.528,0.011,0.009,0.009,32,
1986-01-25 03:52:13.362000+00:00,26860,12,225,1,-4.676,-0.294,1.096,4.812,4.812,13.161,183.592,0.007,0.01,0.012,32,
1986-01-25 03:52:15.282000+00:00,26860,12,257,1,-4.665,-0.293,1.092,4.8,4.8,13.145,183.594,0.009,0.011,0.008,32,
1986-01-25 03:52:17.202000+00:00,26860,12,289,1,-4.677,-0.283,1.099,4.812,4.812,13.206,183.469,0.013,0.008,0.01,32,
1986-01-25 03:52:19.122000+00:00,26860,12,321,1,-4.67,-0.293,1.095,4.805,4.805,13.168,183.588,0.009,0.009,0.01,32,
1986-01-25 03:52:21.042000+00:00,26860,12,353,1,-4.671,-0.289,1.101,4.808,4.808,13.235,183.545,0.01,0.015,0.008,32,
1986-01-25 03:52:22.962000+00:00,26860,12,385,1,-4.669,-0.287,1.104,4.807,4.807,13.273,183.516,0.014,0.007,0.011,32,
1986-01-25 03:52:24.882000+00:00,26860,12,417,1,-4.673,-0.284,1.103,4.81,4.81,13.258,183.475,0.008,0.011,0.008,32,
1986-01-25 03:52:26.802000+00:00,26860,12,449,1,-4.667,-0.284,1.103,4.804,4.804,13.274,183.484,0.011,0.011,0.009,32,
1986-01-25 03:52:28.722000+00:00,26860,12,481,1,-4.665,-0.286,1.099,4.801,4.801,13.234,183.504,0.014,0.008,0.011,32,
1986-01-25 03:52:30.642000+00:00,26860,12,513,1,-4.667,-0.29,1.098,4.803,4.803,13.211,183.558,0.009,0.013,0.014,32,
1986-01-25 03:52:32.562000+00:00,26860,12,545,1,-4.658,-0.298,1.091,4.793,4.793,13.15,183.666,0.01,0.012,0.009,32,
1986-01-25 03:52:34.482000+00:00,26860,12,577,1,-4.668,-0.296,1.093,4.803,4.803,13.153,183.632,0.014,0.009,0.01,32,
1986-01-25 03:52:36.402000+00:00,26860,12,609,1,-4.661,-0.302,1.089,4.796,4.796,13.129,183.702,0.007,0.008,0.014,32,
1986-01-25 03:52:38.322000+00:00,26860,12,641,1,-4.662,-0.299,1.094,4.798,4.798,13.185,183.675,0.01,0.013,0.008,32,
1986-01-25 03:52:40.242000+00:00,26860,12,673,1,-4.653,-0.292,1.088,4.788,4.788,13.136,183.588,0.012,0.009,0.008,32,
1986-01-25 03:52:42.162000+00:00,26860,12,705,1,-4.652,-0.305,1.088,4.787,4.787,13.134,183.75,0.008,0.009,0.012,32,
1986-01-25 03:52:44.082000+00:00,26860,12,737,1,-4.657,-0.29,1.089,4.791,4.791,13.138,183.56,0.009,0.014,0.009,32,
1986-01-25 03:52:46.002000+00:00,26860,12,769,1,-4.66,-0.29,1.095,4.795,4.795,13.199,183.567,0.014,0.009,0.008,32,
1986-01-25 03:52:47.922000+00:00,26860,13,1,1,-4.66,-0.288,1.096,4.796,4.796,13.208,183.537,0.01,0.009,0.011,32,
1986-01-25 03:52:49.842000+00:00,26860,13,33,1,-4.663,-0.292,1.098,4.799,4.799,13.231,183.586,0.007,0.011,0.015,32,
1986-01-25 03:52:51.762000+00:00,26860,13,65,1,-4.655,-0.299,1.103,4.793,4.793,13.306,183.67,0.011,0.011,0.009,32,
1986-01-25 03:52:53.682000+00:00,26860,13,97,1,-4.655,-0.292,1.099,4.792,4.792,13.264,183.592,0.014,0.008,0.011,32,
1986-01-25 03:52:55.602000+00:00,26860,13,129,1,-4.659,-0.3,1.107,4.798,4.798,13.334,183.681,0.009,0.011,0.013,32,
1986-01-25 03:52:57.522000+00:00,26860,13,161,1,-4.65,-0.294,1.107,4.789,4.789,13.366,183.616,0.011,0.009,0.009,32,
1986-01-25 03:52:59.442000+00:00,26860,13,193,1,-4.648,-0.296,1.099,4.786,4.786,13.274,183.639,0.011,0.007,0.008,32,
1986-01-25 03:53:01.362000+00:00,26860,13,225,1,-4.638,-0.291,1.094,4.774,4.774,13.247,183.584,0.011,0.01,0.012,32,
1986-01-25 03:53:03.282000+00:00,26860,13,257,1,-4.65,-0.292,1.101,4.788,4.788,13.293,183.599,0.011,0.012,0.009,32,
1986-01-25 03:53:05.202000+00:00,26860,13,289,1,-4.654,-0.29,1.102,4.792,4.792,13.297,183.569,0.013,0.009,0.011,32,
1986-01-25 03:53:07.122000+00:00,26860,13,321,1,-4.646,-0.289,1.097,4.783,4.783,13.262,183.559,0.008,0.011,0.013,32,
1986-01-25 03:53:09.042000+00:00,26860,13,353,1,-4.642,-0.288,1.091,4.777,4.777,13.197,183.554,0.009,0.013,0.008,32,
1986-01-25 03:53:10.962000+00:00,26860,13,385,1,-4.638,-0.291,1.09,4.773,4.773,13.198,183.596,0.013,0.01,0.011,32,
1986-01-25 03:53:12.882000+00:00,26860,13,417,1,-4.644,-0.29,1.09,4.779,4.779,13.189,183.574,0.01,0.011,0.014,32,
1986-01-25 03:53:14.802000+00:00,26860,13,449,1,-4.65,-0.298,1.093,4.786,4.786,13.208,183.662,0.012,0.011,0.012,32,
1986-01-25 03:53:16.722000+00:00,26860,13,481,1,-4.651,-0.297,1.092,4.786,4.786,13.183,183.649,0.011,0.009,0.009,32,
1986-01-25 03:53:18.642000+00:00,26860,13,513,1,-4.64,-0.294,1.088,4.775,4.775,13.165,183.629,0.007,0.011,0.014,32,
1986-01-25 03:53:20.562000+00:00,26860,13,545,1,-4.633,-0.298,1.086,4.768,4.768,13.164,183.679,0.014,0.011,0.01,32,
1986-01-25 03:53:22.482000+00:00,26860,13,577,1,-4.641,-0.296,1.09,4.777,4.777,13.193,183.653,0.011,0.009,0.008,32,
1986-01-25 03:53:24.402000+00:00,26860,13,609,1,-4.642,-0.298,1.094,4.779,4.779,13.234,183.675,0.011,0.01,0.016,32,
1986-01-25 03:53:26.322000+00:00,26860,13,641,1,-4.638,-0.292,1.09,4.773,4.773,13.203,183.599,0.01,0.01,0.01,32,
1986-01-25 03:53:28.242000+00:00,26860,13,673,1,-4.634,-0.299,1.083,4.768,4.768,13.133,183.697,0.011,0.009,0.01,32,
1986-01-25 03:53:30.162000+00:00,26860,13,705,1,-4.634,-0.292,1.096,4.771,4.771,13.278,183.611,0.01,0.01,0.013,32,
1986-01-25 03:53:32.082000+00:00,26860,13,737,1,-4.637,-0.293,1.093,4.773,4.773,13.233,183.621,0.01,0.012,0.007,32,
1986-01-25 03:53:34.002000+00:00,26860,13,769,1,-4.635,-0.292,1.092,4.771,4.771,13.231,183.607,0.013,0.007,0.008,32,
1986-01-25 03:53:35.922000+00:00,26860,14,1,1,-4.636,-0.288,1.089,4.771,4.771,13.199,183.558,0.013,0.009,0.01,32,
1986-01-25 03:53:37.842000+00:00,26860,14,33,1,-4.636,-0.287,1.086,4.77,4.77,13.159,183.54,0.008,0.01,0.009,32,
1986-01-25 03:53:39.762000+00:00,26860,14,65,1,-4.632,-0.288,1.098,4.769,4.769,13.31,183.557,0.012,0.011,0.008,32,
1986-01-25 03:53:41.682000+00:00,26860,14,97,1,-4.636,-0.293,1.094,4.772,4.772,13.258,183.622,0.01,0.006,0.012,32,
1986-01-25 03:53:43.602000+00:00,26860,14,129,1,-4.637,-0.304,1.1,4.775,4.775,13.314,183.745,0.007,0.011,0.011,32,
1986-01-25 03:53:45.522000+00:00,26860,14,161,1,-4.63,-0.303,1.099,4.768,4.768,13.319,183.739,0.01,0.011,0.009,32,
1986-01-25 03:53:47.442000+00:00,26860,14,193,1,-4.627,-0.296,1.095,4.764,4.764,13.283,183.662,0.013,0.007,0.009,32,
1986-01-25 03:53:49.362000+00:00,26860,14,225,1,-4.631,-0.29,1.088,4.766,4.766,13.202,183.578,0.011,0.008,0.012,32,
1986-01-25 03:53:51.282000+00:00,26860,14,257,1,-4.635,-0.288,1.103,4.773,4.773,13.357,183.551,0.006,0.013,0.007,32,
1986-01-25 03:53:53.202000+00:00,26860,14,289,1,-4.638,-0.284,1.098,4.775,4.775,13.296,183.503,0.008,0.01,0.011,32,
1986-01-25 03:53:55.122000+00:00,26860,14,321,1,-4.642,-0.283,1.094,4.777,4.777,13.24,183.494,0.007,0.009,0.01,32,
1986-01-25 03:53:57.042000+00:00,26860,14,353,1,-4.638,-0.278,1.092,4.773,4.773,13.231,183.43,0.009,0.011,0.006,32,
1986-01-25 03:53:58.962000+00:00,26860,14,385,1,-4.64,-0.284,1.086,4.773,4.773,13.152,183.497,0.007,0.007,0.008,32,
1986-01-25 03:54:00.882000+00:00,26860,14,417,1,-4.629,-0.281,1.084,4.762,4.762,13.161,183.476,0.01,0.011,0.011,32,
1986-01-25 03:54:02.802000+00:00,26860,14,449,1,-4.62,-0.282,1.083,4.754,4.754,13.169,183.49,0.009,0.016,0.009,32,
1986-01-25 03:54:04.722000+00:00,26860,14,481,1,-4.627,-0.284,1.076,4.759,4.759,13.073,183.517,0.012,0.007,0.01,32,
1986-01-25 03:54:06.642000+00:00,26860,14,513,1,-4.637,-0.278,1.081,4.77,4.77,13.102,183.434,0.009,0.008,0.014,32,
1986-01-25 03:54:08.562000+00:00,26860,14,545,1,-4.636,-0.282,1.081,4.769,4.769,13.1,183.483,0.011,0.014,0.007,32,
1986-01-25 03:54:10.482000+00:00,26860,14,577,1,-4.635,-0.281,1.092,4.77,4.77,13.227,183.474,0.011,0.008,0.01,32,
1986-01-25 03:54:12.402000+00:00,26860,14,609,1,-4.637,-0.277,1.097,4.773,4.773,13.282,183.422,0.008,0.011,0.014,32,
1986-01-25 03:54:14.322000+00:00,26860,14,641,1,-4.637,-0.272,1.092,4.771,4.771,13.224,183.36,0.01,0.012,0.007,32,
1986-01-25 03:54:16.242000+00:00,26860,14,673,1,-4.639,-0.28,1.09,4.774,4.774,13.204,183.449,0.016,0.006,0.01,32,
1986-01-25 03:54:18.162000+00:00,26860,14,705,1,-4.626,-0.276,1.09,4.761,4.761,13.234,183.417,0.01,0.009,0.011,32,
1986-01-25 03:54:20.082000+00:00,26860,14,737,1,-4.629,-0.277,1.085,4.763,4.763,13.162,183.422,0.006,0.012,0.006,32,
1986-01-25 03:54:22.002000+00:00,26860,14,769,1,-4.63,-0.284,1.087,4.765,4.765,13.185,183.506,0.011,0.008,0.014,32,
1986-01-25 03:54:23.922000+00:00,26860,15,1,1,-4.635,-0.28,1.078,4.767,4.767,13.067,183.463,0.014,0.008,0.012,32,
1986-01-25 03:54:25.842000+00:00,26860,15,33,1,-4.637,-0.282,1.085,4.77,4.77,13.144,183.483,0.009,0.011,0.013,32,
1986-01-25 03:54:27.762000+00:00,26860,15,65,1,-4.635,-0.288,1.083,4.768,4.768,13.125,183.558,0.008,0.014,0.007,32,
1986-01-25 03:54:29.682000+00:00,26860,15,97,1,-4.637,-0.279,1.086,4.771,4.771,13.155,183.443,0.01,0.009,0.009,32,
1986-01-25 03:54:31.602000+00:00,26860,15,129,1,-4.633,-0.272,1.087,4.766,4.766,13.183,183.358,0.013,0.012,0.011,32,
1986-01-25 03:54:33.522000+00:00,26860,15,161,1,-4.636,-0.273,1.083,4.769,4.769,13.126,183.367,0.008,0.009,0.008,32,
1986-01-25 03:54:35.442000+00:00,26860,15,193,1,-4.623,-0.278,1.077,4.755,4.755,13.096,183.444,0.011,0.006,0.008,32,
1986-01-25 03:54:37.362000+00:00,26860,15,225,1,-4.628,-0.286,1.083,4.762,4.762,13.15,183.535,0.008,0.009,0.013,32,
1986-01-25 03:54:39.282000+00:00,26860,15,257,1,-4.626,-0.282,1.084,4.759,4.759,13.163,183.486,0.012,0.01,0.007,32,
1986-01-25 03:54:41.202000+00:00,26860,15,289,1,-4.632,-0.282,1.078,4.764,4.764,13.082,183.484,0.013,0.005,0.009,32,
1986-01-25 03:54:43.122000+00:00,26860,15,321,1,-4.631,-0.278,1.086,4.765,4.765,13.172,183.431,0.008,0.009,0.016,32,
1986-01-25 03:54:45.042000+00:00,26860,15,353,1,-4.632,-0.282,1.077,4.764,4.764,13.065,183.488,0.011,0.01,0.01,32,
1986-01-25 03:54:46.962000+00:00,26860,15,385,1,-4.628,-0.285,1.075,4.76,4.76,13.048,183.527,0.011,0.008,0.012,32,
1986-01-25 03:54:48.882000+00:00,26860,15,417,1,-4.613,-0.282,1.082,4.746,4.746,13.181,183.493,0.006,0.009,0.011,32,
1986-01-25 03:54:50.802000+00:00,26860,15,449,1,-4.609,-0.281,1.085,4.744,4.744,13.228,183.484,0.008,0.011,0.01,32,
1986-01-25 03:54:52.722000+00:00,26860,15,481,1,-4.607,-0.285,1.082,4.741,4.741,13.187,183.545,0.011,0.009,0.011,32,
1986-01-25 03:54:54.642000+00:00,26860,15,513,1,-4.615,-0.273,1.083,4.748,4.748,13.186,183.388,0.008,0.014,0.014,32,
1986-01-25 03:54:56.562000+00:00,26860,15,545,1,-4.615,-0.29,1.09,4.75,4.751,13.259,183.59,0.01,0.013,0.009,32,
1986-01-25 03:54:58.482000+00:00,26860,15,577,1,-4.621,-0.286,1.087,4.756,4.756,13.216,183.54,0.012,0.009,0.01,32,
1986-01-25 03:55:00.402000+00:00,26860,15,609,1,-4.616,-0.282,1.085,4.75,4.75,13.206,183.5,0.006,0.011,0.009,32,
1986-01-25 03:55:02.322000+00:00,26860,15,641,1,-4.609,-0.287,1.086,4.743,4.743,13.233,183.561,0.01,0.013,0.011,32,
1986-01-25 03:55:04.242000+00:00,26860,15,673,1,-4.609,-0.29,1.084,4.743,4.743,13.21,183.602,0.014,0.01,0.01,32,
1986-01-25 03:55:06.162000+00:00,26860,15,705,1,-4.619,-0.285,1.088,4.754,4.754,13.231,183.531,0.007,0.008,0.011,32,
1986-01-25 03:55:08.082000+00:00,26860,15,737,1,-4.609,-0.282,1.09,4.745,4.745,13.283,183.498,0.012,0.01,0.007,32,
1986-01-25 03:55:10.002000+00:00,26860,15,769,1,-4.615,-0.269,1.092,4.75,4.75,13.297,183.338,0.011,0.008,0.01,32,
1986-01-25 03:55:11.922000+00:00,26860,16,1,1,-4.615,-0.281,1.087,4.75,4.75,13.229,183.479,0.011,0.005,0.008,32,
1986-01-25 03:55:13.842000+00:00,26860,16,33,1,-4.613,-0.269,1.091,4.748,4.748,13.291,183.344,0.009,0.014,0.011,32,
1986-01-25 03:55:15.762000+00:00,26860,16,65,1,-4.612,-0.27,1.087,4.746,4.746,13.235,183.348,0.009,0.014,0.007,32,
1986-01-25 03:55:17.682000+00:00,26860,16,97,1,-4.609,-0.269,1.087,4.743,4.743,13.251,183.339,0.009,0.007,0.007,32,
1986-01-25 03:55:19.602000+00:00,26860,16,129,1,-4.614,-0.273,1.092,4.749,4.749,13.293,183.384,0.009,0.009,0.01,32,
1986-01-25 03:55:21.522000+00:00,26860,16,161,1,-4.609,-0.267,1.095,4.744,4.744,13.346,183.312,0.008,0.009,0.008,32,
1986-01-25 03:55:23.442000+00:00,26860,16,193,1,-4.61,-0.279,1.081,4.743,4.743,13.175,183.463,0.009,0.008,0.008,32,
1986-01-25 03:55:25.362000+00:00,26860,16,225,1,-4.608,-0.272,1.096,4.744,4.744,13.355,183.378,0.008,0.008,0.008,32,
1986-01-25 03:55:27.282000+00:00,26860,16,257,1,-4.608,-0.273,1.087,4.742,4.742,13.252,183.396,0.01,0.01,0.008,32,
1986-01-25 03:55:29.202000+00:00,26860,16,289,1,-4.622,-0.266,1.099,4.758,4.758,13.354,183.292,0.014,0.009,0.008,32,
1986-01-25 03:55:31.122000+00:00,26860,16,321,1,-4.616,-0.261,1.088,4.75,4.75,13.24,183.242,0.005,0.01,0.008,32,
1986-01-25 03:55:33.042000+00:00,26860,16,353,1,-4.607,-0.261,1.084,4.74,4.74,13.225,183.24,0.01,0.013,0.01,32,
1986-01-25 03:55:34.962000+00:00,26860,16,385,1,-4.606,-0.26,1.096,4.742,4.742,13.368,183.235,0.014,0.009,0.007,32,
1986-01-25 03:55:36.882000+00:00,26860,16,417,1,-4.608,-0.263,1.098,4.744,4.744,13.377,183.271,0.007,0.009,0.013,32,
1986-01-25 03:55:38.802000+00:00,26860,16,449,1,-4.605,-0.267,1.079,4.737,4.737,13.164,183.324,0.01,0.014,0.007,32,
1986-01-25 03:55:40.722000+00:00,26860,16,481,1,-4.609,-0.263,1.085,4.742,4.742,13.227,183.264,0.013,0.009,0.009,32,
1986-01-25 03:55:42.642000+00:00,26860,16,513,1,-4.608,-0.263,1.087,4.742,4.742,13.249,183.27,0.009,0.013,0.013,32,
1986-01-25 03:55:44.562000+00:00,26860,16,545,1,-4.608,-0.264,1.088,4.742,4.742,13.268,183.275,0.007,0.011,0.008,32,
1986-01-25 03:55:46.482000+00:00,26860,16,577,1,-4.607,-0.272,1.087,4.741,4.741,13.25,183.38,0.013,0.007,0.01,32,
1986-01-25 03:55:48.402000+00:00,26860,16,609,1,-4.605,-0.277,1.084,4.738,4.738,13.222,183.437,0.008,0.008,0.013,32,
1986-01-25 03:55:50.322000+00:00,26860,16,641,1,-4.604,-0.267,1.089,4.739,4.739,13.288,183.322,0.009,0.01,0.007,32,
1986-01-25 03:55:52.242000+00:00,26860,16,673,1,-4.607,-0.265,1.097,4.743,4.743,13.367,183.296,0.014,0.008,0.007,32,
1986-01-25 03:55:54.162000+00:00,26860,16,705,1,-4.598,-0.264,1.089,4.733,4.733,13.307,183.283,0.008,0.01,0.014,32,
1986-01-25 03:55:56.082000+00:00,26860,16,737,1,-4.603,-0.269,1.089,4.737,4.737,13.295,183.345,0.007,0.01,0.007,32,
1986-01-25 03:55:58.002000+00:00,26860,16,769,1,-4.6,-0.269,1.091,4.736,4.736,13.324,183.347,0.013,0.008,0.01,32,
1986-01-25 03:55:59.922000+00:00,26860,17,1,1,-4.593,-0.275,1.086,4.728,4.728,13.276,183.43,0.013,0.007,0.011,32,
1986-01-25 03:56:01.842000+00:00,26860,17,33,1,-4.599,-0.27,1.099,4.736,4.736,13.412,183.354,0.007,0.014,0.009,32,
1986-01-25 03:56:03.762000+00:00,26860,17,65,1,-4.595,-0.264,1.087,4.729,4.729,13.289,183.283,0.012,0.016,0.008,32,
1986-01-25 03:56:05.682000+00:00,26860,17,97,1,-4.593,-0.266,1.085,4.727,4.727,13.275,183.317,0.014,0.008,0.008,32,
1986-01-25 03:56:07.602000+00:00,26860,17,129,1,-4.59,-0.264,1.089,4.725,4.725,13.326,183.29,0.005,0.009,0.013,32,
1986-01-25 03:56:09.522000+00:00,26860,17,161,1,-4.593,-0.266,1.086,4.727,4.727,13.282,183.32,0.01,0.012,0.008,32,
1986-01-25 03:56:11.442000+00:00,26860,17,193,1,-4.59,-0.278,1.077,4.723,4.723,13.185,183.461,0.014,0.007,0.009,32,
1986-01-25 03:56:13.362000+00:00,26860,17,225,1,-4.592,-0.271,1.082,4.726,4.726,13.234,183.373,0.008,0.007,0.009,32,
1986-01-25 03:56:15.282000+00:00,26860,17,257,1,-4.584,-0.262,1.084,4.718,4.718,13.282,183.274,0.012,0.014,0.007,32,
1986-01-25 03:56:17.202000+00:00,26860,17,289,1,-4.575,-0.268,1.072,4.706,4.707,13.161,183.358,0.011,0.009,0.008,32,
1986-01-25 03:56:19.122000+00:00,26860,17,321,1,-4.582,-0.261,1.074,4.714,4.714,13.175,183.262,0.005,0.008,0.015,32,
1986-01-25 03:56:21.042000+00:00,26860,17,353,1,-4.577,-0.263,1.067,4.707,4.707,13.099,183.292,0.011,0.012,0.009,32,
1986-01-25 03:56:22.962000+00:00,26860,17,385,1,-4.577,-0.272,1.07,4.708,4.708,13.131,183.403,0.01,0.006,0.01,32,
1986-01-25 03:56:24.882000+00:00,26860,17,417,1,-4.579,-0.272,1.078,4.712,4.712,13.221,183.403,0.009,0.009,0.014,32,
1986-01-25 03:56:26.802000+00:00,26860,17,449,1,-4.581,-0.263,1.084,4.715,4.715,13.289,183.281,0.013,0.013,0.007,32,
1986-01-25 03:56:28.722000+00:00,26860,17,481,1,-4.587,-0.267,1.084,4.72,4.72,13.272,183.334,0.01,0.008,0.008,32,
1986-01-25 03:56:30.642000+00:00,26860,17,513,1,-4.584,-0.271,1.084,4.719,4.719,13.283,183.382,0.009,0.013,0.011,32,
1986-01-25 03:56:32.562000+00:00,26860,17,545,1,-4.578,-0.268,1.085,4.713,4.713,13.31,183.345,0.01,0.009,0.008,32,
1986-01-25 03:56:34.482000+00:00,26860,17,577,1,-4.577,-0.264,1.088,4.712,4.712,13.355,183.299,0.014,0.007,0.01,32,
1986-01-25 03:56:36.402000+00:00,26860,17,609,1,-4.586,-0.27,1.089,4.721,4.721,13.33,183.368,0.008,0.012,0.013,32,
1986-01-25 03:56:38.322000+00:00,26860,17,641,1,-4.58,-0.268,1.084,4.714,4.714,13.29,183.352,0.01,0.01,0.008,32,
1986-01-25 03:56:40.242000+00:00,26860,17,673,1,-4.581,-0.272,1.077,4.714,4.714,13.209,183.4,0.012,0.007,0.01,32,
1986-01-25 03:56:42.162000+00:00,26860,17,705,1,-4.58,-0.267,1.082,4.714,4.714,13.268,183.334,0.007,0.009,0.012,32,
1986-01-25 03:56:44.082000+00:00,26860,17,737,1,-4.585,-0.27,1.084,4.72,4.72,13.28,183.374,0.008,0.013,0.009,32,
1986-01-25 03:56:46.002000+00:00,26860,17,769,1,-4.57,-0.262,1.08,4.703,4.703,13.281,183.28,0.011,0.006,0.01,32,
1986-01-25 03:56:47.922000+00:00,26860,18,1,1,-4.576,-0.256,1.075,4.708,4.708,13.204,183.204,0.016,0.008,0.009,32,
1986-01-25 03:56:49.842000+00:00,26860,18,33,1,-4.578,-0.261,1.074,4.71,4.71,13.179,183.261,0.008,0.01,0.015,32,
1986-01-25 03:56:51.762000+00:00,26860,18,65,1,-4.58,-0.263,1.078,4.712,4.712,13.227,183.281,0.012,0.012,0.008,32,
1986-01-25 03:56:53.682000+00:00,26860,18,97,1,-4.577,-0.257,1.088,4.712,4.712,13.346,183.217,0.01,0.007,0.007,32,
1986-01-25 03:56:55.602000+00:00,26860,18,129,1,-4.583,-0.26,1.083,4.717,4.717,13.28,183.249,0.01,0.011,0.011,32,
1986-01-25 03:56:57.522000+00:00,26860,18,161,1,-4.582,-0.259,1.086,4.716,4.716,13.313,183.24,0.012,0.013,0.01,32,
1986-01-25 03:56:59.442000+00:00,26860,18,193,1,-4.584,-0.254,1.089,4.718,4.718,13.349,183.17,0.012,0.009,0.012,32,
1986-01-25 03:57:01.362000+00:00,26860,18,225,1,-4.574,-0.25,1.087,4.708,4.708,13.348,183.131,0.007,0.009,0.013,32,
1986-01-25 03:57:03.282000+00:00,26860,18,257,1,-4.583,-0.26,1.078,4.715,4.715,13.216,183.243,0.012,0.011,0.009,32,
1986-01-25 03:57:05.202000+00:00,26860,18,289,1,-4.579,-0.268,1.075,4.711,4.711,13.195,183.344,0.013,0.009,0.011,32,
1986-01-25 03:57:07.122000+00:00,26860,18,321,1,-4.575,-0.249,1.081,4.708,4.708,13.28,183.115,0.006,0.008,0.012,32,
1986-01-25 03:57:09.042000+00:00,26860,18,353,1,-4.571,-0.255,1.076,4.703,4.703,13.231,183.192,0.01,0.01,0.008,32,
1986-01-25 03:57:10.962000+00:00,26860,18,385,1,-4.582,-0.258,1.074,4.714,4.714,13.167,183.218,0.017,0.009,0.013,32,
1986-01-25 03:57:12.882000+00:00,26860,18,417,1,-4.581,-0.249,1.079,4.713,4.713,13.23,183.11,0.009,0.007,0.013,32,
1986-01-25 03:57:14.802000+00:00,26860,18,449,1,-4.577,-0.256,1.084,4.711,4.711,13.308,183.202,0.012,0.008,0.008,32,
1986-01-25 03:57:16.722000+00:00,26860,18,481,1,-4.572,-0.259,1.079,4.705,4.705,13.262,183.247,0.015,0.009,0.01,32,
1986-01-25 03:57:18.642000+00:00,26860,18,513,1,-4.566,-0.262,1.07,4.697,4.697,13.171,183.279,0.009,0.012,0.012,32,
1986-01-25 03:57:20.562000+00:00,26860,18,545,1,-4.577,-0.252,1.081,4.71,4.71,13.272,183.157,0.012,0.009,0.009,32,
1986-01-25 03:57:22.482000+00:00,26860,18,577,1,-4.583,-0.257,1.075,4.715,4.715,13.182,183.21,0.012,0.008,0.011,32,
1986-01-25 03:57:24.402000+00:00,26860,18,609,1,-4.579,-0.259,1.076,4.71,4.71,13.201,183.232,0.007,0.01,0.011,32,
1986-01-25 03:57:26.322000+00:00,26860,18,641,1,-4.571,-0.254,1.074,4.702,4.702,13.206,183.185,0.009,0.014,0.011,32,
1986-01-25 03:57:28.242000+00:00,26860,18,673,1,-4.574,-0.26,1.072,4.705,4.705,13.169,183.26,0.008,0.009,0.009,32,
1986-01-25 03:57:30.162000+00:00,26860,18,705,1,-4.568,-0.252,1.063,4.696,4.696,13.083,183.153,0.006,0.007,0.014,32,
1986-01-25 03:57:32.082000+00:00,26860,18,737,1,-4.575,-0.252,1.059,4.703,4.703,13.018,183.158,0.009,0.014,0.006,32,
1986-01-25 03:57:34.002000+00:00,26860,18,769,1,-4.569,-0.246,1.062,4.698,4.698,13.071,183.082,0.011,0.008,0.012,32,
1986-01-25 03:57:35.922000+00:00,26860,19,1,1,-4.576,-0.241,1.06,4.703,4.703,13.028,183.017,0.013,0.009,0.006,32,
1986-01-25 03:57:37.842000+00:00,26860,19,33,1,-4.582,-0.243,1.068,4.711,4.711,13.108,183.03,0.009,0.012,0.014,32,
1986-01-25 03:57:39.762000+00:00,26860,19,65,1,-4.571,-0.241,1.067,4.7,4.7,13.126,183.015,0.01,0.012,0.01,32,
1986-01-25 03:57:41.682000+00:00,26860,19,97,1,-4.571,-0.239,1.068,4.7,4.7,13.128,182.988,0.011,0.009,0.01,32,
1986-01-25 03:57:43.602000+00:00,26860,19,129,1,-4.572,-0.247,1.062,4.7,4.7,13.06,183.098,0.008,0.009,0.011,32,
1986-01-25 03:57:45.522000+00:00,26860,19,161,1,-4.578,-0.251,1.061,4.706,4.706,13.032,183.136,0.01,0.012,0.009,32,
1986-01-25 03:57:47.442000+00:00,26860,19,193,1,-4.576,-0.25,1.051,4.701,4.701,12.921,183.13,0.015,0.009,0.009,32,
1986-01-25 03:57:49.362000+00:00,26860,19,225,1,-4.572,-0.259,1.052,4.698,4.698,12.943,183.245,0.009,0.01,0.015,32,
1986-01-25 03:57:51.282000+00:00,26860,19,257,1,-4.584,-0.25,1.063,4.713,4.713,13.04,183.116,0.012,0.011,0.006,32,
1986-01-25 03:57:53.202000+00:00,26860,19,289,1,-4.572,-0.251,1.066,4.701,4.701,13.11,183.148,0.013,0.009,0.013,32,
1986-01-25 03:57:55.122000+00:00,26860,19,321,1,-4.56,-0.25,1.06,4.689,4.689,13.066,183.132,0.008,0.009,0.013,32,
1986-01-25 03:57:57.042000+00:00,26860,19,353,1,-4.569,-0.244,1.064,4.697,4.697,13.096,183.054,0.012,0.015,0.008,32,
1986-01-25 03:57:58.962000+00:00,26860,19,385,1,-4.565,-0.252,1.066,4.695,4.695,13.127,183.158,0.012,0.009,0.008,32,
1986-01-25 03:58:00.882000+00:00,26860,19,417,1,-4.575,-0.241,1.072,4.705,4.705,13.168,183.011,0.007,0.011,0.015,32,
1986-01-25 03:58:02.802000+00:00,26860,19,449,1,-4.575,-0.229,1.072,4.704,4.704,13.169,182.871,0.011,0.01,0.01,32,
1986-01-25 03:58:04.722000+00:00,26860,19,481,1,-4.571,-0.238,1.065,4.7,4.7,13.099,182.98,0.011,0.01,0.012,32,
1986-01-25 03:58:06.642000+00:00,26860,19,513,1,-4.574,-0.235,1.06,4.701,4.701,13.035,182.944,0.009,0.013,0.014,32,
1986-01-25 03:58:08.562000+00:00,26860,19,545,1,-4.57,-0.234,1.059,4.697,4.697,13.032,182.934,0.011,0.012,0.01,32,
1986-01-25 03:58:10.482000+00:00,26860,19,577,1,-4.583,-0.233,1.059,4.71,4.71,12.995,182.907,0.012,0.009,0.007,32,
1986-01-25 03:58:12.402000+00:00,26860,19,609,1,-4.572,-0.244,1.063,4.7,4.7,13.066,183.052,0.01,0.009,0.013,32,
1986-01-25 03:58:14.322000+00:00,26860,19,641,1,-4.561,-0.254,1.054,4.688,4.688,12.998,183.188,0.01,0.013,0.009,32,
1986-01-25 03:58:16.242000+00:00,26860,19,673,1,-4.56,-0.24,1.057,4.687,4.687,13.03,183.019,0.019,0.012,0.009,32,
1986-01-25 03:58:18.162000+00:00,26860,19,705,1,-4.563,-0.243,1.055,4.69,4.69,13.005,183.045,0.007,0.012,0.014,32,
1986-01-25 03:58:20.082000+00:00,26860,19,737,1,-4.561,-0.238,1.062,4.689,4.689,13.088,182.986,0.012,0.008,0.009,32,
1986-01-25 03:58:22.002000+00:00,26860,19,769,1,-4.56,-0.245,1.067,4.689,4.689,13.158,183.076,0.009,0.01,0.011,32,
1986-01-25 03:58:23.921000+00:00,26860,20,1,1,-4.554,-0.241,1.063,4.683,4.683,13.12,183.029,0.01,0.01,0.01,32,
1986-01-25 03:58:25.841000+00:00,26860,20,33,1,-4.562,-0.237,1.072,4.692,4.692,13.212,182.98,0.008,0.009,0.012,32,
1986-01-25 03:58:27.761000+00:00,26860,20,65,1,-4.559,-0.24,1.069,4.689,4.689,13.182,183.016,0.009,0.011,0.009,32,
1986-01-25 03:58:29.681000+00:00,26860,20,97,1,-4.552,-0.244,1.073,4.683,4.683,13.242,183.062,0.01,0.01,0.008,32,
1986-01-25 03:58:31.601000+00:00,26860,20,129,1,-4.55,-0.244,1.065,4.679,4.679,13.155,183.076,0.008,0.012,0.014,32,
1986-01-25 03:58:33.521000+00:00,26860,20,161,1,-4.551,-0.235,1.067,4.68,4.68,13.176,182.958,0.01,0.01,0.009,32,
1986-01-25 03:58:35.441000+00:00,26860,20,193,1,-4.56,-0.233,1.077,4.691,4.691,13.267,182.922,0.012,0.009,0.01,32,
1986-01-25 03:58:37.361000+00:00,26860,20,225,1,-4.548,-0.236,1.068,4.677,4.677,13.194,182.965,0.01,0.011,0.012,32,
1986-01-25 03:58:39.281000+00:00,26860,20,257,1,-4.56,-0.235,1.063,4.688,4.688,13.105,182.953,0.012,0.011,0.01,32,
1986-01-25 03:58:41.201000+00:00,26860,20,289,1,-4.556,-0.243,1.067,4.686,4.686,13.164,183.059,0.015,0.008,0.011,32,
1986-01-25 03:58:43.121000+00:00,26860,20,321,1,-4.549,-0.243,1.07,4.68,4.68,13.219,183.056,0.007,0.011,0.011,32,
1986-01-25 03:58:45.041000+00:00,26860,20,353,1,-4.548,-0.242,1.062,4.677,4.677,13.129,183.044,0.01,0.013,0.01,32,
1986-01-25 03:58:46.961000+00:00,26860,20,385,1,-4.55,-0.239,1.063,4.679,4.679,13.136,183.001,0.012,0.009,0.01,32,
1986-01-25 03:58:48.881000+00:00,26860,20,417,1,-4.548,-0.239,1.068,4.678,4.678,13.197,183.007,0.008,0.01,0.009,32,
1986-01-25 03:58:50.801000+00:00,26860,20,449,1,-4.552,-0.239,1.076,4.684,4.684,13.282,183.002,0.008,0.011,0.011,32,
1986-01-25 03:58:52.721000+00:00,26860,20,481,1,-4.549,-0.228,1.059,4.676,4.677,13.094,182.868,0.014,0.01,0.012,32,
1986-01-25 03:58:54.641000+00:00,26860,20,513,1,-4.548,-0.24,1.074,4.679,4.679,13.27,183.016,0.009,0.009,0.012,32,
1986-01-25 03:58:56.561000+00:00,26860,20,545,1,-4.552,-0.227,1.076,4.683,4.683,13.279,182.86,0.011,0.009,0.009,32,
1986-01-25 03:58:58.481000+00:00,26860,20,577,1,-4.544,-0.24,1.067,4.674,4.674,13.197,183.025,0.009,0.008,0.01,32,
1986-01-25 03:59:00.401000+00:00,26860,20,609,1,-4.548,-0.24,1.071,4.678,4.678,13.235,183.024,0.014,0.009,0.01,32,
1986-01-25 03:59:02.321000+00:00,26860,20,641,1,-4.545,-0.231,1.08,4.677,4.677,13.354,182.91,0.01,0.011,0.01,32,
1986-01-25 03:59:04.241000+00:00,26860,20,673,1,-4.541,-0.226,1.072,4.671,4.671,13.27,182.848,0.014,0.01,0.008,32,
1986-01-25 03:59:06.161000+00:00,26860,20,705,1,-4.542,-0.227,1.063,4.671,4.671,13.157,182.857,0.009,0.009,0.01,32,
1986-01-25 03:59:08.081000+00:00,26860,20,737,1,-4.532,-0.223,1.068,4.662,4.662,13.245,182.823,0.012,0.012,0.008,32,
1986-01-25 03:59:10.001000+00:00,26860,20,769,1,-4.54,-0.245,1.058,4.668,4.668,13.099,183.092,0.012,0.008,0.009,32,
1986-01-25 03:59:11.921000+00:00,26860,21,1,1,-4.525,-0.242,1.053,4.653,4.653,13.085,183.064,0.013,0.01,0.008,32,
1986-01-25 03:59:13.841000+00:00,26860,21,33,1,-4.525,-0.237,1.056,4.652,4.653,13.119,182.993,0.011,0.012,0.013,32,
1986-01-25 03:59:15.761000+00:00,26860,21,65,1,-4.525,-0.241,1.047,4.651,4.651,13.015,183.052,0.006,0.012,0.008,32,
1986-01-25 03:59:17.681000+00:00,26860,21,97,1,-4.539,-0.244,1.057,4.667,4.667,13.09,183.077,0.013,0.008,0.009,32,
1986-01-25 03:59:19.601000+00:00,26860,21,129,1,-4.539,-0.24,1.055,4.666,4.666,13.07,183.024,0.008,0.008,0.012,32,
1986-01-25 03:59:21.521000+00:00,26860,21,161,1,-4.539,-0.236,1.064,4.668,4.668,13.174,182.982,0.006,0.012,0.01,32,
1986-01-25 03:59:23.441000+00:00,26860,21,193,1,-4.528,-0.238,1.058,4.656,4.656,13.139,183.008,0.015,0.009,0.007,32,
1986-01-25 03:59:25.361000+00:00,26860,21,225,1,-4.534,-0.245,1.056,4.662,4.662,13.087,183.098,0.011,0.011,0.013,32,
1986-01-25 03:59:27.281000+00:00,26860,21,257,1,-4.537,-0.244,1.058,4.665,4.665,13.109,183.081,0.011,0.012,0.009,32,
1986-01-25 03:59:29.201000+00:00,26860,21,289,1,-4.547,-0.238,1.07,4.677,4.677,13.221,182.996,0.013,0.008,0.01,32,
1986-01-25 03:59:31.121000+00:00,26860,21,321,1,-4.54,-0.238,1.073,4.671,4.671,13.275,183.002,0.01,0.008,0.014,32,
1986-01-25 03:59:33.041000+00:00,26860,21,353,1,-4.54,-0.239,1.064,4.669,4.669,13.178,183.009,0.011,0.012,0.009,32,
1986-01-25 03:59:34.961000+00:00,26860,21,385,1,-4.539,-0.233,1.059,4.667,4.667,13.121,182.934,0.012,0.009,0.01,32,
1986-01-25 03:59:36.881000+00:00,26860,21,417,1,-4.535,-0.218,1.068,4.664,4.664,13.242,182.751,0.009,0.008,0.011,32,
1986-01-25 03:59:38.801000+00:00,26860,21,449,1,-4.537,-0.226,1.061,4.665,4.665,13.144,182.856,0.008,0.009,0.008,32,
1986-01-25 03:59:40.721000+00:00,26860,21,481,1,-4.541,-0.226,1.069,4.671,4.671,13.226,182.845,0.011,0.009,0.01,32,
1986-01-25 03:59:42.641000+00:00,26860,21,513,1,-4.537,-0.234,1.073,4.668,4.668,13.292,182.955,0.008,0.009,0.009,32,
1986-01-25 03:59:44.561000+00:00,26860,21,545,1,-4.541,-0.227,1.07,4.671,4.671,13.247,182.865,0.008,0.014,0.009,32,
1986-01-25 03:59:46.481000+00:00,26860,21,577,1,-4.534,-0.226,1.062,4.662,4.662,13.166,182.856,0.017,0.009,0.009,32,
1986-01-25 03:59:48.401000+00:00,26860,21,609,1,-4.531,-0.228,1.072,4.662,4.662,13.301,182.879,0.008,0.01,0.014,32,
1986-01-25 03:59:50.321000+00:00,26860,21,641,1,-4.525,-0.24,1.053,4.652,4.652,13.079,183.04,0.011,0.01,0.008,32,
1986-01-25 03:59:52.241000+00:00,26860,21,673,1,-4.526,-0.241,1.057,4.654,4.654,13.132,183.043,0.012,0.009,0.011,32,
1986-01-25 03:59:54.161000+00:00,26860,21,705,1,-4.523,-0.246,1.048,4.649,4.649,13.032,183.108,0.009,0.009,0.012,32,
1986-01-25 03:59:56.081000+00:00,26860,21,737,1,-4.522,-0.237,1.052,4.649,4.649,13.083,183.005,0.009,0.01,0.009,32,
1986-01-25 03:59:58.001000+00:00,26860,21,769,1,-4.526,-0.236,1.049,4.652,4.652,13.026,182.981,0.012,0.006,0.01,32,
