1986-01-25T04:00:47.921Z,26860,23,  1,1,  -4.101,  -1.703,  -1.347,   4.640,   4.640, -16.873, 202.552,   0.005,   0.003,   0.003,  5,        
1986-01-25T04:01:35.921Z,26860,24,  1,1,  -4.090,  -1.718,  -1.345,   4.635,   4.635, -16.867, 202.787,   0.008,   0.004,   0.003,  5,        
1986-01-25T04:02:23.921Z,26860,25,  1,1,  -4.071,  -1.722,  -1.347,   4.620,   4.620, -16.944, 202.926,   0.007,   0.003,   0.004,  5,        
1986-01-25T04:03:11.921Z,26860,26,  1,1,  -4.061,  -1.717,  -1.334,   4.607,   4.607, -16.832, 202.921,   0.004,   0.002,   0.007,  5,        
1986-01-25T04:03:59.921Z,26860,27,  1,1,  -4.048,  -1.704,  -1.322,   4.587,   4.587, -16.753, 202.834,   0.003,   0.004,   0.005,  5,        
1986-01-25T04:04:47.921Z,26860,28,  1,1,  -4.022,  -1.708,  -1.316,   4.564,   4.564, -16.758, 203.008,   0.011,   0.005,   0.002,  5,        
1986-01-25T04:05:35.921Z,26860,29,  1,1,  -4.007,  -1.719,  -1.317,   4.554,   4.554, -16.804, 203.216,   0.004,   0.003,   0.003,  5,        
1986-01-25T04:06:23.921Z,26860,30,  1,1,  -3.993,  -1.711,  -1.307,   4.537,   4.537, -16.740, 203.198,   0.002,   0.004,   0.002,  5,        
1986-01-25T04:07:11.921Z,26860,31,  1,1,  -3.976,  -1.710,  -1.301,   4.519,   4.519, -16.726, 203.266,   0.008,   0.007,   0.003,  5,        
1986-01-25T04:07:59.921Z,26860,32,  1,1,  -3.957,  -1.693,  -1.294,   4.495,   4.495, -16.736, 203.167,   0.005,   0.006,   0.006,  5,        
1986-01-25T04:08:47.921Z,26860,33,  1,1,  -3.958,  -1.697,  -1.287,   4.494,   4.494, -16.642, 203.208,   0.007,   0.003,   0.006,  5,        
1986-01-25T04:09:35.921Z,26860,34,  1,1,  -3.950,  -1.701,  -1.279,   4.487,   4.487, -16.566, 203.297,   0.007,   0.004,   0.005,  5,        
1986-01-25T04:10:23.921Z,26860,35,  1,1,  -3.938,  -1.707,  -1.270,   4.476,   4.476, -16.490, 203.435,   0.004,   0.005,   0.008,  5,        
1986-01-25T04:11:11.921Z,26860,36,  1,1,  -3.926,  -1.713,  -1.275,   4.469,   4.469, -16.577, 203.571,   0.006,   0.006,   0.006,  5,        
1986-01-25T04:11:59.921Z,26860,37,  1,1,  -3.903,  -1.701,  -1.253,   4.439,   4.439, -16.404, 203.549,   0.006,   0.003,   0.011,  5,        
1986-01-25T04:12:47.921Z,26860,38,  1,1,  -3.883,  -1.705,  -1.254,   4.422,   4.422, -16.477, 203.708,   0.008,   0.003,   0.004,  5,        
1986-01-25T04:13:35.920Z,26860,39,  1,1,  -3.874,  -1.698,  -1.252,   4.411,   4.411, -16.493, 203.676,   0.003,   0.004,   0.002,  5,        
1986-01-25T04:14:23.920Z,26860,40,  1,1,  -3.853,  -1.704,  -1.246,   4.393,   4.393, -16.472, 203.853,   0.009,   0.006,   0.004,  5,        
1986-01-25T04:15:11.920Z,26860,41,  1,1,  -3.836,  -1.697,  -1.242,   4.374,   4.374, -16.497, 203.868,   0.009,   0.006,   0.005,  5,        
1986-01-25T04:15:59.920Z,26860,42,  1,1,  -3.817,  -1.701,  -1.239,   4.359,   4.359, -16.518, 204.014,   0.003,   0.007,   0.004,  5,        
1986-01-25T04:16:47.920Z,26860,43,  1,1,  -3.798,  -1.710,  -1.229,   4.343,   4.343, -16.437, 204.241,   0.006,   0.005,   0.006,  5,        
1986-01-25T04:17:35.920Z,26860,44,  1,1,  -3.789,  -1.701,  -1.217,   4.328,   4.328, -16.338, 204.173,   0.005,   0.004,   0.005,  5,        
1986-01-25T04:18:23.920Z,26860,45,  1,1,  -3.774,  -1.700,  -1.215,   4.314,   4.314, -16.365, 204.244,   0.008,   0.006,   0.004,  5,        
1986-01-25T04:19:11.920Z,26860,46,  1,1,  -3.763,  -1.699,  -1.214,   4.303,   4.303, -16.387, 204.300,   0.005,   0.004,   0.006,  5,        
1986-01-25T04:19:59.920Z,26860,47,  1,1,  -3.742,  -1.701,  -1.210,   4.285,   4.285, -16.410, 204.446,   0.005,   0.006,   0.007,  5,        
1986-01-25T04:20:47.920Z,26860,48,  1,1,  -3.732,  -1.697,  -1.205,   4.273,   4.273, -16.375, 204.445,   0.004,   0.004,   0.004,  5,        
1986-01-25T04:21:35.920Z,26860,49,  1,1,  -3.726,  -1.682,  -1.192,   4.258,   4.258, -16.253, 204.294,   0.003,   0.007,   0.006,  5,        
1986-01-25T04:22:23.920Z,26860,50,  1,1,  -3.716,  -1.676,  -1.178,   4.243,   4.243, -16.126, 204.283,   0.006,   0.004,   0.004,  5,        
1986-01-25T04:23:11.920Z,26860,51,  1,1,  -3.701,  -1.682,  -1.177,   4.232,   4.232, -16.141, 204.442,   0.004,   0.002,   0.004,  5,        
1986-01-25T04:23:59.920Z,26860,52,  1,1,  -3.681,  -1.682,  -1.181,   4.216,   4.216, -16.262, 204.552,   0.007,   0.005,   0.007,  5,        
1986-01-25T04:24:47.920Z,26860,53,  1,1,  -3.680,  -1.674,  -1.166,   4.208,   4.208, -16.082, 204.462,   0.004,   0.004,   0.004,  5,        
1986-01-25T04:25:35.920Z,26860,54,  1,1,  -3.668,  -1.674,  -1.157,   4.195,   4.195, -16.014, 204.526,   0.009,   0.004,   0.003,  5,        
1986-01-25T04:26:23.920Z,26860,55,  1,1,  -3.649,  -1.679,  -1.155,   4.180,   4.180, -16.036, 204.705,   0.007,   0.003,   0.006,  5,        
1986-01-25T04:27:11.920Z,26860,56,  1,1,  -3.643,  -1.681,  -1.147,   4.173,   4.173, -15.947, 204.774,   0.005,   0.002,   0.004,  5,        
1986-01-25T04:27:59.919Z,26860,57,  1,1,  -3.633,  -1.669,  -1.137,   4.157,   4.157, -15.873, 204.675,   0.006,   0.007,   0.008,  5,        
1986-01-25T04:28:47.919Z,26860,58,  1,1,  -3.609,  -1.670,  -1.129,   4.133,   4.133, -15.846, 204.836,   0.008,   0.004,   0.005,  5,        
1986-01-25T04:29:35.919Z,26860,59,  1,1,  -3.597,  -1.678,  -1.125,   4.125,   4.125, -15.820, 205.006,   0.005,   0.005,   0.003,  5,        
1986-01-25T04:30:23.919Z,26861, 0,  1,1,  -3.591,  -1.684,  -1.124,   4.122,   4.122, -15.821, 205.123,   0.002,   0.007,   0.003,  5,        
1986-01-25T04:31:11.919Z,26861, 1,  1,1,  -3.579,  -1.678,  -1.111,   4.106,   4.106, -15.693, 205.125,   0.006,   0.006,   0.008,  5,        
1986-01-25T04:31:59.919Z,26861, 2,  1,1,  -3.573,  -1.673,  -1.100,   4.096,   4.096, -15.579, 205.097,   0.002,   0.004,   0.004,  5,        
1986-01-25T04:32:47.919Z,26861, 3,  1,1,  -3.572,  -1.670,  -1.088,   4.091,   4.091, -15.418, 205.062,   0.004,   0.003,   0.005,  5,        
1986-01-25T04:33:35.919Z,26861, 4,  1,1,  -3.566,  -1.672,  -1.084,   4.085,   4.085, -15.392, 205.124,   0.003,   0.007,   0.004,  5,        
1986-01-25T04:34:23.919Z,26861, 5,  1,1,  -3.549,  -1.659,  -1.072,   4.062,   4.062, -15.308, 205.051,   0.003,   0.003,   0.003,  5,        
1986-01-25T04:35:11.919Z,26861, 6,  1,1,  -3.538,  -1.648,  -1.063,   4.045,   4.045, -15.232, 204.974,   0.005,   0.003,   0.003,  5,        
1986-01-25T04:35:59.919Z,26861, 7,  1,1,  -3.533,  -1.641,  -1.049,   4.034,   4.034, -15.068, 204.905,   0.003,   0.008,   0.011,  5,        
1986-01-25T04:36:47.919Z,26861, 8,  1,1,  -3.522,  -1.640,  -1.041,   4.022,   4.022, -15.003, 204.964,   0.009,   0.003,   0.003,  5,        
1986-01-25T04:37:35.919Z,26861, 9,  1,1,  -3.507,  -1.642,  -1.039,   4.009,   4.009, -15.014, 205.092,   0.006,   0.004,   0.004,  5,        
1986-01-25T04:38:23.919Z,26861,10,  1,1,  -3.503,  -1.637,  -1.041,   4.004,   4.004, -15.067, 205.053,   0.006,   0.005,   0.005,  5,        
1986-01-25T04:39:11.919Z,26861,11,  1,1,  -3.491,  -1.645,  -1.018,   3.991,   3.991, -14.773, 205.228,   0.007,   0.004,   0.009,  5,        
1986-01-25T04:39:59.919Z,26861,12,  1,1,  -3.473,  -1.643,  -1.012,   3.973,   3.973, -14.761, 205.316,   0.005,   0.003,   0.003,  5,        
1986-01-25T04:40:47.919Z,26861,13,  1,1,  -3.475,  -1.596,  -1.036,   3.962,   3.963, -15.163, 204.667,   0.008,   0.044,   0.058,  5,        
1986-01-25T04:41:35.919Z,26861,14,  1,1,  -3.467,  -1.615,  -0.987,   3.950,   3.950, -14.465, 204.975,   0.006,   0.007,   0.008,  5,        
1986-01-25T04:42:23.919Z,26861,15,  1,1,  -3.429,  -1.631,  -0.976,   3.921,   3.921, -14.415, 205.441,   0.008,   0.010,   0.002,  5,        
1986-01-25T04:43:11.918Z,26861,16,  1,1,  -3.416,  -1.599,  -0.987,   3.899,   3.899, -14.667, 205.083,   0.006,   0.004,   0.007,  5,        
1986-01-25T04:43:59.918Z,26861,17,  1,1,  -3.399,  -1.601,  -0.974,   3.881,   3.881, -14.539, 205.218,   0.007,   0.003,   0.004,  5,        
1986-01-25T04:44:47.918Z,26861,18,  1,1,  -3.388,  -1.593,  -0.956,   3.864,   3.864, -14.322, 205.179,   0.004,   0.007,   0.008,  5,        
1986-01-25T04:45:35.918Z,26861,19,  1,1,  -3.390,  -1.606,  -0.945,   3.868,   3.868, -14.140, 205.345,   0.004,   0.006,   0.004,  5,        
1986-01-25T04:46:23.918Z,26861,20,  1,1,  -3.388,  -1.607,  -0.948,   3.868,   3.868, -14.192, 205.378,   0.003,   0.002,   0.005,  5,        
1986-01-25T04:47:11.918Z,26861,21,  1,1,  -3.387,  -1.602,  -0.936,   3.862,   3.862, -14.027, 205.317,   0.002,   0.010,   0.011,  5,        
1986-01-25T04:47:59.918Z,26861,22,  1,1,  -3.374,  -1.606,  -0.923,   3.849,   3.849, -13.878, 205.461,   0.004,   0.004,   0.005,  5,        
1986-01-25T04:48:47.918Z,26861,23,  1,1,  -3.367,  -1.597,  -0.916,   3.837,   3.837, -13.818, 205.371,   0.007,   0.006,   0.003,  5,        
1986-01-25T04:49:35.918Z,26861,24,  1,1,  -3.342,  -1.609,  -0.907,   3.819,   3.819, -13.736, 205.708,   0.008,   0.002,   0.003,  5,        
1986-01-25T04:50:23.918Z,26861,25,  1,1,  -3.329,  -1.598,  -0.898,   3.800,   3.800, -13.663, 205.649,   0.003,   0.003,   0.005,  5,        
1986-01-25T04:51:11.918Z,26861,26,  1,1,  -3.315,  -1.594,  -0.883,   3.783,   3.783, -13.507, 205.674,   0.003,   0.004,   0.004,  5,        
1986-01-25T04:51:59.918Z,26861,27,  1,1,  -3.304,  -1.577,  -0.875,   3.764,   3.764, -13.447, 205.511,   0.006,   0.003,   0.006,  5,        
1986-01-25T04:52:47.918Z,26861,28,  1,1,  -3.285,  -1.573,  -0.863,   3.743,   3.743, -13.325, 205.592,   0.006,   0.006,   0.007,  5,        
1986-01-25T04:53:35.918Z,26861,29,  1,1,  -3.277,  -1.560,  -0.864,   3.731,   3.731, -13.385, 205.451,   0.005,   0.003,   0.007,  5,        
1986-01-25T04:54:23.918Z,26861,30,  1,1,  -3.269,  -1.570,  -0.837,   3.722,   3.722, -13.003, 205.653,   0.005,   0.005,   0.005,  5,        
1986-01-25T04:55:11.918Z,26861,31,  1,1,  -3.253,  -1.571,  -0.832,   3.707,   3.707, -12.963, 205.771,   0.002,   0.003,   0.009,  5,        
1986-01-25T04:55:59.918Z,26861,32,  1,1,  -3.239,  -1.570,  -0.818,   3.691,   3.691, -12.803, 205.854,   0.006,   0.008,   0.004,  5,        
1986-01-25T04:56:47.918Z,26861,33,  1,1,  -3.228,  -1.560,  -0.800,   3.674,   3.674, -12.581, 205.788,   0.007,   0.003,   0.009,  5,        
1986-01-25T04:57:35.918Z,26861,34,  1,1,  -3.212,  -1.557,  -0.791,   3.656,   3.656, -12.493, 205.865,   0.005,   0.008,   0.004,  5,        
1986-01-25T04:58:23.917Z,26861,35,  1,1,  -3.198,  -1.552,  -0.789,   3.641,   3.641, -12.514, 205.888,   0.008,   0.006,   0.006,  5,        
1986-01-25T04:59:11.917Z,26861,36,  1,1,  -3.190,  -1.550,  -0.775,   3.630,   3.630, -12.325, 205.911,   0.005,   0.011,   0.006,  5,        
1986-01-25T04:59:59.917Z,26861,37,  1,1,  -3.169,  -1.544,  -0.769,   3.608,   3.608, -12.309, 205.973,   0.005,   0.004,   0.006,  5,        
1986-01-25T05:00:47.917Z,26861,38,  1,1,  -3.165,  -1.536,  -0.759,   3.599,   3.599, -12.177, 205.893,   0.003,   0.004,   0.004,  5,        
1986-01-25T05:01:35.917Z,26861,39,  1,1,  -3.165,  -1.526,  -0.756,   3.594,   3.595, -12.149, 205.736,   0.009,   0.007,   0.003,  5,        
1986-01-25T05:02:23.917Z,26861,40,  1,1,  -3.141,  -1.529,  -0.758,   3.575,   3.575, -12.243, 205.953,   0.009,   0.003,   0.004,  5,        
1986-01-25T05:03:11.917Z,26861,41,  1,1,  -3.113,  -1.527,  -0.746,   3.547,   3.547, -12.145, 206.129,   0.009,   0.001,   0.011,  5,        
1986-01-25T05:03:59.917Z,26861,42,  1,1,  -3.085,  -1.506,  -0.713,   3.506,   3.506, -11.730, 206.029,   0.012,   0.009,   0.008,  5,        
1986-01-25T05:04:47.917Z,26861,43,  1,1,  -3.040,  -1.487,  -0.689,   3.453,   3.453, -11.510, 206.066,   0.007,   0.010,   0.006,  5,        
1986-01-25T05:05:35.917Z,26861,44,  1,1,  -2.977,  -1.463,  -0.668,   3.384,   3.384, -11.388, 206.161,   0.029,   0.009,   0.016,  5,        
1986-01-25T05:06:23.917Z,26861,45,  1,1,  -2.926,  -1.425,  -0.674,   3.323,   3.324, -11.706, 205.960,   0.013,   0.019,   0.011,  5,        
1986-01-25T05:07:11.917Z,26861,46,  1,1,  -2.869,  -1.393,  -0.641,   3.253,   3.253, -11.362, 205.894,   0.024,   0.008,   0.022,  5,        
1986-01-25T05:07:59.917Z,26861,47,  1,1,  -2.817,  -1.420,  -0.581,   3.208,   3.208, -10.440, 206.753,   0.005,   0.006,   0.006,  5,        
1986-01-25T05:08:47.917Z,26861,48,  1,1,  -2.802,  -1.390,  -0.610,   3.187,   3.187, -11.035, 206.396,   0.014,   0.014,   0.008,  5,        
1986-01-25T05:09:35.917Z,26861,49,  1,1,  -2.815,  -1.338,  -0.607,   3.176,   3.176, -11.019, 205.417,   0.012,   0.010,   0.011,  5,        
1986-01-25T05:10:23.917Z,26861,50,  1,1,  -2.782,  -1.334,  -0.589,   3.141,   3.141, -10.811, 205.627,   0.008,   0.018,   0.008,  5,        
1986-01-25T05:11:11.917Z,26861,51,  1,1,  -2.748,  -1.338,  -0.594,   3.113,   3.113, -10.996, 205.954,   0.019,   0.008,   0.018,  5,        
1986-01-25T05:11:59.917Z,26861,52,  1,1,  -2.697,  -1.298,  -0.591,   3.050,   3.050, -11.165, 205.694,   0.014,   0.011,   0.016,  5,        
1986-01-25T05:12:47.917Z,26861,53,  1,1,  -2.681,  -1.258,  -0.532,   3.009,   3.009, -10.193, 205.136,   0.011,   0.026,   0.005,  5,        
1986-01-25T05:13:35.916Z,26861,54,  1,1,  -2.625,  -1.256,  -0.571,   2.965,   2.965, -11.096, 205.581,   0.013,   0.013,   0.022,  5,        
1986-01-25T05:14:23.916Z,26861,55,  1,1,  -2.619,  -1.264,  -0.584,   2.966,   2.966, -11.347, 205.763,   0.005,   0.012,   0.013,  5,        
1986-01-25T05:15:11.916Z,26861,56,  1,1,  -2.605,  -1.280,  -0.511,   2.947,   2.947,  -9.991, 206.170,   0.008,   0.006,   0.019,  5,        
1986-01-25T05:15:59.916Z,26861,57,  1,1,  -2.617,  -1.287,  -0.526,   2.963,   2.963, -10.225, 206.183,   0.012,   0.008,   0.013,  5,        
1986-01-25T05:16:47.916Z,26861,58,  1,1,  -2.636,  -1.296,  -0.514,   2.982,   2.983,  -9.925, 206.186,   0.006,   0.011,   0.010,  5,        
1986-01-25T05:17:35.916Z,26861,59,  1,1,  -2.630,  -1.337,  -0.481,   2.989,   2.989,  -9.250, 206.941,   0.009,   0.017,   0.013,  5,        
1986-01-25T05:18:23.916Z,26862, 0,  1,1,  -2.584,  -1.320,  -0.493,   2.943,   2.943,  -9.645, 207.061,   0.008,   0.012,   0.015,  5,        
1986-01-25T05:19:11.916Z,26862, 1,  1,1,  -2.587,  -1.284,  -0.531,   2.936,   2.937, -10.418, 206.390,   0.013,   0.016,   0.019,  5,        
1986-01-25T05:19:59.916Z,26862, 2,  1,1,  -2.584,  -1.243,  -0.558,   2.921,   2.921, -11.005, 205.678,   0.005,   0.009,   0.011,  5,        
1986-01-25T05:20:47.916Z,26862, 3,  1,1,  -2.555,  -1.279,  -0.519,   2.904,   2.904, -10.304, 206.587,   0.005,   0.007,   0.011,  5,        
1986-01-25T05:21:35.916Z,26862, 4,  1,1,  -2.552,  -1.249,  -0.511,   2.887,   2.887, -10.198, 206.080,   0.010,   0.018,   0.009,  5,        
1986-01-25T05:23:59.916Z,26862, 7,  1,1,  -2.370,  -1.244,  -0.472,   2.718,   2.718, -10.005, 207.706,   0.042,   0.013,   0.013,  5,        
1986-01-25T05:24:47.916Z,26862, 8,  1,1,  -2.349,  -1.217,  -0.512,   2.695,   2.695, -10.952, 207.393,   0.010,   0.030,   0.014,  5,        
1986-01-25T05:25:35.916Z,26862, 9,  1,1,  -2.328,  -1.131,  -0.484,   2.633,   2.633, -10.596, 205.924,   0.006,   0.022,   0.011,  5,        
1986-01-25T05:26:23.916Z,26862,10,  1,1,  -2.310,  -1.091,  -0.477,   2.599,   2.599, -10.567, 205.290,   0.009,   0.013,   0.006,  5,        
1986-01-25T05:27:11.916Z,26862,11,  1,1,  -2.276,  -1.046,  -0.484,   2.552,   2.552, -10.936, 204.686,   0.013,   0.014,   0.007,  5,        
1986-01-25T05:27:59.916Z,26862,12,  1,1,  -2.244,  -1.019,  -0.478,   2.510,   2.510, -10.970, 204.412,   0.008,   0.003,   0.007,  5,        
1986-01-25T05:28:47.915Z,26862,13,  1,1,  -2.199,  -1.037,  -0.443,   2.472,   2.472, -10.326, 205.247,   0.009,   0.003,   0.002,  5,        
1986-01-25T05:29:35.915Z,26862,14,  1,1,  -2.161,  -1.015,  -0.445,   2.428,   2.428, -10.557, 205.173,   0.011,   0.008,   0.001,  5,        
1986-01-25T05:30:23.915Z,26862,15,  1,1,  -2.149,  -0.997,  -0.445,   2.411,   2.411, -10.640, 204.878,   0.008,   0.004,   0.004,  5,        
1986-01-25T05:31:11.915Z,26862,16,  1,1,  -2.137,  -1.002,  -0.434,   2.400,   2.400, -10.420, 205.124,   0.004,   0.005,   0.003,  5,        
1986-01-25T05:31:59.915Z,26862,17,  1,1,  -2.138,  -1.024,  -0.419,   2.408,   2.408, -10.029, 205.596,   0.006,   0.009,   0.005,  5,        
1986-01-25T05:32:47.915Z,26862,18,  1,1,  -2.131,  -1.044,  -0.398,   2.406,   2.406,  -9.524, 206.097,   0.004,   0.007,   0.006,  5,        
1986-01-25T05:33:35.915Z,26862,19,  1,1,  -2.126,  -1.052,  -0.402,   2.405,   2.405,  -9.610, 206.330,   0.005,   0.004,   0.007,  5,        
1986-01-25T05:34:23.915Z,26862,20,  1,1,  -2.136,  -1.050,  -0.407,   2.415,   2.415,  -9.707, 206.179,   0.005,   0.007,   0.002,  5,        
1986-01-25T05:35:11.915Z,26862,21,  1,1,  -2.142,  -1.057,  -0.402,   2.423,   2.423,  -9.560, 206.269,   0.003,   0.013,   0.007,  5,        
1986-01-25T05:35:59.915Z,26862,22,  1,1,  -2.122,  -1.065,  -0.389,   2.406,   2.406,  -9.303, 206.650,   0.007,   0.005,   0.006,  5,        
1986-01-25T05:36:47.915Z,26862,23,  1,1,  -2.113,  -1.057,  -0.392,   2.395,   2.395,  -9.419, 206.580,   0.006,   0.005,   0.008,  5,        
1986-01-25T05:37:35.915Z,26862,24,  1,1,  -2.139,  -1.037,  -0.401,   2.411,   2.411,  -9.578, 205.860,   0.005,   0.004,   0.005,  5,        
1986-01-25T05:38:23.915Z,26862,25,  1,1,  -2.085,  -1.012,  -0.400,   2.352,   2.352,  -9.787, 205.877,   0.019,   0.011,   0.004,  5,        
1986-01-25T05:39:11.915Z,26862,26,  1,1,  -2.030,  -0.992,  -0.398,   2.294,   2.294, -10.003, 206.044,   0.012,   0.006,   0.005,  5,        
1986-01-25T05:39:59.915Z,26862,27,  1,1,  -1.986,  -0.980,  -0.385,   2.248,   2.248,  -9.849, 206.258,   0.014,   0.005,   0.006,  5,        
1986-01-25T05:40:47.915Z,26862,28,  1,1,  -1.963,  -0.967,  -0.381,   2.221,   2.221,  -9.879, 206.216,   0.003,   0.008,   0.005,  5,        
1986-01-25T05:41:35.915Z,26862,29,  1,1,  -1.961,  -0.966,  -0.379,   2.219,   2.219,  -9.843, 206.231,   0.004,   0.005,   0.006,  5,        
1986-01-25T05:42:23.915Z,26862,30,  1,1,  -1.962,  -0.980,  -0.371,   2.225,   2.225,  -9.599, 206.536,   0.007,   0.004,   0.006,  5,        
1986-01-25T05:43:11.915Z,26862,31,  1,1,  -1.951,  -0.964,  -0.391,   2.211,   2.211, -10.175, 206.307,   0.003,   0.005,   0.008,  5,        
1986-01-25T05:43:59.914Z,26862,32,  1,1,  -1.962,  -0.962,  -0.403,   2.222,   2.222, -10.437, 206.124,   0.007,   0.003,   0.005,  5,        
1986-01-25T05:44:47.914Z,26862,33,  1,1,  -1.939,  -0.946,  -0.381,   2.191,   2.191, -10.014, 205.997,   0.010,   0.007,   0.010,  5,        
1986-01-25T05:45:35.914Z,26862,34,  1,1,  -1.901,  -0.941,  -0.363,   2.152,   2.152,  -9.709, 206.325,   0.010,   0.005,   0.001,  5,        
1986-01-25T05:46:23.914Z,26862,35,  1,1,  -1.870,  -0.949,  -0.364,   2.128,   2.129,  -9.850, 206.909,   0.003,   0.007,   0.005,  5,        
1986-01-25T05:47:11.914Z,26862,36,  1,1,  -1.865,  -0.945,  -0.378,   2.125,   2.125, -10.247, 206.860,   0.002,   0.008,   0.003,  5,        
1986-01-25T05:47:59.914Z,26862,37,  1,1,  -1.860,  -0.926,  -0.380,   2.112,   2.112, -10.358, 206.463,   0.004,   0.004,   0.005,  5,        
1986-01-25T05:48:47.914Z,26862,38,  1,1,  -1.853,  -0.933,  -0.368,   2.107,   2.107, -10.062, 206.717,   0.008,   0.002,   0.005,  5,        
1986-01-25T05:49:35.914Z,26862,39,  1,1,  -1.854,  -0.935,  -0.374,   2.110,   2.110, -10.221, 206.757,   0.004,   0.001,   0.002,  5,        
1986-01-25T05:50:23.914Z,26862,40,  1,1,  -1.857,  -0.934,  -0.380,   2.113,   2.113, -10.354, 206.702,   0.003,   0.002,   0.004,  5,        
1986-01-25T05:51:11.914Z,26862,41,  1,1,  -1.856,  -0.924,  -0.379,   2.107,   2.107, -10.349, 206.456,   0.003,   0.005,   0.003,  5,        
1986-01-25T05:51:59.914Z,26862,42,  1,1,  -1.838,  -0.917,  -0.388,   2.091,   2.091, -10.695, 206.511,   0.007,   0.002,   0.005,  5,        
1986-01-25T05:52:47.914Z,26862,43,  1,1,  -1.821,  -0.925,  -0.384,   2.078,   2.078, -10.653, 206.930,   0.008,   0.004,   0.004,  5,        
1986-01-25T05:53:35.914Z,26862,44,  1,1,  -1.796,  -0.928,  -0.370,   2.055,   2.055, -10.380, 207.327,   0.010,   0.005,   0.008,  5,        
1986-01-25T05:54:23.914Z,26862,45,  1,1,  -1.783,  -0.931,  -0.366,   2.044,   2.044, -10.323, 207.559,   0.006,   0.003,   0.002,  5,        
1986-01-25T05:55:11.914Z,26862,46,  1,1,  -1.762,  -0.928,  -0.370,   2.025,   2.025, -10.516, 207.779,   0.009,   0.005,   0.004,  5,        
1986-01-25T05:55:59.914Z,26862,47,  1,1,  -1.742,  -0.911,  -0.367,   2.000,   2.000, -10.561, 207.615,   0.007,   0.005,   0.006,  5,        
1986-01-25T05:56:47.914Z,26862,48,  1,1,  -1.728,  -0.906,  -0.365,   1.985,   1.985, -10.600, 207.667,   0.003,   0.004,   0.004,  5,        
1986-01-25T05:57:35.914Z,26862,49,  1,1,  -1.717,  -0.917,  -0.382,   1.983,   1.983, -11.113, 208.112,   0.008,   0.005,   0.007,  5,        
1986-01-25T05:58:23.914Z,26862,50,  1,1,  -1.699,  -0.920,  -0.402,   1.974,   1.974, -11.763, 208.441,   0.011,   0.004,   0.006,  5,        
1986-01-25T05:59:11.913Z,26862,51,  1,1,  -1.672,  -0.921,  -0.394,   1.949,   1.949, -11.672, 208.849,   0.006,   0.003,   0.005,  5,        
1986-01-25T05:59:59.913Z,26862,52,  1,1,  -1.654,  -0.925,  -0.378,   1.933,   1.933, -11.282, 209.221,   0.005,   0.005,   0.007,  5,        
1986-01-25T06:00:47.913Z,26862,53,  1,1,  -1.627,  -0.937,  -0.376,   1.914,   1.914, -11.312, 209.932,   0.008,   0.002,   0.004,  5,        
1986-01-25T06:01:35.913Z,26862,54,  1,1,  -1.623,  -0.933,  -0.383,   1.911,   1.911, -11.553, 209.900,   0.006,   0.009,   0.007,  5,        
1986-01-25T06:02:23.913Z,26862,55,  1,1,  -1.625,  -0.925,  -0.398,   1.912,   1.912, -12.021, 209.640,   0.007,   0.001,   0.008,  5,        
1986-01-25T06:03:11.913Z,26862,56,  1,1,  -1.611,  -0.931,  -0.422,   1.908,   1.908, -12.766, 210.032,   0.007,   0.007,   0.008,  5,        
1986-01-25T06:03:59.913Z,26862,57,  1,1,  -1.629,  -0.936,  -0.410,   1.923,   1.923, -12.318, 209.875,   0.008,   0.008,   0.008,  5,        
1986-01-25T06:04:47.913Z,26862,58,  1,1,  -1.638,  -0.950,  -0.397,   1.935,   1.935, -11.826, 210.099,   0.002,   0.003,   0.006,  5,        
1986-01-25T06:05:35.913Z,26862,59,  1,1,  -1.638,  -0.946,  -0.414,   1.936,   1.936, -12.331, 210.024,   0.003,   0.004,   0.005,  5,        
1986-01-25T06:06:23.913Z,26863, 0,  1,1,  -1.640,  -0.948,  -0.418,   1.940,   1.940, -12.456, 210.025,   0.004,   0.004,   0.003,  5,        
1986-01-25T06:07:11.913Z,26863, 1,  1,1,  -1.629,  -0.953,  -0.403,   1.930,   1.930, -12.040, 210.335,   0.006,   0.006,   0.005,  5,        
1986-01-25T06:07:59.913Z,26863, 2,  1,1,  -1.598,  -0.942,  -0.389,   1.895,   1.895, -11.845, 210.517,   0.006,   0.006,   0.009,  5,        
1986-01-25T06:08:47.913Z,26863, 3,  1,1,  -1.577,  -0.939,  -0.376,   1.873,   1.873, -11.583, 210.784,   0.019,   0.006,   0.004,  5,        
1986-01-25T06:09:35.913Z,26863, 4,  1,1,  -1.521,  -0.953,  -0.367,   1.832,   1.832, -11.547, 212.076,   0.009,   0.005,   0.006,  5,        
1986-01-25T06:10:23.913Z,26863, 5,  1,1,  -1.516,  -0.948,  -0.374,   1.827,   1.827, -11.828, 212.023,   0.003,   0.006,   0.002,  5,        
1986-01-25T06:11:11.913Z,26863, 6,  1,1,  -1.508,  -0.952,  -0.373,   1.822,   1.822, -11.819, 212.268,   0.004,   0.006,   0.003,  5,        
1986-01-25T06:11:59.913Z,26863, 7,  1,1,  -1.498,  -0.945,  -0.403,   1.816,   1.816, -12.804, 212.256,   0.011,   0.008,   0.006,  5,        
1986-01-25T06:12:47.913Z,26863, 8,  1,1,  -1.474,  -0.943,  -0.419,   1.800,   1.800, -13.469, 212.602,   0.010,   0.004,   0.011,  5,        
1986-01-25T06:13:35.913Z,26863, 9,  1,1,  -1.444,  -0.946,  -0.447,   1.783,   1.783, -14.527, 213.221,   0.017,   0.005,   0.007,  5,        
1986-01-25T06:14:23.912Z,26863,10,  1,1,  -1.417,  -0.926,  -0.443,   1.750,   1.750, -14.675, 213.176,   0.005,   0.010,   0.010,  5,        
1986-01-25T06:15:11.912Z,26863,11,  1,1,  -1.393,  -0.901,  -0.435,   1.715,   1.715, -14.700, 212.891,   0.010,   0.004,   0.009,  5,        
1986-01-25T06:15:59.912Z,26863,12,  1,1,  -1.353,  -0.897,  -0.425,   1.678,   1.678, -14.674, 213.560,   0.008,   0.006,   0.004,  5,        
1986-01-25T06:16:47.912Z,26863,13,  1,1,  -1.329,  -0.891,  -0.412,   1.653,   1.653, -14.453, 213.824,   0.010,   0.002,   0.006,  5,        
1986-01-25T06:17:35.912Z,26863,14,  1,1,  -1.307,  -0.885,  -0.405,   1.630,   1.630, -14.377, 214.106,   0.008,   0.004,   0.005,  5,        
1986-01-25T06:18:23.912Z,26863,15,  1,1,  -1.320,  -0.897,  -0.412,   1.649,   1.649, -14.469, 214.196,   0.009,   0.005,   0.004,  5,        
1986-01-25T06:19:11.912Z,26863,16,  1,1,  -1.287,  -0.875,  -0.399,   1.607,   1.607, -14.379, 214.220,   0.007,   0.008,   0.004,  5,        
1986-01-25T06:19:59.912Z,26863,17,  1,1,  -1.267,  -0.873,  -0.425,   1.596,   1.596, -15.431, 214.579,   0.012,   0.004,   0.007,  5,        
1986-01-25T06:20:47.912Z,26863,18,  1,1,  -1.227,  -0.876,  -0.417,   1.564,   1.564, -15.445, 215.508,   0.008,   0.006,   0.012,  5,        
1986-01-25T06:21:35.912Z,26863,19,  1,1,  -1.195,  -0.846,  -0.386,   1.514,   1.514, -14.754, 215.293,   0.015,   0.004,   0.003,  5,        
1986-01-25T06:22:23.912Z,26863,20,  1,1,  -1.160,  -0.842,  -0.374,   1.481,   1.481, -14.617, 215.990,   0.008,   0.004,   0.002,  5,        
1986-01-25T06:23:11.912Z,26863,21,  1,1,  -1.121,  -0.831,  -0.371,   1.444,   1.444, -14.902, 216.572,   0.008,   0.006,   0.006,  5,        
1986-01-25T06:23:59.912Z,26863,22,  1,1,  -1.090,  -0.823,  -0.370,   1.415,   1.415, -15.172, 217.054,   0.006,   0.008,   0.005,  5,        
1986-01-25T06:24:47.912Z,26863,23,  1,1,  -1.060,  -0.805,  -0.368,   1.381,   1.381, -15.469, 217.220,   0.011,   0.005,   0.003,  5,        
1986-01-25T06:25:35.912Z,26863,24,  1,1,  -1.000,  -0.787,  -0.356,   1.321,   1.321, -15.617, 218.221,   0.011,   0.009,   0.010,  5,        
1986-01-25T06:26:23.912Z,26863,25,  1,1,  -0.961,  -0.762,  -0.341,   1.273,   1.273, -15.529, 218.402,   0.016,   0.008,   0.003,  5,        
1986-01-25T06:27:11.912Z,26863,26,  1,1,  -0.909,  -0.751,  -0.346,   1.229,   1.229, -16.366, 219.547,   0.020,   0.004,   0.006,  5,        
1986-01-25T06:27:59.912Z,26863,27,  1,1,  -0.845,  -0.727,  -0.322,   1.160,   1.160, -16.101, 220.708,   0.016,   0.014,   0.009,  5,        
1986-01-25T06:28:47.911Z,26863,28,  1,1,  -0.789,  -0.692,  -0.295,   1.091,   1.091, -15.722, 221.236,   0.014,   0.013,   0.007,  5,        
1986-01-25T06:29:35.911Z,26863,29,  1,1,  -0.749,  -0.668,  -0.281,   1.042,   1.042, -15.635, 221.727,   0.011,   0.006,   0.005,  5,        
1986-01-25T06:30:23.911Z,26863,30,  1,1,  -0.706,  -0.663,  -0.284,   1.009,   1.009, -16.319, 223.199,   0.007,   0.005,   0.003,  5,        
1986-01-25T06:31:11.911Z,26863,31,  1,1,  -0.689,  -0.659,  -0.278,   0.993,   0.993, -16.265, 223.742,   0.008,   0.005,   0.002,  5,        
1986-01-25T06:31:59.911Z,26863,32,  1,1,  -0.664,  -0.645,  -0.274,   0.966,   0.966, -16.460, 224.193,   0.008,   0.003,   0.008,  5,        
1986-01-25T06:32:47.911Z,26863,33,  1,1,  -0.633,  -0.660,  -0.289,   0.959,   0.959, -17.520, 226.228,   0.006,   0.004,   0.004,  5,        
1986-01-25T06:33:35.911Z,26863,34,  1,1,  -0.619,  -0.650,  -0.275,   0.939,   0.939, -17.033, 226.421,   0.005,   0.005,   0.004,  5,        
1986-01-25T06:34:23.911Z,26863,35,  1,1,  -0.613,  -0.647,  -0.277,   0.933,   0.933, -17.233, 226.568,   0.009,   0.003,   0.007,  5,        
1986-01-25T06:35:11.911Z,26863,36,  1,1,  -0.585,  -0.651,  -0.283,   0.920,   0.920, -17.926, 228.083,   0.002,   0.007,   0.001,  2,TO      
1986-01-25T06:35:59.911Z,26863,37,  1,1,  -0.574,  -0.648,  -0.273,   0.908,   0.908, -17.495, 228.463,   0.003,   0.005,   0.008,  5,        
1986-01-25T06:36:47.911Z,26863,38,  1,1,  -0.568,  -0.650,  -0.271,   0.905,   0.905, -17.410, 228.857,   0.004,   0.007,   0.006,  5,        
1986-01-25T06:37:35.911Z,26863,39,  1,1,  -0.567,  -0.649,  -0.270,   0.902,   0.902, -17.397, 228.862,   0.005,   0.003,   0.005,  5,        
1986-01-25T06:38:23.911Z,26863,40,  1,1,  -0.544,  -0.651,  -0.269,   0.890,   0.890, -17.609, 230.090,   0.008,   0.003,   0.002,  5,        
1986-01-25T06:39:11.911Z,26863,41,  1,1,  -0.526,  -0.647,  -0.257,   0.872,   0.872, -17.104, 230.901,   0.004,   0.003,   0.006,  5,        
1986-01-25T06:39:59.911Z,26863,42,  1,1,  -0.525,  -0.655,  -0.245,   0.875,   0.875, -16.267, 231.303,   0.004,   0.002,   0.013,  5,        
1986-01-25T06:40:47.911Z,26863,43,  1,1,  -0.525,  -0.652,  -0.219,   0.865,   0.865, -14.678, 231.174,   0.005,   0.005,   0.003,  5,        
1986-01-25T06:41:35.911Z,26863,44,  1,1,  -0.511,  -0.652,  -0.219,   0.857,   0.857, -14.789, 231.902,   0.003,   0.002,   0.003,  5,        
1986-01-25T06:42:23.911Z,26863,45,  1,1,  -0.503,  -0.655,  -0.199,   0.850,   0.850, -13.558, 232.457,   0.004,   0.002,   0.008,  5,        
1986-01-25T06:43:11.911Z,26863,46,  1,1,  -0.490,  -0.655,  -0.186,   0.839,   0.839, -12.823, 233.191,   0.004,   0.002,   0.009,  5,        
1986-01-25T06:43:59.910Z,26863,47,  1,1,  -0.476,  -0.658,  -0.173,   0.830,   0.830, -12.028, 234.148,   0.007,   0.002,   0.004,  5,        
1986-01-25T06:44:47.910Z,26863,48,  1,1,  -0.478,  -0.668,  -0.156,   0.836,   0.836, -10.764, 234.452,   0.004,   0.003,   0.011,  5,        
1986-01-25T06:45:35.910Z,26863,49,  1,1,  -0.455,  -0.654,  -0.150,   0.810,   0.810, -10.665, 235.170,   0.006,   0.003,   0.011,  5,        
1986-01-25T06:46:23.910Z,26863,50,  1,1,  -0.435,  -0.658,  -0.133,   0.800,   0.800,  -9.589, 236.544,   0.004,   0.005,   0.003,  5,        
1986-01-25T06:47:11.910Z,26863,51,  1,1,  -0.412,  -0.675,  -0.121,   0.800,   0.800,  -8.737, 238.618,   0.006,   0.003,   0.006,  5,        
1986-01-25T06:47:59.910Z,26863,52,  1,1,  -0.400,  -0.692,  -0.109,   0.807,   0.807,  -7.733, 239.964,   0.004,   0.006,   0.002,  5,        
1986-01-25T06:48:47.910Z,26863,53,  1,1,  -0.362,  -0.718,  -0.099,   0.810,   0.811,  -7.012, 243.219,   0.013,   0.012,   0.005,  5,        
1986-01-25T06:49:35.910Z,26863,54,  1,1,  -0.321,  -0.736,  -0.077,   0.806,   0.806,  -5.508, 246.454,   0.011,   0.007,   0.010,  5,        
1986-01-25T06:50:23.910Z,26863,55,  1,1,  -0.295,  -0.740,  -0.067,   0.800,   0.800,  -4.836, 248.258,   0.007,   0.005,   0.007,  5,        
1986-01-25T06:51:11.910Z,26863,56,  1,1,  -0.282,  -0.735,  -0.049,   0.788,   0.788,  -3.578, 249.030,   0.008,   0.004,   0.008,  5,        
1986-01-25T06:51:59.910Z,26863,57,  1,1,  -0.261,  -0.748,  -0.026,   0.793,   0.793,  -1.867, 250.742,   0.012,   0.004,   0.004,  5,        
1986-01-25T06:52:47.910Z,26863,58,  1,1,  -0.214,  -0.751,  -0.015,   0.781,   0.781,  -1.109, 254.076,   0.019,   0.009,   0.006,  5,        
1986-01-25T06:53:35.910Z,26863,59,  1,1,  -0.161,  -0.748,  -0.007,   0.765,   0.765,  -0.489, 257.867,   0.014,   0.007,   0.004,  5,        
1986-01-25T06:54:23.910Z,26864, 0,  1,1,  -0.098,  -0.739,  -0.008,   0.746,   0.746,  -0.643, 262.485,   0.020,   0.014,   0.010,  5,        
1986-01-25T06:55:11.910Z,26864, 1,  1,1,  -0.032,  -0.766,   0.020,   0.767,   0.767,   1.519, 267.587,   0.019,   0.003,   0.011,  5,        
1986-01-25T06:55:59.910Z,26864, 2,  1,1,   0.026,  -0.752,   0.033,   0.753,   0.753,   2.509, 271.957,   0.013,   0.008,   0.007,  5,        
1986-01-25T06:56:47.910Z,26864, 3,  1,1,   0.074,  -0.736,   0.035,   0.741,   0.741,   2.674, 275.702,   0.013,   0.003,   0.003,  5,        
1986-01-25T06:57:35.910Z,26864, 4,  1,1,   0.127,  -0.756,   0.032,   0.767,   0.767,   2.398, 279.518,   0.017,   0.017,   0.005,  5,        
1986-01-25T06:58:23.910Z,26864, 5,  1,1,   0.184,  -0.749,   0.053,   0.773,   0.774,   3.965, 283.803,   0.021,   0.013,   0.004,  5,        
1986-01-25T06:59:11.909Z,26864, 6,  1,1,   0.226,  -0.754,   0.070,   0.791,   0.791,   5.085, 286.713,   0.006,   0.005,   0.006,  5,        
1986-01-25T06:59:59.909Z,26864, 7,  1,1,   0.247,  -0.763,   0.073,   0.805,   0.805,   5.189, 287.937,   0.017,   0.005,   0.005,  5,        
1986-01-25T07:00:47.909Z,26864, 8,  1,1,   0.285,  -0.746,   0.079,   0.802,   0.802,   5.680, 290.901,   0.011,   0.010,   0.001,  5,        
1986-01-25T07:01:35.909Z,26864, 9,  1,1,   0.319,  -0.738,   0.083,   0.808,   0.808,   5.866, 293.380,   0.009,   0.006,   0.003,  5,        
1986-01-25T07:02:23.909Z,26864,10,  1,1,   0.338,  -0.720,   0.086,   0.800,   0.800,   6.145, 295.174,   0.006,   0.022,   0.001,  5,        
1986-01-25T07:03:11.909Z,26864,11,  1,1,   0.367,  -0.665,   0.085,   0.764,   0.764,   6.356, 298.912,   0.021,   0.007,   0.007,  5,        
1986-01-25T07:03:59.909Z,26864,12,  1,1,   0.439,  -0.620,   0.064,   0.763,   0.763,   4.832, 305.293,   0.025,   0.018,   0.007,  5,        
1986-01-25T07:04:47.909Z,26864,13,  1,1,   0.500,  -0.597,   0.044,   0.780,   0.781,   3.235, 309.929,   0.013,   0.011,   0.005,  5,        
1986-01-25T07:05:35.909Z,26864,14,  1,1,   0.541,  -0.544,   0.024,   0.767,   0.767,   1.758, 314.851,   0.011,   0.013,   0.007,  5,        
1986-01-25T07:06:23.909Z,26864,15,  1,1,   0.567,  -0.505,   0.011,   0.759,   0.760,   0.847, 318.315,   0.009,   0.002,   0.004,  5,        
1986-01-25T07:07:11.909Z,26864,16,  1,1,   0.605,  -0.504,   0.032,   0.788,   0.788,   2.317, 320.219,   0.011,   0.005,   0.009,  4,        
1986-01-25T07:07:59.909Z,26864,17,  1,1,   0.625,  -0.496,   0.068,   0.801,   0.801,   4.880, 321.555,   0.005,   0.007,   0.002,  4,T       
1986-01-25T07:08:47.909Z,26864,18,  1,1,   0.650,  -0.481,   0.060,   0.811,   0.811,   4.225, 323.509,   0.010,   0.005,   0.003,  5,        
1986-01-25T07:09:35.909Z,26864,19,  1,1,   0.713,  -0.494,   0.073,   0.871,   0.871,   4.824, 325.315,   0.026,   0.008,   0.007,  5,        
1986-01-25T07:10:23.909Z,26864,20,  1,1,   0.771,  -0.494,   0.099,   0.921,   0.921,   6.185, 327.364,   0.016,   0.005,   0.009,  5,        
1986-01-25T07:11:11.909Z,26864,21,  1,1,   0.788,  -0.469,   0.128,   0.926,   0.926,   7.949, 329.234,   0.006,   0.010,   0.015,  5,        
1986-01-25T07:11:59.909Z,26864,22,  1,1,   0.792,  -0.436,   0.152,   0.917,   0.917,   9.532, 331.186,   0.005,   0.011,   0.010,  5,        
1986-01-25T07:12:47.909Z,26864,23,  1,1,   0.849,  -0.421,   0.122,   0.955,   0.955,   7.310, 333.598,   0.047,   0.011,   0.019,  5,        
1986-01-25T07:13:35.909Z,26864,24,  1,1,   1.030,  -0.463,   0.111,   1.135,   1.135,   5.591, 335.792,   0.047,   0.012,   0.012,  5,        
1986-01-25T07:14:23.908Z,26864,25,  1,1,   1.186,  -0.509,   0.063,   1.292,   1.292,   2.815, 336.792,   0.046,   0.014,   0.015,  5,        
1986-01-25T07:15:11.908Z,26864,26,  1,1,   1.301,  -0.513,   0.054,   1.399,   1.399,   2.225, 338.472,   0.013,   0.008,   0.015,  5,        
1986-01-25T07:15:59.908Z,26864,27,  1,1,   1.351,  -0.509,   0.061,   1.445,   1.445,   2.412, 339.364,   0.014,   0.009,   0.007,  5,        
1986-01-25T07:16:47.908Z,26864,28,  1,1,   1.431,  -0.468,   0.037,   1.506,   1.506,   1.421, 341.895,   0.031,   0.007,   0.012,  5,        
1986-01-25T07:17:35.908Z,26864,29,  1,1,   1.545,  -0.445,   0.060,   1.609,   1.609,   2.135, 343.933,   0.035,   0.012,   0.006,  5,        
1986-01-25T07:18:23.908Z,26864,30,  1,1,   1.690,  -0.467,   0.076,   1.755,   1.755,   2.490, 344.562,   0.026,   0.015,   0.014,  5,        
1986-01-25T07:19:11.908Z,26864,31,  1,1,   1.778,  -0.487,   0.100,   1.847,   1.847,   3.112, 344.683,   0.032,   0.006,   0.012,  5,        
1986-01-25T07:19:59.908Z,26864,32,  1,1,   1.851,  -0.453,   0.109,   1.908,   1.909,   3.275, 346.255,   0.010,   0.007,   0.010,  5,        
1986-01-25T07:20:47.908Z,26864,33,  1,1,   1.901,  -0.429,   0.123,   1.952,   1.953,   3.618, 347.293,   0.018,   0.009,   0.026,  5,        
1986-01-25T07:21:35.908Z,26864,34,  1,1,   1.954,  -0.455,   0.193,   2.015,   2.015,   5.487, 346.896,   0.020,   0.018,   0.011,  5,        
1986-01-25T07:22:23.908Z,26864,35,  1,1,   1.958,  -0.394,   0.144,   2.003,   2.003,   4.128, 348.637,   0.005,   0.023,   0.011,  5,        
1986-01-25T07:23:11.908Z,26864,36,  1,1,   1.934,  -0.364,   0.109,   1.971,   1.971,   3.177, 349.332,   0.003,   0.007,   0.011,  5,        
1986-01-25T07:23:59.908Z,26864,37,  1,1,   1.958,  -0.323,   0.069,   1.985,   1.986,   1.993, 350.636,   0.011,   0.030,   0.013,  5,        
1986-01-25T07:24:47.908Z,26864,38,  1,1,   1.957,  -0.267,   0.042,   1.976,   1.976,   1.218, 352.219,   0.004,   0.007,   0.006,  5,        
1986-01-25T07:25:35.908Z,26864,39,  1,1,   1.983,  -0.220,   0.050,   1.995,   1.995,   1.447, 353.670,   0.013,   0.013,   0.006,  5,        
1986-01-25T07:26:23.908Z,26864,40,  1,1,   2.043,  -0.211,   0.048,   2.054,   2.054,   1.349, 354.109,   0.023,   0.017,   0.005,  5,        
1986-01-25T07:27:11.908Z,26864,41,  1,1,   2.083,  -0.181,   0.045,   2.091,   2.091,   1.244, 355.024,   0.010,   0.006,   0.006,  5,        
1986-01-25T07:27:59.908Z,26864,42,  1,1,   2.129,  -0.160,   0.031,   2.135,   2.135,   0.830, 355.691,   0.016,   0.007,   0.002,  5,        
1986-01-25T07:28:47.908Z,26864,43,  1,1,   2.181,  -0.131,   0.040,   2.185,   2.185,   1.049, 356.562,   0.019,   0.006,   0.010,  5,        
1986-01-25T07:29:35.907Z,26864,44,  1,1,   2.264,  -0.092,   0.001,   2.266,   2.267,   0.030, 357.677,   0.021,   0.025,   0.028,  5,        
1986-01-25T07:30:23.907Z,26864,45,  1,1,   2.342,  -0.073,   0.007,   2.343,   2.343,   0.166, 358.209,   0.023,   0.006,   0.011,  5,        
1986-01-25T07:31:11.907Z,26864,46,  1,1,   2.424,  -0.045,  -0.010,   2.425,   2.425,  -0.245, 358.926,   0.021,   0.012,   0.016,  5,        
1986-01-25T07:31:59.907Z,26864,47,  1,1,   2.467,  -0.017,  -0.038,   2.467,   2.467,  -0.871, 359.597,   0.007,   0.010,   0.005,  5,        
1986-01-25T07:32:47.907Z,26864,48,  1,1,   2.500,  -0.025,  -0.033,   2.500,   2.500,  -0.746, 359.422,   0.011,   0.021,   0.009,  5,        
1986-01-25T07:33:35.907Z,26864,49,  1,1,   2.536,  -0.070,   0.036,   2.537,   2.537,   0.821, 358.417,   0.017,   0.013,   0.021,  5,        
1986-01-25T07:34:23.907Z,26864,50,  1,1,   2.593,  -0.054,  -0.023,   2.594,   2.594,  -0.515, 358.815,   0.004,   0.013,   0.004,  5,        
1986-01-25T07:35:11.907Z,26864,51,  1,1,   2.596,  -0.051,  -0.031,   2.597,   2.597,  -0.681, 358.864,   0.004,   0.002,   0.009,  5,        
1986-01-25T07:35:59.907Z,26864,52,  1,1,   2.601,  -0.054,  -0.014,   2.602,   2.602,  -0.302, 358.812,   0.001,   0.008,   0.006,  5,        
1986-01-25T07:36:47.907Z,26864,53,  1,1,   2.584,  -0.000,   0.006,   2.584,   2.584,   0.135, 359.992,   0.005,   0.014,   0.004,  5,        
1986-01-25T07:37:35.907Z,26864,54,  1,1,   2.556,  -0.003,  -0.024,   2.556,   2.556,  -0.544, 359.938,   0.012,   0.005,   0.010,  5,        
1986-01-25T07:38:23.907Z,26864,55,  1,1,   2.533,  -0.051,  -0.015,   2.534,   2.534,  -0.338, 358.839,   0.010,   0.007,   0.013,  5,        
1986-01-25T07:39:11.907Z,26864,56,  1,1,   2.560,  -0.044,  -0.066,   2.561,   2.561,  -1.485, 359.023,   0.004,   0.003,   0.005,  5,        
1986-01-25T07:39:59.907Z,26864,57,  1,1,   2.569,  -0.019,  -0.041,   2.569,   2.569,  -0.914, 359.575,   0.005,   0.034,   0.012,  5,        
1986-01-25T07:40:47.907Z,26864,58,  1,1,   2.568,   0.042,  -0.017,   2.568,   2.568,  -0.384,   0.926,   0.003,   0.007,   0.016,  5,        
1986-01-25T07:41:35.907Z,26864,59,  1,1,   2.593,   0.033,  -0.012,   2.593,   2.593,  -0.256,   0.738,   0.018,   0.004,   0.013,  5,        
1986-01-25T07:42:23.907Z,26865, 0,  1,1,   2.639,   0.002,   0.010,   2.639,   2.639,   0.208,   0.036,   0.008,   0.010,   0.011,  5,        
1986-01-25T07:43:11.907Z,26865, 1,  1,1,   2.658,  -0.002,   0.020,   2.658,   2.659,   0.422, 359.948,   0.005,   0.013,   0.005,  5,        
1986-01-25T07:43:59.907Z,26865, 2,  1,1,   2.661,   0.034,   0.014,   2.661,   2.661,   0.296,   0.729,   0.003,   0.008,   0.004,  5,        
1986-01-25T07:44:47.906Z,26865, 3,  1,1,   2.656,   0.042,   0.018,   2.656,   2.656,   0.386,   0.896,   0.004,   0.003,   0.009,  5,        
1986-01-25T07:45:35.906Z,26865, 4,  1,1,   2.653,   0.025,   0.027,   2.653,   2.653,   0.578,   0.534,   0.003,   0.007,   0.004,  5,        
1986-01-25T07:46:23.906Z,26865, 5,  1,1,   2.646,   0.009,   0.047,   2.647,   2.647,   1.010,   0.193,   0.004,   0.008,   0.013,  5,        
1986-01-25T07:47:11.906Z,26865, 6,  1,1,   2.644,  -0.008,   0.065,   2.645,   2.645,   1.404, 359.828,   0.005,   0.007,   0.007,  5,        
1986-01-25T07:47:59.906Z,26865, 7,  1,1,   2.640,  -0.009,   0.052,   2.641,   2.641,   1.127, 359.800,   0.006,   0.008,   0.005,  5,        
1986-01-25T07:48:47.906Z,26865, 8,  1,1,   2.640,   0.024,   0.026,   2.640,   2.640,   0.569,   0.512,   0.008,   0.006,   0.003,  5,        
1986-01-25T07:49:35.906Z,26865, 9,  1,1,   2.635,   0.001,   0.017,   2.635,   2.635,   0.367,   0.023,   0.006,   0.007,   0.009,  5,        
1986-01-25T07:50:23.906Z,26865,10,  1,1,   2.640,   0.013,   0.003,   2.640,   2.640,   0.071,   0.284,   0.003,   0.008,   0.005,  5,        
1986-01-25T07:51:11.906Z,26865,11,  1,1,   2.641,  -0.013,  -0.006,   2.641,   2.641,  -0.121, 359.716,   0.004,   0.011,   0.004,  5,        
1986-01-25T07:51:59.906Z,26865,12,  1,1,   2.632,  -0.021,  -0.002,   2.633,   2.633,  -0.034, 359.549,   0.006,   0.004,   0.006,  5,        
1986-01-25T07:52:47.906Z,26865,13,  1,1,   2.629,   0.012,  -0.006,   2.630,   2.630,  -0.121,   0.267,   0.002,   0.009,   0.006,  5,        
1986-01-25T07:53:35.906Z,26865,14,  1,1,   2.631,  -0.012,  -0.007,   2.631,   2.631,  -0.161, 359.738,   0.003,   0.009,   0.008,  5,        
1986-01-25T07:54:23.906Z,26865,15,  1,1,   2.630,   0.005,  -0.013,   2.630,   2.630,  -0.294,   0.098,   0.010,   0.005,   0.006,  5,        
1986-01-25T07:55:11.906Z,26865,16,  1,1,   2.610,  -0.024,   0.017,   2.610,   2.610,   0.379, 359.468,   0.003,   0.019,   0.020,  5,        
1986-01-25T07:55:59.906Z,26865,17,  1,1,   2.613,  -0.058,   0.032,   2.614,   2.614,   0.692, 358.720,   0.003,   0.007,   0.002,  5,        
1986-01-25T07:56:47.906Z,26865,18,  1,1,   2.622,   0.000,  -0.003,   2.622,   2.622,  -0.056,   0.007,   0.003,   0.025,   0.013,  5,        
1986-01-25T07:57:35.906Z,26865,19,  1,1,   2.625,  -0.025,   0.017,   2.625,   2.625,   0.373, 359.447,   0.007,   0.017,   0.013,  5, O      
1986-01-25T07:58:23.906Z,26865,20,  1,1,   2.646,  -0.054,   0.021,   2.647,   2.647,   0.459, 358.837,   0.003,   0.006,   0.005,  5,        
1986-01-25T07:59:11.906Z,26865,21,  1,1,   2.646,  -0.064,   0.035,   2.647,   2.647,   0.766, 358.604,   0.004,   0.005,   0.010,  5,        
1986-01-25T07:59:59.905Z,26865,22,  1,1,   2.645,  -0.061,   0.036,   2.646,   2.646,   0.780, 358.688,   0.006,   0.007,   0.005,  5,        
1986-01-25T08:00:47.905Z,26865,23,  1,1,   2.643,  -0.060,   0.037,   2.644,   2.644,   0.800, 358.702,   0.008,   0.004,   0.002,  5,        
1986-01-25T08:01:35.905Z,26865,24,  1,1,   2.646,  -0.053,   0.046,   2.647,   2.647,   0.986, 358.843,   0.004,   0.005,   0.006,  5,        
1986-01-25T08:02:23.905Z,26865,25,  1,1,   2.632,  -0.038,   0.054,   2.633,   2.633,   1.172, 359.163,   0.002,   0.005,   0.003,  5,        
1986-01-25T08:03:11.905Z,26865,26,  1,1,   2.626,  -0.036,   0.050,   2.627,   2.627,   1.095, 359.213,   0.005,   0.004,   0.003,  5,        
1986-01-25T08:03:59.905Z,26865,27,  1,1,   2.624,  -0.044,   0.059,   2.626,   2.626,   1.283, 359.040,   0.004,   0.003,   0.004,  5,        
1986-01-25T08:04:47.905Z,26865,28,  1,1,   2.626,  -0.063,   0.047,   2.628,   2.628,   1.020, 358.620,   0.004,   0.005,   0.006,  5,        
1986-01-25T08:05:35.905Z,26865,29,  1,1,   2.632,  -0.053,   0.071,   2.634,   2.634,   1.552, 358.855,   0.003,   0.005,   0.005,  5,        
1986-01-25T08:06:23.905Z,26865,30,  1,1,   2.632,  -0.045,   0.090,   2.633,   2.633,   1.952, 359.027,   0.002,   0.009,   0.005,  5,        
1986-01-25T08:07:11.905Z,26865,31,  1,1,   2.620,  -0.040,   0.105,   2.622,   2.622,   2.295, 359.115,   0.002,   0.006,   0.003,  5,        
1986-01-25T08:07:59.905Z,26865,32,  1,1,   2.618,  -0.047,   0.110,   2.621,   2.621,   2.408, 358.965,   0.003,   0.003,   0.002,  5,        
1986-01-25T08:08:47.905Z,26865,33,  1,1,   2.613,  -0.050,   0.120,   2.616,   2.616,   2.631, 358.901,   0.007,   0.006,   0.005,  5,        
1986-01-25T08:09:35.905Z,26865,34,  1,1,   2.605,  -0.041,   0.127,   2.609,   2.609,   2.796, 359.101,   0.004,   0.014,   0.008,  5,        
1986-01-25T08:10:23.905Z,26865,35,  1,1,   2.596,  -0.024,   0.135,   2.600,   2.600,   2.968, 359.463,   0.005,   0.004,   0.003,  5,        
1986-01-25T08:11:11.905Z,26865,36,  1,1,   2.591,  -0.020,   0.140,   2.595,   2.595,   3.096, 359.558,   0.003,   0.006,   0.006,  5,        
1986-01-25T08:11:59.905Z,26865,37,  1,1,   2.598,  -0.017,   0.140,   2.602,   2.602,   3.085, 359.630,   0.001,   0.003,   0.002,  5,        
1986-01-25T08:12:47.905Z,26865,38,  1,1,   2.588,  -0.007,   0.140,   2.592,   2.592,   3.104, 359.837,   0.006,   0.005,   0.003,  5,        
1986-01-25T08:13:35.905Z,26865,39,  1,1,   2.585,  -0.014,   0.151,   2.590,   2.590,   3.350, 359.697,   0.007,   0.002,   0.003,  5,        
1986-01-25T08:14:23.904Z,26865,40,  1,1,   2.577,  -0.005,   0.153,   2.581,   2.581,   3.409, 359.886,   0.006,   0.004,   0.006,  5,        
1986-01-25T08:15:11.904Z,26865,41,  1,1,   2.572,  -0.004,   0.169,   2.577,   2.577,   3.769, 359.919,   0.003,   0.005,   0.004,  5,        
1986-01-25T08:15:59.904Z,26865,42,  1,1,   2.571,  -0.004,   0.172,   2.577,   2.577,   3.817, 359.905,   0.003,   0.006,   0.002,  5,        
1986-01-25T08:16:47.904Z,26865,43,  1,1,   2.569,   0.001,   0.185,   2.576,   2.576,   4.112,   0.025,   0.003,   0.006,   0.008,  5,        
1986-01-25T08:17:35.904Z,26865,44,  1,1,   2.567,   0.007,   0.190,   2.574,   2.574,   4.233,   0.152,   0.003,   0.004,   0.005,  5,        
1986-01-25T08:18:23.904Z,26865,45,  1,1,   2.560,   0.004,   0.174,   2.566,   2.566,   3.883,   0.094,   0.003,   0.011,   0.004,  5,        
1986-01-25T08:19:11.904Z,26865,46,  1,1,   2.547,   0.014,   0.184,   2.553,   2.553,   4.128,   0.324,   0.002,   0.003,   0.007,  5,        
1986-01-25T08:19:59.904Z,26865,47,  1,1,   2.542,   0.007,   0.180,   2.548,   2.548,   4.045,   0.161,   0.003,   0.005,   0.007,  5,        
1986-01-25T08:20:47.904Z,26865,48,  1,1,   2.540,   0.013,   0.188,   2.547,   2.547,   4.239,   0.289,   0.002,   0.006,   0.004,  5,        
1986-01-25T08:21:35.904Z,26865,49,  1,1,   2.536,   0.025,   0.209,   2.545,   2.545,   4.722,   0.566,   0.004,   0.010,   0.007,  5,        
1986-01-25T08:22:23.904Z,26865,50,  1,1,   2.539,   0.033,   0.221,   2.549,   2.549,   4.970,   0.749,   0.003,   0.002,   0.005,  5,        
1986-01-25T08:23:11.904Z,26865,51,  1,1,   2.542,   0.056,   0.226,   2.552,   2.552,   5.081,   1.264,   0.005,   0.007,   0.001,  5,        
1986-01-25T08:23:59.904Z,26865,52,  1,1,   2.540,   0.061,   0.223,   2.551,   2.551,   5.011,   1.386,   0.003,   0.005,   0.004,  5,        
1986-01-25T08:24:47.904Z,26865,53,  1,1,   2.537,   0.079,   0.225,   2.548,   2.548,   5.069,   1.776,   0.004,   0.007,   0.005,  5,        
1986-01-25T08:25:35.904Z,26865,54,  1,1,   2.527,   0.083,   0.225,   2.539,   2.539,   5.082,   1.870,   0.003,   0.006,   0.002,  5,        
1986-01-25T08:26:23.904Z,26865,55,  1,1,   2.527,   0.091,   0.247,   2.541,   2.541,   5.576,   2.058,   0.001,   0.012,   0.008,  5,        
1986-01-25T08:27:11.904Z,26865,56,  1,1,   2.522,   0.092,   0.249,   2.535,   2.535,   5.625,   2.084,   0.005,   0.006,   0.003,  5,        
1986-01-25T08:27:59.904Z,26865,57,  1,1,   2.511,   0.091,   0.258,   2.526,   2.526,   5.860,   2.072,   0.002,   0.006,   0.004,  5,        
1986-01-25T08:28:47.904Z,26865,58,  1,1,   2.509,   0.093,   0.263,   2.525,   2.525,   5.972,   2.133,   0.006,   0.007,   0.003,  5,        
1986-01-25T08:29:35.903Z,26865,59,  1,1,   2.496,   0.097,   0.282,   2.514,   2.514,   6.452,   2.237,   0.003,   0.005,   0.015,  5,        
1986-01-25T08:30:23.903Z,26866, 0,  1,1,   2.498,   0.082,   0.279,   2.515,   2.515,   6.379,   1.880,   0.003,   0.003,   0.003,  5,        
1986-01-25T08:31:11.903Z,26866, 1,  1,1,   2.511,   0.079,   0.272,   2.527,   2.527,   6.180,   1.791,   0.003,   0.006,   0.005,  5,        
1986-01-25T08:31:59.903Z,26866, 2,  1,1,   2.511,   0.076,   0.279,   2.528,   2.528,   6.344,   1.740,   0.004,   0.004,   0.004,  5,        
1986-01-25T08:32:47.903Z,26866, 3,  1,1,   2.520,   0.070,   0.265,   2.535,   2.535,   6.002,   1.586,   0.005,   0.006,   0.005,  5,        
1986-01-25T08:33:35.903Z,26866, 4,  1,1,   2.524,   0.107,   0.258,   2.539,   2.539,   5.832,   2.421,   0.004,   0.013,   0.006,  5,        
1986-01-25T08:34:23.903Z,26866, 5,  1,1,   2.531,   0.107,   0.247,   2.545,   2.545,   5.569,   2.425,   0.003,   0.012,   0.004,  5,        
1986-01-25T08:35:11.903Z,26866, 6,  1,1,   2.525,   0.085,   0.249,   2.538,   2.538,   5.639,   1.939,   0.003,   0.005,   0.005,  5,        
1986-01-25T08:35:59.903Z,26866, 7,  1,1,   2.534,   0.064,   0.235,   2.546,   2.546,   5.289,   1.438,   0.005,   0.009,   0.003,  5,        
1986-01-25T08:36:47.903Z,26866, 8,  1,1,   2.535,   0.038,   0.218,   2.544,   2.544,   4.905,   0.856,   0.006,   0.007,   0.006,  5,        
1986-01-25T08:37:35.903Z,26866, 9,  1,1,   2.538,   0.059,   0.228,   2.549,   2.549,   5.128,   1.322,   0.005,   0.004,   0.003,  5,        
1986-01-25T08:38:23.903Z,26866,10,  1,1,   2.544,   0.027,   0.196,   2.552,   2.552,   4.401,   0.611,   0.002,   0.007,   0.012,  5,        
1986-01-25T08:39:11.903Z,26866,11,  1,1,   2.540,   0.012,   0.184,   2.546,   2.546,   4.136,   0.260,   0.003,   0.003,   0.003,  5,        
1986-01-25T08:39:59.903Z,26866,12,  1,1,   2.538,   0.020,   0.188,   2.545,   2.545,   4.236,   0.453,   0.003,   0.007,   0.004,  5,        
1986-01-25T08:40:47.903Z,26866,13,  1,1,   2.544,   0.007,   0.190,   2.551,   2.551,   4.266,   0.164,   0.009,   0.012,   0.007,  5,        
1986-01-25T08:41:35.903Z,26866,14,  1,1,   2.554,   0.008,   0.177,   2.560,   2.560,   3.963,   0.177,   0.003,   0.010,   0.005,  5,        
1986-01-25T08:42:23.903Z,26866,15,  1,1,   2.557,  -0.002,   0.163,   2.562,   2.562,   3.643, 359.958,   0.004,   0.006,   0.014,  5,        
1986-01-25T08:43:11.903Z,26866,16,  1,1,   2.564,  -0.029,   0.141,   2.568,   2.568,   3.145, 359.350,   0.006,   0.013,   0.009,  5,        
1986-01-25T08:43:59.903Z,26866,17,  1,1,   2.578,  -0.024,   0.173,   2.584,   2.584,   3.843, 359.469,   0.008,   0.015,   0.015,  5,        
1986-01-25T08:44:47.902Z,26866,18,  1,1,   2.597,   0.008,   0.189,   2.604,   2.604,   4.165,   0.167,   0.003,   0.004,   0.004,  5,        
1986-01-25T08:45:35.902Z,26866,19,  1,1,   2.589,   0.029,   0.226,   2.599,   2.599,   4.998,   0.651,   0.009,   0.009,   0.014,  5,        
1986-01-25T08:46:23.902Z,26866,20,  1,1,   2.597,   0.019,   0.233,   2.607,   2.607,   5.116,   0.417,   0.008,   0.007,   0.010,  5,        
1986-01-25T08:47:11.902Z,26866,21,  1,1,   2.616,   0.010,   0.245,   2.627,   2.627,   5.346,   0.219,   0.004,   0.008,   0.008,  5,        
1986-01-25T08:47:59.902Z,26866,22,  1,1,   2.611,  -0.010,   0.232,   2.621,   2.621,   5.086, 359.785,   0.003,   0.009,   0.005,  5,        
1986-01-25T08:48:47.902Z,26866,23,  1,1,   2.611,  -0.009,   0.238,   2.622,   2.622,   5.200, 359.800,   0.002,   0.006,   0.010,  5,        
1986-01-25T08:49:35.902Z,26866,24,  1,1,   2.612,  -0.007,   0.242,   2.623,   2.623,   5.285, 359.856,   0.004,   0.004,   0.001,  5,        
1986-01-25T08:50:23.902Z,26866,25,  1,1,   2.614,  -0.005,   0.242,   2.625,   2.625,   5.288, 359.897,   0.005,   0.010,   0.004,  5,        
1986-01-25T08:51:11.902Z,26866,26,  1,1,   2.617,  -0.009,   0.246,   2.629,   2.629,   5.375, 359.808,   0.005,   0.008,   0.005,  5,        
1986-01-25T08:51:59.902Z,26866,27,  1,1,   2.620,  -0.009,   0.253,   2.632,   2.632,   5.507, 359.805,   0.005,   0.004,   0.006,  5,        
1986-01-25T08:52:47.902Z,26866,28,  1,1,   2.620,  -0.008,   0.254,   2.632,   2.632,   5.534, 359.831,   0.005,   0.009,   0.003,  5,        
1986-01-25T08:53:35.902Z,26866,29,  1,1,   2.623,  -0.019,   0.255,   2.636,   2.636,   5.552, 359.591,   0.002,   0.006,   0.004,  5,        
1986-01-25T08:54:23.902Z,26866,30,  1,1,   2.633,  -0.012,   0.247,   2.644,   2.644,   5.362, 359.733,   0.006,   0.003,   0.009,  5,        
1986-01-25T08:55:11.902Z,26866,31,  1,1,   2.638,  -0.012,   0.262,   2.651,   2.651,   5.673, 359.743,   0.005,   0.005,   0.008,  5,        
1986-01-25T08:55:59.902Z,26866,32,  1,1,   2.640,  -0.014,   0.271,   2.654,   2.654,   5.857, 359.706,   0.004,   0.005,   0.005,  5,        
1986-01-25T08:56:47.902Z,26866,33,  1,1,   2.640,  -0.005,   0.289,   2.656,   2.656,   6.241, 359.898,   0.004,   0.003,   0.009,  5,        
1986-01-25T08:57:35.902Z,26866,34,  1,1,   2.648,  -0.016,   0.284,   2.663,   2.663,   6.119, 359.659,   0.003,   0.013,   0.005,  5,        
1986-01-25T08:58:23.902Z,26866,35,  1,1,   2.654,  -0.014,   0.279,   2.668,   2.668,   6.010, 359.698,   0.006,   0.002,   0.003,  5,        
1986-01-25T08:59:11.902Z,26866,36,  1,1,   2.653,  -0.017,   0.272,   2.667,   2.667,   5.857, 359.628,   0.007,   0.007,   0.007,  5,        
1986-01-25T08:59:59.901Z,26866,37,  1,1,   2.647,  -0.018,   0.291,   2.663,   2.664,   6.275, 359.610,   0.004,   0.010,   0.004,  5,        
1986-01-25T09:00:47.901Z,26866,38,  1,1,   2.654,  -0.040,   0.284,   2.669,   2.669,   6.103, 359.132,   0.003,   0.003,   0.007,  5,        
1986-01-25T09:01:35.901Z,26866,39,  1,1,   2.652,  -0.026,   0.274,   2.666,   2.666,   5.903, 359.444,   0.002,   0.004,   0.004,  5,        
1986-01-25T09:02:23.901Z,26866,40,  1,1,   2.654,  -0.015,   0.282,   2.669,   2.669,   6.057, 359.666,   0.003,   0.010,   0.005,  5,        
1986-01-25T09:03:11.901Z,26866,41,  1,1,   2.649,  -0.024,   0.319,   2.669,   2.669,   6.876, 359.483,   0.004,   0.016,   0.011,  5,        
1986-01-25T09:03:59.901Z,26866,42,  1,1,   2.652,  -0.053,   0.309,   2.670,   2.670,   6.651, 358.854,   0.008,   0.002,   0.006,  5,        
1986-01-25T09:04:47.901Z,26866,43,  1,1,   2.666,  -0.051,   0.303,   2.683,   2.683,   6.484, 358.898,   0.003,   0.006,   0.005,  5,        
1986-01-25T09:05:35.901Z,26866,44,  1,1,   2.659,  -0.042,   0.309,   2.677,   2.677,   6.626, 359.089,   0.004,   0.006,   0.009,  5,        
1986-01-25T09:06:23.901Z,26866,45,  1,1,   2.661,  -0.058,   0.319,   2.681,   2.681,   6.824, 358.746,   0.002,   0.006,   0.008,  5,        
1986-01-25T09:07:11.901Z,26866,46,  1,1,   2.658,  -0.023,   0.353,   2.682,   2.682,   7.569, 359.507,   0.007,   0.009,   0.005,  5,        
1986-01-25T09:07:59.901Z,26866,47,  1,1,   2.654,  -0.046,   0.377,   2.681,   2.681,   8.080, 359.005,   0.006,   0.010,   0.010,  5,        
1986-01-25T09:08:47.901Z,26866,48,  1,1,   2.651,  -0.021,   0.398,   2.681,   2.681,   8.534, 359.553,   0.004,   0.004,   0.006,  5,        
1986-01-25T09:09:35.901Z,26866,49,  1,1,   2.649,  -0.045,   0.384,   2.677,   2.677,   8.243, 359.017,   0.002,   0.006,   0.007,  5,        
1986-01-25T09:10:23.901Z,26866,50,  1,1,   2.651,  -0.058,   0.374,   2.678,   2.678,   8.033, 358.744,   0.005,   0.006,   0.013,  5,        
1986-01-25T09:11:11.901Z,26866,51,  1,1,   2.662,  -0.051,   0.342,   2.685,   2.685,   7.321, 358.901,   0.004,   0.006,   0.012,  5,        
1986-01-25T09:11:59.901Z,26866,52,  1,1,   2.663,  -0.044,   0.350,   2.686,   2.686,   7.487, 359.049,   0.004,   0.002,   0.003,  5,        
1986-01-25T09:12:47.901Z,26866,53,  1,1,   2.658,  -0.028,   0.346,   2.681,   2.681,   7.409, 359.397,   0.002,   0.006,   0.005,  5,        
1986-01-25T09:13:35.901Z,26866,54,  1,1,   2.662,  -0.021,   0.338,   2.683,   2.683,   7.238, 359.555,   0.003,   0.004,   0.005,  5,        
1986-01-25T09:14:23.901Z,26866,55,  1,1,   2.653,  -0.017,   0.354,   2.676,   2.676,   7.599, 359.631,   0.003,   0.001,   0.004,  5,        
1986-01-25T09:15:11.900Z,26866,56,  1,1,   2.646,  -0.011,   0.369,   2.672,   2.672,   7.929, 359.756,   0.006,   0.005,   0.007,  5,        
1986-01-25T09:15:59.900Z,26866,57,  1,1,   2.643,  -0.017,   0.388,   2.671,   2.671,   8.354, 359.637,   0.003,   0.007,   0.013,  5,        
1986-01-25T09:16:47.900Z,26866,58,  1,1,   2.633,  -0.003,   0.402,   2.663,   2.663,   8.682, 359.945,   0.008,   0.005,   0.004,  5,        
1986-01-25T09:17:35.900Z,26866,59,  1,1,   2.624,   0.005,   0.424,   2.658,   2.658,   9.184,   0.106,   0.004,   0.005,   0.004,  5,        
1986-01-25T09:18:23.900Z,26867, 0,  1,1,   2.620,   0.009,   0.417,   2.653,   2.653,   9.034,   0.203,   0.007,   0.004,   0.005,  5,        
1986-01-25T09:19:11.900Z,26867, 1,  1,1,   2.619,  -0.017,   0.384,   2.647,   2.647,   8.349, 359.635,   0.004,   0.009,   0.009,  5,        
1986-01-25T09:19:59.900Z,26867, 2,  1,1,   2.619,  -0.060,   0.357,   2.644,   2.644,   7.755, 358.698,   0.009,   0.029,   0.009,  5,        
1986-01-25T09:20:47.900Z,26867, 3,  1,1,   2.638,  -0.092,   0.354,   2.664,   2.664,   7.640, 357.999,   0.004,   0.030,   0.018,  5,        
1986-01-25T09:21:35.900Z,26867, 4,  1,1,   2.639,  -0.024,   0.396,   2.669,   2.669,   8.530, 359.469,   0.004,   0.015,   0.010,  5,        
1986-01-25T09:22:23.900Z,26867, 5,  1,1,   2.633,  -0.009,   0.392,   2.662,   2.662,   8.466, 359.795,   0.002,   0.012,   0.007,  5,        
1986-01-25T09:23:11.900Z,26867, 6,  1,1,   2.628,  -0.001,   0.402,   2.658,   2.658,   8.688, 359.976,   0.004,   0.012,   0.003,  5,        
1986-01-25T09:23:59.900Z,26867, 7,  1,1,   2.619,   0.018,   0.411,   2.652,   2.652,   8.923,   0.401,   0.007,   0.003,   0.005,  5,        
1986-01-25T09:24:47.900Z,26867, 8,  1,1,   2.615,   0.048,   0.409,   2.647,   2.647,   8.881,   1.062,   0.004,   0.022,   0.004,  5,        
1986-01-25T09:25:35.900Z,26867, 9,  1,1,   2.623,   0.022,   0.378,   2.650,   2.651,   8.206,   0.483,   0.010,   0.039,   0.017,  5,        
1986-01-25T09:26:23.900Z,26867,10,  1,1,   2.627,  -0.020,   0.350,   2.651,   2.651,   7.597, 359.559,   0.009,   0.011,   0.009,  5,        
1986-01-25T09:27:11.900Z,26867,11,  1,1,   2.630,  -0.027,   0.341,   2.652,   2.652,   7.396, 359.418,   0.001,   0.007,   0.011,  5,        
1986-01-25T09:27:59.900Z,26867,12,  1,1,   2.618,  -0.010,   0.351,   2.642,   2.642,   7.638, 359.771,   0.005,   0.007,   0.014,  5,        
1986-01-25T09:28:47.900Z,26867,13,  1,1,   2.608,   0.024,   0.369,   2.634,   2.634,   8.065,   0.518,   0.009,   0.001,   0.003,  5,        
1986-01-25T09:29:35.900Z,26867,14,  1,1,   2.610,   0.027,   0.385,   2.638,   2.638,   8.391,   0.596,   0.007,   0.005,   0.010,  5,        
1986-01-25T09:30:23.899Z,26867,15,  1,1,   2.618,  -0.004,   0.386,   2.646,   2.646,   8.386, 359.917,   0.004,   0.003,   0.004,  5,        
1986-01-25T09:31:11.899Z,26867,16,  1,1,   2.613,   0.023,   0.394,   2.643,   2.643,   8.571,   0.504,   0.003,   0.006,   0.009,  5,        
1986-01-25T09:31:59.899Z,26867,17,  1,1,   2.607,   0.023,   0.416,   2.640,   2.640,   9.070,   0.513,   0.003,   0.002,   0.005,  5,        
1986-01-25T09:32:47.899Z,26867,18,  1,1,   2.602,   0.048,   0.408,   2.634,   2.634,   8.918,   1.058,   0.006,   0.004,   0.010,  5,        
1986-01-25T09:33:35.899Z,26867,19,  1,1,   2.596,   0.055,   0.405,   2.628,   2.628,   8.854,   1.203,   0.006,   0.007,   0.004,  5,        
1986-01-25T09:34:23.899Z,26867,20,  1,1,   2.596,   0.036,   0.394,   2.626,   2.626,   8.625,   0.791,   0.003,   0.008,   0.003,  5,        
1986-01-25T09:35:11.899Z,26867,21,  1,1,   2.596,   0.063,   0.407,   2.628,   2.628,   8.902,   1.381,   0.006,   0.003,   0.005,  5,        
1986-01-25T09:35:59.899Z,26867,22,  1,1,   2.591,   0.045,   0.417,   2.625,   2.625,   9.136,   1.004,   0.002,   0.009,   0.004,  5,        
1986-01-25T09:36:47.899Z,26867,23,  1,1,   2.589,   0.033,   0.399,   2.620,   2.620,   8.771,   0.726,   0.004,   0.004,   0.006,  5,        
1986-01-25T09:37:35.899Z,26867,24,  1,1,   2.575,   0.101,   0.417,   2.611,   2.611,   9.183,   2.256,   0.007,   0.017,   0.007,  5,        
1986-01-25T09:38:23.899Z,26867,25,  1,1,   2.551,   0.088,   0.428,   2.588,   2.588,   9.522,   1.982,   0.008,   0.010,   0.003,  5,        
1986-01-25T09:39:11.899Z,26867,26,  1,1,   2.547,   0.093,   0.428,   2.585,   2.585,   9.535,   2.085,   0.005,   0.009,   0.007,  5,        
1986-01-25T09:39:59.899Z,26867,27,  1,1,   2.541,   0.089,   0.443,   2.581,   2.581,   9.881,   2.007,   0.005,   0.006,   0.004,  5,        
1986-01-25T09:40:47.899Z,26867,28,  1,1,   2.553,   0.073,   0.429,   2.590,   2.590,   9.526,   1.649,   0.004,   0.005,   0.006,  5,        
1986-01-25T09:41:35.899Z,26867,29,  1,1,   2.548,   0.074,   0.437,   2.586,   2.586,   9.723,   1.661,   0.005,   0.005,   0.003,  5,        
1986-01-25T09:42:23.899Z,26867,30,  1,1,   2.556,   0.022,   0.411,   2.589,   2.589,   9.140,   0.486,   0.003,   0.018,   0.011,  5,        
1986-01-25T09:43:11.899Z,26867,31,  1,1,   2.560,  -0.009,   0.405,   2.592,   2.592,   8.991, 359.799,   0.002,   0.008,   0.005,  5,        
1986-01-25T09:43:59.899Z,26867,32,  1,1,   2.566,   0.005,   0.420,   2.600,   2.600,   9.289,   0.120,   0.006,   0.010,   0.007,  5,        
1986-01-25T09:44:47.899Z,26867,33,  1,1,   2.556,   0.012,   0.456,   2.597,   2.597,  10.112,   0.270,   0.003,   0.006,   0.010,  5,        
1986-01-25T09:45:35.898Z,26867,34,  1,1,   2.558,   0.016,   0.455,   2.598,   2.598,  10.085,   0.354,   0.004,   0.002,   0.007,  5,        
1986-01-25T09:46:23.898Z,26867,35,  1,1,   2.545,   0.011,   0.465,   2.588,   2.588,  10.351,   0.245,   0.004,   0.006,   0.002,  5,        
1986-01-25T09:47:11.898Z,26867,36,  1,1,   2.539,  -0.001,   0.470,   2.582,   2.582,  10.486, 359.980,   0.003,   0.003,   0.004,  5,        
1986-01-25T09:47:59.898Z,26867,37,  1,1,   2.548,   0.020,   0.460,   2.589,   2.589,  10.233,   0.444,   0.006,   0.006,   0.004,  5,        
1986-01-25T09:48:47.898Z,26867,38,  1,1,   2.542,   0.043,   0.449,   2.582,   2.582,  10.020,   0.973,   0.002,   0.008,   0.003,  5,        
1986-01-25T09:49:35.898Z,26867,39,  1,1,   2.538,   0.032,   0.423,   2.573,   2.573,   9.466,   0.718,   0.005,   0.005,   0.009,  5,        
1986-01-25T09:50:23.898Z,26867,40,  1,1,   2.536,   0.016,   0.414,   2.570,   2.570,   9.279,   0.371,   0.006,   0.003,   0.005,  5,        
1986-01-25T09:51:11.898Z,26867,41,  1,1,   2.524,   0.020,   0.419,   2.559,   2.559,   9.432,   0.449,   0.003,   0.004,   0.005,  5,        
1986-01-25T09:51:59.898Z,26867,42,  1,1,   2.525,   0.023,   0.421,   2.560,   2.560,   9.462,   0.515,   0.005,   0.009,   0.007,  5,        
1986-01-25T09:52:47.898Z,26867,43,  1,1,   2.524,   0.040,   0.415,   2.558,   2.558,   9.329,   0.903,   0.002,   0.003,   0.013,  5,        
1986-01-25T09:53:35.898Z,26867,44,  1,1,   2.523,   0.038,   0.437,   2.561,   2.561,   9.831,   0.862,   0.004,   0.003,   0.004,  5,        
1986-01-25T09:54:23.898Z,26867,45,  1,1,   2.517,   0.056,   0.441,   2.556,   2.556,   9.934,   1.277,   0.009,   0.010,   0.009,  5,        
1986-01-25T09:55:11.898Z,26867,46,  1,1,   2.506,   0.074,   0.458,   2.549,   2.549,  10.354,   1.685,   0.005,   0.010,   0.005,  5,        
1986-01-25T09:55:59.898Z,26867,47,  1,1,   2.505,   0.099,   0.464,   2.550,   2.550,  10.485,   2.262,   0.002,   0.010,   0.012,  5,        
1986-01-25T09:56:47.898Z,26867,48,  1,1,   2.506,   0.095,   0.483,   2.554,   2.554,  10.903,   2.165,   0.003,   0.004,   0.005,  5,        
1986-01-25T09:57:35.898Z,26867,49,  1,1,   2.507,   0.121,   0.492,   2.558,   2.558,  11.089,   2.768,   0.005,   0.012,   0.006,  5,        
1986-01-25T09:58:23.898Z,26867,50,  1,1,   2.494,   0.077,   0.478,   2.541,   2.541,  10.838,   1.767,   0.007,   0.011,   0.007,  5,        
1986-01-25T09:59:11.898Z,26867,51,  1,1,   2.473,   0.048,   0.449,   2.514,   2.514,  10.288,   1.102,   0.006,   0.015,   0.011,  5,        
1986-01-25T09:59:59.898Z,26867,52,  1,1,   2.442,   0.078,   0.459,   2.486,   2.486,  10.643,   1.833,   0.010,   0.008,   0.016,  5,        
1986-01-25T10:00:47.897Z,26867,53,  1,1,   2.428,   0.101,   0.509,   2.482,   2.482,  11.825,   2.384,   0.006,   0.004,   0.020,  5,        
1986-01-25T10:01:35.897Z,26867,54,  1,1,   2.423,   0.102,   0.549,   2.487,   2.487,  12.759,   2.418,   0.003,   0.007,   0.006,  5,        
1986-01-25T10:02:23.897Z,26867,55,  1,1,   2.428,   0.088,   0.533,   2.488,   2.488,  12.374,   2.072,   0.002,   0.006,   0.008,  5,        
1986-01-25T10:03:11.897Z,26867,56,  1,1,   2.438,   0.085,   0.529,   2.496,   2.496,  12.239,   2.001,   0.003,   0.007,   0.003,  5,        
1986-01-25T10:03:59.897Z,26867,57,  1,1,   2.439,   0.093,   0.523,   2.496,   2.496,  12.087,   2.195,   0.002,   0.006,   0.008,  5,        
1986-01-25T10:04:47.897Z,26867,58,  1,1,   2.431,   0.102,   0.511,   2.486,   2.486,  11.848,   2.413,   0.004,   0.003,   0.007,  5,        
1986-01-25T10:05:35.897Z,26867,59,  1,1,   2.428,   0.098,   0.535,   2.488,   2.488,  12.408,   2.310,   0.003,   0.007,   0.005,  5,        
1986-01-25T10:06:23.897Z,26868, 0,  1,1,   2.411,   0.093,   0.557,   2.476,   2.476,  12.997,   2.201,   0.007,   0.006,   0.010,  5,        
1986-01-25T10:07:11.897Z,26868, 1,  1,1,   2.406,   0.103,   0.562,   2.473,   2.473,  13.144,   2.458,   0.003,   0.005,   0.004,  5,        
1986-01-25T10:07:59.897Z,26868, 2,  1,1,   2.398,   0.083,   0.596,   2.472,   2.472,  13.949,   1.981,   0.005,   0.005,   0.025,  5,        
1986-01-25T10:08:47.897Z,26868, 3,  1,1,   2.382,   0.075,   0.627,   2.464,   2.464,  14.753,   1.799,   0.005,   0.002,   0.006,  5,        
1986-01-25T10:09:35.897Z,26868, 4,  1,1,   2.379,   0.086,   0.631,   2.463,   2.463,  14.847,   2.059,   0.005,   0.011,   0.005,  5,        
1986-01-25T10:10:23.897Z,26868, 5,  1,1,   2.382,   0.083,   0.610,   2.461,   2.461,  14.355,   2.001,   0.003,   0.003,   0.007,  5,        
1986-01-25T10:11:11.897Z,26868, 6,  1,1,   2.387,   0.076,   0.618,   2.466,   2.466,  14.509,   1.831,   0.004,   0.003,   0.003,  5,        
1986-01-25T10:11:59.897Z,26868, 7,  1,1,   2.378,   0.063,   0.614,   2.457,   2.457,  14.471,   1.509,   0.004,   0.009,   0.012,  5,        
1986-01-25T10:12:47.897Z,26868, 8,  1,1,   2.330,   0.090,   0.619,   2.412,   2.412,  14.872,   2.208,   0.018,   0.009,   0.012,  5,        
1986-01-25T10:13:35.897Z,26868, 9,  1,1,   2.330,   0.066,   0.576,   2.401,   2.401,  13.873,   1.624,   0.009,   0.003,   0.026,  5,        
1986-01-25T10:14:23.897Z,26868,10,  1,1,   2.331,   0.072,   0.532,   2.392,   2.392,  12.855,   1.767,   0.005,   0.008,   0.005,  5,        
1986-01-25T10:15:11.896Z,26868,11,  1,1,   2.324,   0.083,   0.522,   2.383,   2.383,  12.645,   2.041,   0.002,   0.007,   0.003,  5,        
1986-01-25T10:15:59.896Z,26868,12,  1,1,   2.310,   0.090,   0.523,   2.370,   2.370,  12.738,   2.242,   0.008,   0.012,   0.014,  5,        
1986-01-25T10:16:47.896Z,26868,13,  1,1,   2.320,   0.089,   0.490,   2.373,   2.373,  11.916,   2.196,   0.002,   0.004,   0.011,  5,        
1986-01-25T10:17:35.896Z,26868,14,  1,1,   2.345,   0.088,   0.481,   2.396,   2.396,  11.577,   2.137,   0.016,   0.011,   0.015,  5,        
1986-01-25T10:18:23.896Z,26868,15,  1,1,   2.407,   0.089,   0.398,   2.442,   2.442,   9.392,   2.127,   0.012,   0.005,   0.046,  5,        
1986-01-25T10:19:11.896Z,26868,16,  1,1,   2.417,   0.066,   0.355,   2.444,   2.444,   8.355,   1.555,   0.001,   0.006,   0.012,  5,        
1986-01-25T10:19:59.896Z,26868,17,  1,1,   2.404,   0.073,   0.379,   2.434,   2.434,   8.954,   1.744,   0.007,   0.005,   0.007,  5,        
1986-01-25T10:20:47.896Z,26868,18,  1,1,   2.374,   0.079,   0.366,   2.403,   2.403,   8.751,   1.903,   0.007,   0.008,   0.008,  5,        
1986-01-25T10:21:35.896Z,26868,19,  1,1,   2.351,   0.081,   0.336,   2.377,   2.377,   8.138,   1.961,   0.009,   0.013,   0.013,  5,        
1986-01-25T10:22:23.896Z,26868,20,  1,1,   2.307,   0.089,   0.345,   2.335,   2.335,   8.499,   2.214,   0.010,   0.006,   0.007,  5,        
1986-01-25T10:23:11.896Z,26868,21,  1,1,   2.287,   0.061,   0.339,   2.313,   2.313,   8.437,   1.534,   0.003,   0.021,   0.011,  5,        
1986-01-25T10:23:59.896Z,26868,22,  1,1,   2.263,   0.036,   0.302,   2.284,   2.284,   7.605,   0.922,   0.009,   0.004,   0.005,  5,        
1986-01-25T10:24:47.896Z,26868,23,  1,1,   2.238,   0.039,   0.291,   2.257,   2.257,   7.409,   1.002,   0.003,   0.007,   0.002,  5,        
1986-01-25T10:25:35.896Z,26868,24,  1,1,   2.230,   0.040,   0.299,   2.250,   2.250,   7.626,   1.031,   0.005,   0.005,   0.004,  5,        
1986-01-25T10:26:23.896Z,26868,25,  1,1,   2.227,   0.020,   0.306,   2.248,   2.248,   7.813,   0.526,   0.007,   0.006,   0.003,  5,        
1986-01-25T10:27:11.896Z,26868,26,  1,1,   2.204,   0.028,   0.313,   2.227,   2.227,   8.089,   0.733,   0.005,   0.005,   0.001,  5,        
1986-01-25T10:27:59.896Z,26868,27,  1,1,   2.196,   0.019,   0.303,   2.217,   2.217,   7.859,   0.495,   0.004,   0.005,   0.008,  5,        
1986-01-25T10:28:47.896Z,26868,28,  1,1,   2.154,   0.004,   0.297,   2.174,   2.174,   7.848,   0.095,   0.012,   0.005,   0.008,  5,        
1986-01-25T10:29:35.896Z,26868,29,  1,1,   2.136,  -0.016,   0.294,   2.156,   2.156,   7.837, 359.564,   0.008,   0.013,   0.005,  5,        
1986-01-25T10:30:23.895Z,26868,30,  1,1,   2.120,  -0.013,   0.297,   2.141,   2.141,   7.979, 359.649,   0.008,   0.016,   0.013,  5,        
1986-01-25T10:31:11.895Z,26868,31,  1,1,   2.083,   0.050,   0.360,   2.115,   2.115,   9.798,   1.381,   0.012,   0.024,   0.024,  5,        
1986-01-25T10:31:59.895Z,26868,32,  1,1,   2.059,   0.113,   0.402,   2.100,   2.101,  11.033,   3.145,   0.003,   0.007,   0.006,  5,        
1986-01-25T10:32:47.895Z,26868,33,  1,1,   2.044,   0.120,   0.431,   2.093,   2.093,  11.889,   3.350,   0.006,   0.006,   0.016,  5,        
1986-01-25T10:33:35.895Z,26868,34,  1,1,   2.049,   0.159,   0.437,   2.101,   2.101,  11.993,   4.446,   0.006,   0.007,   0.010,  5,        
1986-01-25T10:34:23.895Z,26868,35,  1,1,   2.015,   0.160,   0.388,   2.058,   2.058,  10.855,   4.535,   0.016,   0.013,   0.020,  5,        
1986-01-25T10:35:11.895Z,26868,36,  1,1,   1.939,   0.129,   0.341,   1.973,   1.973,   9.955,   3.812,   0.036,   0.011,   0.011,  5,        
1986-01-25T10:35:59.895Z,26868,37,  1,1,   1.853,   0.098,   0.317,   1.883,   1.883,   9.699,   3.018,   0.017,   0.005,   0.003,  5,        
1986-01-25T10:36:47.895Z,26868,38,  1,1,   1.777,   0.109,   0.294,   1.804,   1.805,   9.383,   3.517,   0.033,   0.018,   0.005,  5,        
1986-01-25T10:37:35.895Z,26868,39,  1,1,   1.671,   0.035,   0.306,   1.700,   1.700,  10.357,   1.215,   0.029,   0.024,   0.007,  5,        
1986-01-25T10:38:23.895Z,26868,40,  1,1,   1.606,  -0.050,   0.369,   1.648,   1.649,  12.947, 358.232,   0.016,   0.013,   0.015,  5,        
1986-01-25T10:39:11.895Z,26868,41,  1,1,   1.576,  -0.057,   0.399,   1.626,   1.626,  14.213, 357.944,   0.008,   0.006,   0.011,  5,        
1986-01-25T10:39:59.895Z,26868,42,  1,1,   1.582,  -0.053,   0.399,   1.633,   1.633,  14.156, 358.073,   0.010,   0.005,   0.008,  5,        
1986-01-25T10:40:47.895Z,26868,43,  1,1,   1.589,  -0.056,   0.388,   1.637,   1.637,  13.731, 357.973,   0.008,   0.007,   0.005,  5,        
1986-01-25T10:41:35.895Z,26868,44,  1,1,   1.572,  -0.035,   0.389,   1.619,   1.619,  13.885, 358.726,   0.011,   0.006,   0.006,  5,        
1986-01-25T10:42:23.895Z,26868,45,  1,1,   1.557,  -0.022,   0.384,   1.604,   1.604,  13.853, 359.208,   0.003,   0.003,   0.003,  5,        
1986-01-25T10:43:11.895Z,26868,46,  1,1,   1.570,  -0.001,   0.373,   1.614,   1.614,  13.383, 359.956,   0.013,   0.007,   0.009,  5,        
1986-01-25T10:43:59.895Z,26868,47,  1,1,   1.588,   0.019,   0.367,   1.630,   1.630,  13.017,   0.685,   0.003,   0.004,   0.003,  5,        
1986-01-25T10:44:47.895Z,26868,48,  1,1,   1.601,   0.022,   0.390,   1.648,   1.648,  13.692,   0.802,   0.004,   0.006,   0.010,  5,        
1986-01-25T10:45:35.894Z,26868,49,  1,1,   1.605,   0.039,   0.398,   1.654,   1.654,  13.932,   1.398,   0.005,   0.007,   0.005,  5,        
1986-01-25T10:46:23.894Z,26868,50,  1,1,   1.628,   0.055,   0.416,   1.681,   1.681,  14.325,   1.932,   0.006,   0.008,   0.013,  5,        
1986-01-25T10:47:11.894Z,26868,51,  1,1,   1.633,   0.076,   0.424,   1.688,   1.688,  14.550,   2.662,   0.011,   0.010,   0.007,  5,        
1986-01-25T10:47:59.894Z,26868,52,  1,1,   1.660,   0.101,   0.435,   1.719,   1.719,  14.653,   3.476,   0.007,   0.014,   0.009,  5,        
1986-01-25T10:48:47.894Z,26868,53,  1,1,   1.650,   0.113,   0.430,   1.709,   1.709,  14.578,   3.934,   0.004,   0.003,   0.002,  5,        
1986-01-25T10:49:35.894Z,26868,54,  1,1,   1.656,   0.107,   0.434,   1.716,   1.716,  14.665,   3.681,   0.005,   0.003,   0.002,  5,        
1986-01-25T10:50:23.894Z,26868,55,  1,1,   1.656,   0.115,   0.442,   1.718,   1.718,  14.896,   3.988,   0.004,   0.004,   0.001,  5,        
1986-01-25T10:51:11.894Z,26868,56,  1,1,   1.651,   0.105,   0.443,   1.712,   1.712,  15.000,   3.634,   0.005,   0.010,   0.007,  5,        
1986-01-25T10:51:59.894Z,26868,57,  1,1,   1.669,   0.101,   0.454,   1.732,   1.732,  15.197,   3.464,   0.007,   0.006,   0.001,  5,        
1986-01-25T10:52:47.894Z,26868,58,  1,1,   1.680,   0.131,   0.463,   1.748,   1.748,  15.370,   4.455,   0.004,   0.006,   0.006,  5,        
1986-01-25T10:53:35.894Z,26868,59,  1,1,   1.698,   0.142,   0.454,   1.763,   1.763,  14.915,   4.774,   0.004,   0.006,   0.007,  5,        
1986-01-25T10:54:23.894Z,26869, 0,  1,1,   1.705,   0.127,   0.454,   1.769,   1.769,  14.877,   4.267,   0.003,   0.012,   0.003,  5,        
1986-01-25T10:55:11.894Z,26869, 1,  1,1,   1.720,   0.112,   0.465,   1.785,   1.785,  15.092,   3.718,   0.005,   0.008,   0.007,  5,        
1986-01-25T10:55:59.894Z,26869, 2,  1,1,   1.732,   0.115,   0.468,   1.797,   1.798,  15.100,   3.785,   0.006,   0.014,   0.006,  5,        
1986-01-25T10:56:47.894Z,26869, 3,  1,1,   1.733,   0.095,   0.477,   1.800,   1.800,  15.374,   3.144,   0.005,   0.012,   0.011,  5,        
1986-01-25T10:57:35.894Z,26869, 4,  1,1,   1.746,   0.131,   0.503,   1.822,   1.822,  16.034,   4.287,   0.004,   0.012,   0.004,  5,        
1986-01-25T10:58:23.894Z,26869, 5,  1,1,   1.711,   0.166,   0.514,   1.794,   1.795,  16.641,   5.530,   0.011,   0.019,   0.004,  5,        
1986-01-25T10:59:11.894Z,26869, 6,  1,1,   1.670,   0.145,   0.522,   1.755,   1.755,  17.287,   4.980,   0.016,   0.006,   0.006,  5,        
1986-01-25T10:59:59.894Z,26869, 7,  1,1,   1.594,   0.153,   0.490,   1.674,   1.674,  17.007,   5.481,   0.018,   0.007,   0.009,  5,        
1986-01-25T11:00:47.893Z,26869, 8,  1,1,   1.515,   0.104,   0.469,   1.590,   1.590,  17.173,   3.917,   0.024,   0.014,   0.008,  5,        
1986-01-25T11:01:35.893Z,26869, 9,  1,1,   1.442,   0.013,   0.455,   1.512,   1.513,  17.520,   0.533,   0.008,   0.029,   0.012,  5,        
1986-01-25T11:02:23.893Z,26869,10,  1,1,   1.394,   0.026,   0.449,   1.465,   1.465,  17.843,   1.070,   0.022,   0.013,   0.014,  5,        
1986-01-25T11:03:11.893Z,26869,11,  1,1,   1.398,  -0.075,   0.449,   1.471,   1.471,  17.789, 356.936,   0.008,   0.032,   0.013,  5,        
1986-01-25T11:03:59.893Z,26869,12,  1,1,   1.437,  -0.129,   0.505,   1.529,   1.529,  19.273, 354.860,   0.007,   0.009,   0.011,  5,        
1986-01-25T11:04:47.893Z,26869,13,  1,1,   1.432,  -0.117,   0.534,   1.533,   1.533,  20.404, 355.337,   0.009,   0.008,   0.004,  5,        
1986-01-25T11:05:35.893Z,26869,14,  1,1,   1.414,  -0.017,   0.561,   1.522,   1.522,  21.641, 359.313,   0.005,   0.033,   0.011,  5,        
1986-01-25T11:06:23.893Z,26869,15,  1,1,   1.435,   0.000,   0.567,   1.543,   1.543,  21.555,   0.013,   0.016,   0.008,   0.005,  5,        
1986-01-25T11:07:11.893Z,26869,16,  1,1,   1.517,  -0.021,   0.556,   1.616,   1.616,  20.128, 359.193,   0.026,   0.006,   0.006,  5,        
1986-01-25T11:07:59.893Z,26869,17,  1,1,   1.562,  -0.020,   0.576,   1.665,   1.665,  20.245, 359.260,   0.009,   0.012,   0.016,  5,        
1986-01-25T11:08:47.893Z,26869,18,  1,1,   1.573,   0.066,   0.620,   1.692,   1.692,  21.487,   2.396,   0.006,   0.024,   0.008,  5,        
1986-01-25T11:09:35.893Z,26869,19,  1,1,   1.577,   0.132,   0.602,   1.693,   1.693,  20.847,   4.772,   0.021,   0.029,   0.003,  5,        
1986-01-25T11:10:23.893Z,26869,20,  1,1,   1.498,   0.213,   0.613,   1.632,   1.632,  22.055,   8.075,   0.018,   0.004,   0.003,  5,        
1986-01-25T11:11:11.893Z,26869,21,  1,1,   1.482,   0.196,   0.605,   1.613,   1.613,  22.017,   7.521,   0.012,   0.011,   0.005,  5,        
1986-01-25T11:11:59.893Z,26869,22,  1,1,   1.472,   0.212,   0.614,   1.609,   1.609,  22.446,   8.198,   0.005,   0.008,   0.010,  5,        
1986-01-25T11:12:47.893Z,26869,23,  1,1,   1.468,   0.156,   0.601,   1.594,   1.595,  22.148,   6.076,   0.001,   0.017,   0.003,  5,        
1986-01-25T11:13:35.893Z,26869,24,  1,1,   1.461,   0.141,   0.621,   1.594,   1.594,  22.946,   5.500,   0.006,   0.007,   0.006,  5,        
1986-01-25T11:14:23.893Z,26869,25,  1,1,   1.490,   0.173,   0.641,   1.631,   1.631,  23.155,   6.606,   0.018,   0.039,   0.010,  5,        
1986-01-25T11:15:11.893Z,26869,26,  1,1,   1.460,   0.260,   0.596,   1.599,   1.599,  21.896,  10.102,   0.008,   0.009,   0.011,  5,        
1986-01-25T11:15:59.892Z,26869,27,  1,1,   1.444,   0.243,   0.616,   1.589,   1.589,  22.803,   9.548,   0.008,   0.011,   0.008,  5,        
1986-01-25T11:16:47.892Z,26869,28,  1,1,   1.454,   0.258,   0.636,   1.608,   1.608,  23.316,  10.056,   0.012,   0.010,   0.006,  5,        
1986-01-25T11:17:35.892Z,26869,29,  1,1,   1.460,   0.268,   0.631,   1.613,   1.613,  23.035,  10.385,   0.006,   0.006,   0.010,  5,        
1986-01-25T11:18:23.892Z,26869,30,  1,1,   1.480,   0.272,   0.611,   1.624,   1.624,  22.106,  10.433,   0.005,   0.009,   0.004,  5,        
1986-01-25T11:19:11.892Z,26869,31,  1,1,   1.488,   0.279,   0.601,   1.629,   1.629,  21.660,  10.614,   0.005,   0.008,   0.009,  5,        
1986-01-25T11:19:59.892Z,26869,32,  1,1,   1.491,   0.280,   0.607,   1.634,   1.634,  21.810,  10.624,   0.012,   0.007,   0.012,  5,        
1986-01-25T11:20:47.892Z,26869,33,  1,1,   1.438,   0.270,   0.644,   1.599,   1.599,  23.758,  10.621,   0.009,   0.012,   0.010,  5,        
1986-01-25T11:21:35.892Z,26869,34,  1,1,   1.434,   0.234,   0.654,   1.594,   1.594,  24.245,   9.279,   0.008,   0.008,   0.007,  5,        
1986-01-25T11:22:23.892Z,26869,35,  1,1,   1.414,   0.272,   0.682,   1.593,   1.593,  25.332,  10.899,   0.015,   0.016,   0.032,  5,        
1986-01-25T11:23:11.892Z,26869,36,  1,1,   1.367,   0.301,   0.631,   1.535,   1.535,  24.272,  12.434,   0.014,   0.009,   0.008,  5,        
1986-01-25T11:23:59.892Z,26869,37,  1,1,   1.374,   0.257,   0.663,   1.548,   1.548,  25.369,  10.593,   0.012,   0.008,   0.022,  5,        
1986-01-25T11:24:47.892Z,26869,38,  1,1,   1.390,   0.229,   0.705,   1.575,   1.576,  26.585,   9.351,   0.003,   0.014,   0.006,  5,        
1986-01-25T11:25:35.892Z,26869,39,  1,1,   1.381,   0.273,   0.705,   1.575,   1.575,  26.618,  11.190,   0.008,   0.006,   0.017,  5,        
1986-01-25T11:26:23.892Z,26869,40,  1,1,   1.329,   0.262,   0.745,   1.546,   1.546,  28.799,  11.154,   0.019,   0.005,   0.014,  5,        
1986-01-25T11:27:11.892Z,26869,41,  1,1,   1.254,   0.226,   0.760,   1.484,   1.484,  30.834,  10.209,   0.008,   0.014,   0.013,  5,        
1986-01-25T11:27:59.892Z,26869,42,  1,1,   1.235,   0.207,   0.779,   1.475,   1.475,  31.873,   9.520,   0.004,   0.004,   0.006,  5,        
1986-01-25T11:28:47.892Z,26869,43,  1,1,   1.193,   0.183,   0.786,   1.440,   1.440,  33.065,   8.704,   0.016,   0.014,   0.011,  5,        
1986-01-25T11:29:35.892Z,26869,44,  1,1,   1.145,   0.209,   0.739,   1.378,   1.378,  32.419,  10.334,   0.020,   0.013,   0.005,  5,        
1986-01-25T11:30:23.892Z,26869,45,  1,1,   1.076,   0.195,   0.733,   1.317,   1.317,  33.853,  10.258,   0.011,   0.008,   0.012,  5,        
1986-01-25T11:31:11.891Z,26869,46,  1,1,   1.083,   0.170,   0.759,   1.333,   1.333,  34.685,   8.914,   0.003,   0.003,   0.006,  5,        
1986-01-25T11:31:59.891Z,26869,47,  1,1,   1.115,   0.208,   0.721,   1.344,   1.344,  32.465,  10.556,   0.015,   0.017,   0.019,  5,        
1986-01-25T11:32:47.891Z,26869,48,  1,1,   1.101,   0.201,   0.672,   1.306,   1.306,  30.970,  10.339,   0.015,   0.013,   0.032,  5,        
1986-01-25T11:33:35.891Z,26869,49,  1,1,   1.122,   0.222,   0.626,   1.304,   1.304,  28.702,  11.178,   0.004,   0.011,   0.010,  5,        
1986-01-25T11:34:23.891Z,26869,50,  1,1,   1.092,   0.263,   0.578,   1.263,   1.263,  27.249,  13.531,   0.014,   0.005,   0.007,  5,        
1986-01-25T11:35:11.891Z,26869,51,  1,1,   1.055,   0.244,   0.599,   1.238,   1.238,  28.946,  13.023,   0.011,   0.010,   0.006,  5,        
1986-01-25T11:35:59.891Z,26869,52,  1,1,   1.040,   0.222,   0.593,   1.218,   1.218,  29.167,  12.066,   0.004,   0.004,   0.005,  5,        
1986-01-25T11:36:47.891Z,26869,53,  1,1,   1.037,   0.204,   0.614,   1.222,   1.222,  30.173,  11.130,   0.014,   0.007,   0.009,  5,        
1986-01-25T11:37:35.891Z,26869,54,  1,1,   1.030,   0.207,   0.620,   1.220,   1.220,  30.559,  11.380,   0.012,   0.009,   0.006,  5,        
1986-01-25T11:38:23.891Z,26869,55,  1,1,   1.049,   0.207,   0.652,   1.253,   1.253,  31.386,  11.169,   0.006,   0.003,   0.005,  5,        
1986-01-25T11:39:11.891Z,26869,56,  1,1,   1.047,   0.215,   0.653,   1.253,   1.253,  31.421,  11.608,   0.007,   0.007,   0.008,  5,        
1986-01-25T11:39:59.891Z,26869,57,  1,1,   1.044,   0.236,   0.673,   1.265,   1.265,  32.143,  12.722,   0.004,   0.004,   0.004,  5,        
1986-01-25T11:40:47.891Z,26869,58,  1,1,   1.027,   0.240,   0.676,   1.252,   1.253,  32.677,  13.169,   0.007,   0.005,   0.005,  5,        
1986-01-25T11:41:35.891Z,26869,59,  1,1,   1.026,   0.255,   0.687,   1.261,   1.261,  33.009,  13.952,   0.013,   0.003,   0.004,  5,        
1986-01-25T11:42:23.891Z,26870, 0,  1,1,   1.006,   0.255,   0.695,   1.249,   1.249,  33.819,  14.230,   0.010,   0.003,   0.005,  5,        
1986-01-25T11:43:11.891Z,26870, 1,  1,1,   0.977,   0.262,   0.712,   1.237,   1.237,  35.139,  15.006,   0.007,   0.005,   0.005,  5,        
1986-01-25T11:43:59.891Z,26870, 2,  1,1,   0.952,   0.257,   0.724,   1.223,   1.223,  36.293,  15.086,   0.012,   0.003,   0.005,  5,        
1986-01-25T11:44:47.891Z,26870, 3,  1,1,   0.935,   0.251,   0.727,   1.210,   1.210,  36.899,  15.036,   0.008,   0.011,   0.008,  5,        
1986-01-25T11:45:35.891Z,26870, 4,  1,1,   0.945,   0.224,   0.740,   1.221,   1.221,  37.312,  13.321,   0.005,   0.004,   0.005,  5,        
1986-01-25T11:46:23.890Z,26870, 5,  1,1,   0.939,   0.219,   0.728,   1.208,   1.208,  37.048,  13.127,   0.005,   0.006,   0.005,  5,        
1986-01-25T11:47:11.890Z,26870, 6,  1,1,   0.943,   0.237,   0.745,   1.225,   1.225,  37.481,  14.135,   0.006,   0.004,   0.008,  5,        
1986-01-25T11:47:59.890Z,26870, 7,  1,1,   0.940,   0.237,   0.719,   1.207,   1.207,  36.575,  14.157,   0.006,   0.002,   0.006,  5,        
1986-01-25T11:48:47.890Z,26870, 8,  1,1,   0.952,   0.243,   0.718,   1.217,   1.217,  36.157,  14.320,   0.004,   0.007,   0.005,  5,        
1986-01-25T11:49:35.890Z,26870, 9,  1,1,   0.946,   0.260,   0.724,   1.220,   1.220,  36.421,  15.370,   0.003,   0.006,   0.004,  5,        
1986-01-25T11:50:23.890Z,26870,10,  1,1,   0.946,   0.290,   0.741,   1.236,   1.236,  36.814,  17.048,   0.004,   0.011,   0.006,  5,        
1986-01-25T11:51:11.890Z,26870,11,  1,1,   0.945,   0.315,   0.750,   1.246,   1.246,  36.974,  18.422,   0.005,   0.004,   0.004,  5,        
1986-01-25T11:52:47.890Z,26870,13,  1,1,   0.928,   0.318,   0.747,   1.233,   1.233,  37.314,  18.926,   0.006,   0.004,   0.004,  3,T       
1986-01-25T11:53:35.890Z,26870,14,  1,1,   0.942,   0.318,   0.752,   1.247,   1.247,  37.108,  18.643,   0.004,   0.008,   0.007,  5,        
1986-01-25T11:54:23.890Z,26870,15,  1,1,   0.933,   0.349,   0.761,   1.253,   1.253,  37.393,  20.495,   0.006,   0.005,   0.005,  5,        
1986-01-25T11:55:11.890Z,26870,16,  1,1,   0.948,   0.352,   0.755,   1.262,   1.262,  36.748,  20.388,   0.009,   0.013,   0.006,  5,        
1986-01-25T11:55:59.890Z,26870,17,  1,1,   0.928,   0.397,   0.764,   1.266,   1.266,  37.150,  23.151,   0.014,   0.008,   0.003,  5,        
1986-01-25T11:56:47.890Z,26870,18,  1,1,   0.917,   0.416,   0.777,   1.272,   1.272,  37.658,  24.418,   0.005,   0.007,   0.006,  5,        
1986-01-25T11:57:35.890Z,26870,19,  1,1,   0.909,   0.442,   0.792,   1.284,   1.284,  38.066,  25.931,   0.011,   0.009,   0.009,  5,        
1986-01-25T11:58:23.890Z,26870,20,  1,1,   0.917,   0.453,   0.800,   1.299,   1.299,  38.051,  26.321,   0.005,   0.006,   0.003,  5,        
1986-01-25T11:59:11.890Z,26870,21,  1,1,   0.903,   0.477,   0.814,   1.306,   1.306,  38.563,  27.840,   0.011,   0.009,   0.006,  5,        
1986-01-25T11:59:59.890Z,26870,22,  1,1,   0.882,   0.454,   0.806,   1.278,   1.279,  39.105,  27.214,   0.007,   0.022,   0.004,  5,        
1986-01-25T12:00:47.890Z,26870,23,  1,1,   0.876,   0.413,   0.793,   1.251,   1.252,  39.304,  25.271,   0.005,   0.010,   0.009,  5,        
1986-01-25T12:01:35.889Z,26870,24,  1,1,   0.883,   0.393,   0.749,   1.223,   1.223,  37.758,  23.986,   0.006,   0.011,   0.009,  5,        
1986-01-25T12:02:23.889Z,26870,25,  1,1,   0.869,   0.360,   0.741,   1.198,   1.198,  38.225,  22.474,   0.003,   0.007,   0.007,  5,        
1986-01-25T12:03:11.889Z,26870,26,  1,1,   0.871,   0.375,   0.743,   1.205,   1.205,  38.055,  23.286,   0.008,   0.011,   0.004,  5,        
1986-01-25T12:03:59.889Z,26870,27,  1,1,   0.850,   0.360,   0.755,   1.192,   1.192,  39.273,  22.947,   0.013,   0.012,   0.007,  5,        
1986-01-25T12:04:47.889Z,26870,28,  1,1,   0.813,   0.320,   0.738,   1.144,   1.144,  40.208,  21.506,   0.009,   0.020,   0.008,  5,        
1986-01-25T12:05:35.889Z,26870,29,  1,1,   0.845,   0.298,   0.716,   1.147,   1.147,  38.641,  19.411,   0.014,   0.006,   0.010,  5,        
1986-01-25T12:06:23.889Z,26870,30,  1,1,   0.829,   0.325,   0.731,   1.152,   1.152,  39.400,  21.399,   0.022,   0.011,   0.010,  5, O      
1986-01-25T12:07:11.889Z,26870,31,  1,1,   0.787,   0.352,   0.740,   1.136,   1.137,  40.653,  24.102,   0.004,   0.009,   0.016,  5,        
1986-01-25T12:07:59.889Z,26870,32,  1,1,   0.783,   0.378,   0.771,   1.161,   1.161,  41.574,  25.758,   0.007,   0.004,   0.005,  5,        
1986-01-25T12:08:47.889Z,26870,33,  1,1,   0.764,   0.372,   0.790,   1.160,   1.160,  42.911,  25.974,   0.003,   0.006,   0.014,  5,        
1986-01-25T12:09:35.889Z,26870,34,  1,1,   0.746,   0.364,   0.775,   1.136,   1.136,  43.005,  26.021,   0.010,   0.011,   0.002,  5,        
1986-01-25T12:10:23.889Z,26870,35,  1,1,   0.709,   0.375,   0.750,   1.098,   1.098,  43.076,  27.835,   0.013,   0.010,   0.013,  5,        
1986-01-25T12:11:11.889Z,26870,36,  1,1,   0.675,   0.382,   0.742,   1.073,   1.073,  43.736,  29.492,   0.004,   0.008,   0.007,  5,        
1986-01-25T12:11:59.889Z,26870,37,  1,1,   0.649,   0.385,   0.725,   1.046,   1.046,  43.861,  30.699,   0.006,   0.003,   0.005,  5,        
1986-01-25T12:12:47.889Z,26870,38,  1,1,   0.641,   0.390,   0.727,   1.045,   1.045,  44.091,  31.317,   0.003,   0.010,   0.003,  5,        
1986-01-25T12:13:35.889Z,26870,39,  1,1,   0.624,   0.362,   0.704,   1.008,   1.008,  44.324,  30.090,   0.005,   0.009,   0.008,  5,        
1986-01-25T12:14:23.889Z,26870,40,  1,1,   0.616,   0.321,   0.683,   0.974,   0.974,  44.535,  27.506,   0.005,   0.014,   0.008,  5,        
1986-01-25T12:15:11.889Z,26870,41,  1,1,   0.607,   0.261,   0.623,   0.908,   0.908,  43.297,  23.232,   0.012,   0.011,   0.017,  5,        
1986-01-25T12:15:59.888Z,26870,42,  1,1,   0.624,   0.182,   0.568,   0.863,   0.863,  41.156,  16.250,   0.016,   0.019,   0.015,  5,        
1986-01-25T12:16:47.888Z,26870,43,  1,1,   0.604,   0.158,   0.542,   0.826,   0.826,  40.947,  14.696,   0.005,   0.013,   0.005,  5,        
1986-01-25T12:17:35.888Z,26870,44,  1,1,   0.603,   0.199,   0.529,   0.826,   0.827,  39.761,  18.244,   0.010,   0.008,   0.015,  5,        
1986-01-25T12:18:23.888Z,26870,45,  1,1,   0.584,   0.184,   0.495,   0.788,   0.788,  38.979,  17.502,   0.006,   0.006,   0.006,  5,        
1986-01-25T12:19:11.888Z,26870,46,  1,1,   0.578,   0.178,   0.490,   0.778,   0.778,  39.027,  17.161,   0.010,   0.005,   0.004,  5,        
1986-01-25T12:19:59.888Z,26870,47,  1,1,   0.563,   0.178,   0.479,   0.760,   0.760,  39.069,  17.540,   0.008,   0.006,   0.005,  5,        
1986-01-25T12:20:47.888Z,26870,48,  1,1,   0.535,   0.174,   0.474,   0.735,   0.735,  40.128,  17.993,   0.009,   0.004,   0.006,  5,        
1986-01-25T12:21:35.888Z,26870,49,  1,1,   0.503,   0.166,   0.480,   0.715,   0.715,  42.152,  18.207,   0.015,   0.008,   0.006,  5,        
1986-01-25T12:22:23.888Z,26870,50,  1,1,   0.490,   0.168,   0.477,   0.704,   0.704,  42.664,  18.957,   0.006,   0.005,   0.004,  5,        
1986-01-25T12:23:11.888Z,26870,51,  1,1,   0.463,   0.164,   0.452,   0.668,   0.668,  42.630,  19.436,   0.010,   0.005,   0.006,  5,        
1986-01-25T12:23:59.888Z,26870,52,  1,1,   0.422,   0.137,   0.422,   0.613,   0.613,  43.562,  17.946,   0.009,   0.010,   0.006,  5,        
1986-01-25T12:24:47.888Z,26870,53,  1,1,   0.419,   0.164,   0.433,   0.625,   0.625,  43.840,  21.402,   0.007,   0.006,   0.005,  5,        
1986-01-25T12:25:35.888Z,26870,54,  1,1,   0.384,   0.155,   0.431,   0.597,   0.597,  46.155,  22.018,   0.016,   0.005,   0.005,  5,        
1986-01-25T12:26:23.888Z,26870,55,  1,1,   0.342,   0.165,   0.428,   0.572,   0.572,  48.426,  25.755,   0.012,   0.006,   0.006,  5,        
1986-01-25T12:27:11.888Z,26870,56,  1,1,   0.283,   0.175,   0.450,   0.560,   0.560,  53.501,  31.659,   0.015,   0.005,   0.010,  5,        
1986-01-25T12:27:59.888Z,26870,57,  1,1,   0.222,   0.185,   0.490,   0.569,   0.570,  59.416,  39.822,   0.017,   0.010,   0.013,  5,        
1986-01-25T12:28:47.888Z,26870,58,  1,1,   0.166,   0.213,   0.513,   0.580,   0.580,  62.228,  52.050,   0.015,   0.008,   0.004,  5,        
1986-01-25T12:29:35.888Z,26870,59,  1,1,   0.112,   0.222,   0.508,   0.565,   0.565,  63.924,  63.130,   0.016,   0.009,   0.006,  5,        
1986-01-25T12:30:23.888Z,26871, 0,  1,1,   0.043,   0.241,   0.512,   0.568,   0.568,  64.448,  79.942,   0.017,   0.007,   0.008,  5,        
1986-01-25T12:31:11.887Z,26871, 1,  1,1,  -0.011,   0.244,   0.519,   0.573,   0.574,  64.824,  92.499,   0.013,   0.009,   0.008,  5,        
1986-01-25T12:31:59.887Z,26871, 2,  1,1,  -0.067,   0.216,   0.526,   0.572,   0.573,  66.703, 107.270,   0.012,   0.011,   0.003,  5,        
1986-01-25T12:32:47.887Z,26871, 3,  1,1,  -0.111,   0.204,   0.537,   0.585,   0.585,  66.558, 118.514,   0.021,   0.005,   0.009,  5,        
1986-01-25T12:33:35.887Z,26871, 4,  1,1,  -0.177,   0.186,   0.586,   0.640,   0.640,  66.339, 133.596,   0.013,   0.007,   0.014,  5,        
1986-01-25T12:34:23.887Z,26871, 5,  1,1,  -0.231,   0.187,   0.632,   0.699,   0.699,  64.830, 141.041,   0.014,   0.003,   0.014,  5,        
1986-01-25T12:35:11.887Z,26871, 6,  1,1,  -0.276,   0.193,   0.674,   0.754,   0.754,  63.438, 145.032,   0.006,   0.008,   0.009,  5,        
1986-01-25T12:35:59.887Z,26871, 7,  1,1,  -0.311,   0.197,   0.702,   0.793,   0.793,  62.335, 147.722,   0.015,   0.002,   0.011,  5,        
1986-01-25T12:36:47.887Z,26871, 8,  1,1,  -0.331,   0.204,   0.737,   0.833,   0.833,  62.180, 148.364,   0.009,   0.004,   0.006,  5,        
1986-01-25T12:37:35.887Z,26871, 9,  1,1,  -0.342,   0.198,   0.717,   0.819,   0.819,  61.165, 149.919,   0.023,   0.007,   0.014,  5,        
1986-01-25T12:38:23.887Z,26871,10,  1,1,  -0.390,   0.213,   0.739,   0.862,   0.862,  59.005, 151.356,   0.013,   0.017,   0.008,  5,        
1986-01-25T12:39:11.887Z,26871,11,  1,1,  -0.432,   0.229,   0.762,   0.905,   0.906,  57.333, 152.117,   0.006,   0.008,   0.007,  5,        
1986-01-25T12:39:59.887Z,26871,12,  1,1,  -0.452,   0.235,   0.762,   0.916,   0.916,  56.227, 152.514,   0.012,   0.010,   0.007,  5,        
1986-01-25T12:40:47.887Z,26871,13,  1,1,  -0.478,   0.258,   0.773,   0.945,   0.945,  54.918, 151.584,   0.003,   0.014,   0.001,  5,        
1986-01-25T12:41:35.887Z,26871,14,  1,1,  -0.485,   0.278,   0.762,   0.945,   0.945,  53.765, 150.165,   0.006,   0.005,   0.006,  5,        
1986-01-25T12:42:23.887Z,26871,15,  1,1,  -0.515,   0.280,   0.729,   0.935,   0.936,  51.232, 151.498,   0.013,   0.008,   0.009,  5,        
1986-01-25T12:43:11.887Z,26871,16,  1,1,  -0.551,   0.254,   0.696,   0.924,   0.924,  48.912, 155.234,   0.015,   0.008,   0.015,  5,        
1986-01-25T12:43:59.887Z,26871,17,  1,1,  -0.591,   0.223,   0.670,   0.920,   0.920,  46.691, 159.342,   0.004,   0.010,   0.008,  5,        
1986-01-25T12:44:47.887Z,26871,18,  1,1,  -0.614,   0.196,   0.647,   0.914,   0.914,  45.095, 162.277,   0.020,   0.007,   0.012,  5,        
1986-01-25T12:45:35.887Z,26871,19,  1,1,  -0.653,   0.180,   0.609,   0.911,   0.911,  41.938, 164.628,   0.006,   0.011,   0.011,  5,        
1986-01-25T12:46:23.886Z,26871,20,  1,1,  -0.667,   0.134,   0.544,   0.871,   0.871,  38.643, 168.600,   0.007,   0.020,   0.034,  5,        
1986-01-25T12:47:11.886Z,26871,21,  1,1,  -0.642,   0.068,   0.449,   0.786,   0.787,  34.816, 173.931,   0.008,   0.009,   0.022,  5,        
1986-01-25T12:47:59.886Z,26871,22,  1,1,  -0.684,   0.028,   0.416,   0.801,   0.801,  31.292, 177.624,   0.017,   0.008,   0.007,  5,        
1986-01-25T12:48:47.886Z,26871,23,  1,1,  -0.728,   0.025,   0.415,   0.838,   0.838,  29.678, 178.025,   0.011,   0.004,   0.011,  5,        
1986-01-25T12:49:35.886Z,26871,24,  1,1,  -0.759,   0.033,   0.450,   0.883,   0.883,  30.672, 177.532,   0.007,   0.012,   0.014,  5,        
1986-01-25T12:50:23.886Z,26871,25,  1,1,  -0.770,   0.059,   0.473,   0.906,   0.906,  31.477, 175.605,   0.006,   0.005,   0.004,  5,        
1986-01-25T12:51:11.886Z,26871,26,  1,1,  -0.786,   0.040,   0.464,   0.914,   0.914,  30.548, 177.111,   0.007,   0.009,   0.009,  5,        
1986-01-25T12:51:59.886Z,26871,27,  1,1,  -0.791,  -0.005,   0.419,   0.896,   0.896,  27.916, 180.395,   0.010,   0.018,   0.024,  5,        
1986-01-25T12:52:47.886Z,26871,28,  1,1,  -0.828,  -0.016,   0.391,   0.916,   0.916,  25.294, 181.116,   0.022,   0.012,   0.010,  5,        
1986-01-25T12:53:35.886Z,26871,29,  1,1,  -0.894,  -0.012,   0.420,   0.987,   0.987,  25.150, 180.769,   0.015,   0.011,   0.009,  5,        
1986-01-25T12:54:23.886Z,26871,30,  1,1,  -0.916,  -0.042,   0.394,   0.998,   0.998,  23.263, 182.613,   0.007,   0.004,   0.003,  5,        
1986-01-25T12:55:11.886Z,26871,31,  1,1,  -0.934,  -0.068,   0.387,   1.013,   1.013,  22.442, 184.177,   0.009,   0.005,   0.003,  5,        
1986-01-25T12:55:59.886Z,26871,32,  1,1,  -0.940,  -0.080,   0.375,   1.016,   1.016,  21.694, 184.849,   0.003,   0.007,   0.007,  5,        
1986-01-25T12:56:47.886Z,26871,33,  1,1,  -0.929,  -0.101,   0.350,   0.998,   0.998,  20.504, 186.196,   0.007,   0.004,   0.005,  5,        
1986-01-25T12:57:35.886Z,26871,34,  1,1,  -0.920,  -0.107,   0.340,   0.987,   0.987,  20.153, 186.654,   0.008,   0.003,   0.006,  5,        
1986-01-25T12:58:23.886Z,26871,35,  1,1,  -0.948,  -0.111,   0.323,   1.008,   1.008,  18.689, 186.689,   0.009,   0.026,   0.010,  5,        
1986-01-25T12:59:11.886Z,26871,36,  1,1,  -0.942,  -0.102,   0.316,   0.999,   0.999,  18.458, 186.198,   0.007,   0.019,   0.009,  5,        
1986-01-25T12:59:59.886Z,26871,37,  1,1,  -0.963,  -0.105,   0.316,   1.019,   1.019,  18.064, 186.204,   0.012,   0.023,   0.003,  5,        
1986-01-25T13:00:47.886Z,26871,38,  1,1,  -0.988,  -0.131,   0.304,   1.042,   1.042,  16.940, 187.528,   0.009,   0.009,   0.009,  5,        
1986-01-25T13:01:35.885Z,26871,39,  1,1,  -1.001,  -0.142,   0.280,   1.049,   1.049,  15.498, 188.061,   0.005,   0.010,   0.004,  5,        
1986-01-25T13:02:23.885Z,26871,40,  1,1,  -1.014,  -0.160,   0.262,   1.059,   1.059,  14.339, 188.969,   0.002,   0.006,   0.007,  5,        
1986-01-25T13:03:11.885Z,26871,41,  1,1,  -1.046,  -0.153,   0.268,   1.090,   1.090,  14.250, 188.322,   0.018,   0.008,   0.003,  5,        
1986-01-25T13:03:59.885Z,26871,42,  1,1,  -1.056,  -0.151,   0.273,   1.101,   1.101,  14.362, 188.122,   0.007,   0.003,   0.007,  5,        
1986-01-25T13:04:47.885Z,26871,43,  1,1,  -1.058,  -0.158,   0.259,   1.101,   1.101,  13.602, 188.504,   0.004,   0.007,   0.009,  5,        
1986-01-25T13:05:35.885Z,26871,44,  1,1,  -1.066,  -0.191,   0.231,   1.107,   1.107,  12.068, 190.144,   0.007,   0.006,   0.005,  5,        
1986-01-25T13:06:23.885Z,26871,45,  1,1,  -1.082,  -0.196,   0.221,   1.121,   1.121,  11.353, 190.293,   0.004,   0.005,   0.003,  5,        
1986-01-25T13:07:11.885Z,26871,46,  1,1,  -1.083,  -0.186,   0.213,   1.119,   1.119,  10.990, 189.735,   0.004,   0.007,   0.009,  5,        
1986-01-25T13:07:59.885Z,26871,47,  1,1,  -1.086,  -0.204,   0.200,   1.123,   1.123,  10.251, 190.654,   0.006,   0.010,   0.003,  5,        
1986-01-25T13:08:47.885Z,26871,48,  1,1,  -1.091,  -0.195,   0.212,   1.129,   1.129,  10.845, 190.145,   0.003,   0.003,   0.004,  5,        
1986-01-25T13:09:35.885Z,26871,49,  1,1,  -1.094,  -0.211,   0.215,   1.135,   1.135,  10.912, 190.926,   0.006,   0.007,   0.004,  5,        
1986-01-25T13:10:23.885Z,26871,50,  1,1,  -1.125,  -0.212,   0.223,   1.166,   1.166,  11.022, 190.694,   0.009,   0.002,   0.005,  5,        
1986-01-25T13:11:11.885Z,26871,51,  1,1,  -1.120,  -0.231,   0.204,   1.161,   1.161,  10.118, 191.654,   0.006,   0.008,   0.008,  5,        
1986-01-25T13:11:59.885Z,26871,52,  1,1,  -1.106,  -0.251,   0.196,   1.151,   1.151,   9.794, 192.812,   0.005,   0.004,   0.003,  5,        
1986-01-25T13:12:47.885Z,26871,53,  1,1,  -1.095,  -0.246,   0.191,   1.138,   1.138,   9.672, 192.686,   0.004,   0.007,   0.002,  5,        
1986-01-25T13:13:35.885Z,26871,54,  1,1,  -1.103,  -0.242,   0.191,   1.145,   1.145,   9.618, 192.359,   0.004,   0.003,   0.006,  5,        
1986-01-25T13:14:23.885Z,26871,55,  1,1,  -1.114,  -0.245,   0.184,   1.155,   1.155,   9.182, 192.389,   0.005,   0.006,   0.006,  5,        
1986-01-25T13:15:11.885Z,26871,56,  1,1,  -1.145,  -0.256,   0.178,   1.187,   1.187,   8.628, 192.587,   0.017,   0.009,   0.009,  5,        
1986-01-25T13:15:59.885Z,26871,57,  1,1,  -1.176,  -0.272,   0.181,   1.221,   1.221,   8.534, 193.012,   0.013,   0.009,   0.004,  5,        
1986-01-25T13:16:47.884Z,26871,58,  1,1,  -1.208,  -0.262,   0.187,   1.250,   1.250,   8.594, 192.262,   0.009,   0.015,   0.012,  5,        
1986-01-25T13:17:35.884Z,26871,59,  1,1,  -1.257,  -0.254,   0.222,   1.302,   1.302,   9.833, 191.417,   0.006,   0.012,   0.005,  5,        
1986-01-25T13:18:23.884Z,26872, 0,  1,1,  -1.262,  -0.250,   0.218,   1.305,   1.305,   9.596, 191.221,   0.009,   0.009,   0.002,  5,        
1986-01-25T13:19:11.884Z,26872, 1,  1,1,  -1.249,  -0.258,   0.208,   1.293,   1.293,   9.254, 191.674,   0.008,   0.009,   0.006,  5,        
1986-01-25T13:19:59.884Z,26872, 2,  1,1,  -1.249,  -0.264,   0.208,   1.293,   1.294,   9.236, 191.922,   0.008,   0.012,   0.004,  5,        
1986-01-25T13:20:47.884Z,26872, 3,  1,1,  -1.237,  -0.241,   0.209,   1.278,   1.278,   9.408, 191.011,   0.003,   0.011,   0.006,  5,        
1986-01-25T13:21:35.884Z,26872, 4,  1,1,  -1.251,  -0.230,   0.215,   1.290,   1.290,   9.609, 190.412,   0.022,   0.007,   0.004,  5,        
1986-01-25T13:22:23.884Z,26872, 5,  1,1,  -1.293,  -0.212,   0.231,   1.330,   1.330,   9.989, 189.302,   0.006,   0.008,   0.008,  5,        
1986-01-25T13:23:11.884Z,26872, 6,  1,1,  -1.297,  -0.206,   0.238,   1.335,   1.335,  10.276, 189.027,   0.008,   0.005,   0.008,  5,        
1986-01-25T13:23:59.884Z,26872, 7,  1,1,  -1.329,  -0.206,   0.248,   1.367,   1.367,  10.462, 188.827,   0.014,   0.006,   0.004,  5,        
1986-01-25T13:24:47.884Z,26872, 8,  1,1,  -1.352,  -0.205,   0.231,   1.387,   1.387,   9.578, 188.608,   0.008,   0.015,   0.004,  5,        
1986-01-25T13:25:35.884Z,26872, 9,  1,1,  -1.347,  -0.223,   0.204,   1.380,   1.380,   8.496, 189.394,   0.008,   0.011,   0.017,  5,        
1986-01-25T13:26:23.884Z,26872,10,  1,1,  -1.376,  -0.224,   0.199,   1.408,   1.408,   8.120, 189.256,   0.010,   0.015,   0.003,  5,        
1986-01-25T13:27:11.884Z,26872,11,  1,1,  -1.407,  -0.250,   0.181,   1.440,   1.440,   7.236, 190.068,   0.014,   0.010,   0.006,  5,        
1986-01-25T13:27:59.884Z,26872,12,  1,1,  -1.441,  -0.265,   0.162,   1.474,   1.474,   6.316, 190.412,   0.009,   0.006,   0.007,  5,        
1986-01-25T13:28:47.884Z,26872,13,  1,1,  -1.452,  -0.278,   0.144,   1.485,   1.485,   5.552, 190.830,   0.013,   0.010,   0.007,  5,        
1986-01-25T13:29:35.884Z,26872,14,  1,1,  -1.483,  -0.274,   0.117,   1.513,   1.513,   4.444, 190.453,   0.006,   0.008,   0.005,  5,        
1986-01-25T13:30:23.884Z,26872,15,  1,1,  -1.490,  -0.281,   0.101,   1.520,   1.520,   3.801, 190.662,   0.003,   0.007,   0.004,  5,        
1986-01-25T13:31:11.884Z,26872,16,  1,1,  -1.490,  -0.272,   0.110,   1.518,   1.518,   4.173, 190.345,   0.007,   0.001,   0.004,  5,        
1986-01-25T13:31:59.883Z,26872,17,  1,1,  -1.512,  -0.282,   0.104,   1.542,   1.542,   3.871, 190.571,   0.004,   0.014,   0.012,  5,        
1986-01-25T13:32:47.883Z,26872,18,  1,1,  -1.546,  -0.315,   0.076,   1.580,   1.580,   2.768, 191.514,   0.027,   0.010,   0.011,  5,        
1986-01-25T13:33:35.883Z,26872,19,  1,1,  -1.594,  -0.292,   0.107,   1.624,   1.624,   3.771, 190.382,   0.002,   0.011,   0.006,  5,        
1986-01-25T13:34:23.883Z,26872,20,  1,1,  -1.620,  -0.298,   0.108,   1.651,   1.651,   3.763, 190.441,   0.020,   0.007,   0.009,  5,        
1986-01-25T13:35:11.883Z,26872,21,  1,1,  -1.650,  -0.291,   0.116,   1.679,   1.679,   3.971, 189.990,   0.006,   0.005,   0.009,  5,        
1986-01-25T13:35:59.883Z,26872,22,  1,1,  -1.634,  -0.288,   0.084,   1.662,   1.662,   2.903, 190.007,   0.008,   0.008,   0.007,  5,        
1986-01-25T13:36:47.883Z,26872,23,  1,1,  -1.580,  -0.297,   0.130,   1.613,   1.613,   4.636, 190.631,   0.013,   0.009,   0.019,  5,        
1986-01-25T13:37:35.883Z,26872,24,  1,1,  -1.553,  -0.273,   0.149,   1.584,   1.584,   5.396, 189.956,   0.004,   0.014,   0.002,  5,        
1986-01-25T13:38:23.883Z,26872,25,  1,1,  -1.556,  -0.241,   0.137,   1.581,   1.581,   4.970, 188.820,   0.008,   0.005,   0.007,  5,        
1986-01-25T13:39:11.883Z,26872,26,  1,1,  -1.581,  -0.273,   0.113,   1.608,   1.609,   4.027, 189.799,   0.020,   0.034,   0.024,  5,        
1986-01-25T13:39:59.883Z,26872,27,  1,1,  -1.617,  -0.247,   0.094,   1.638,   1.639,   3.289, 188.675,   0.005,   0.018,   0.009,  5,        
1986-01-25T13:40:47.883Z,26872,28,  1,1,  -1.600,  -0.228,   0.110,   1.620,   1.620,   3.907, 188.123,   0.004,   0.007,   0.004,  5,        
1986-01-25T13:41:35.883Z,26872,29,  1,1,  -1.561,  -0.253,   0.096,   1.584,   1.584,   3.476, 189.220,   0.010,   0.012,   0.015,  5,        
1986-01-25T13:42:23.883Z,26872,30,  1,1,  -1.560,  -0.256,   0.078,   1.583,   1.583,   2.809, 189.312,   0.008,   0.010,   0.014,  5,        
1986-01-25T13:43:11.883Z,26872,31,  1,1,  -1.579,  -0.223,   0.058,   1.595,   1.595,   2.091, 188.033,   0.007,   0.024,   0.011,  5,        
1986-01-25T13:43:59.883Z,26872,32,  1,1,  -1.573,  -0.188,   0.074,   1.586,   1.586,   2.681, 186.801,   0.003,   0.004,   0.004,  5,        
1986-01-25T13:44:47.883Z,26872,33,  1,1,  -1.565,  -0.197,   0.069,   1.579,   1.579,   2.505, 187.156,   0.002,   0.006,   0.004,  5,        
1986-01-25T13:45:35.883Z,26872,34,  1,1,  -1.595,  -0.210,   0.067,   1.611,   1.611,   2.383, 187.483,   0.010,   0.006,   0.011,  5,        
1986-01-25T13:46:23.883Z,26872,35,  1,1,  -1.614,  -0.239,   0.106,   1.635,   1.635,   3.728, 188.439,   0.010,   0.008,   0.005,  5,        
1986-01-25T13:47:11.882Z,26872,36,  1,1,  -1.601,  -0.234,   0.123,   1.623,   1.623,   4.360, 188.324,   0.001,   0.013,   0.009,  5,        
1986-01-25T13:47:59.882Z,26872,37,  1,1,  -1.587,  -0.234,   0.128,   1.610,   1.610,   4.562, 188.401,   0.006,   0.015,   0.009,  5,        
1986-01-25T13:48:47.882Z,26872,38,  1,1,  -1.611,  -0.227,   0.144,   1.633,   1.634,   5.067, 188.019,   0.008,   0.011,   0.009,  5,        
1986-01-25T13:49:35.882Z,26872,39,  1,1,  -1.604,  -0.221,   0.129,   1.625,   1.625,   4.556, 187.829,   0.006,   0.009,   0.011,  5,        
1986-01-25T13:50:23.882Z,26872,40,  1,1,  -1.631,  -0.247,   0.117,   1.654,   1.654,   4.068, 188.608,   0.011,   0.005,   0.005,  5,        
1986-01-25T13:51:11.882Z,26872,41,  1,1,  -1.642,  -0.260,   0.103,   1.666,   1.666,   3.559, 189.012,   0.012,   0.013,   0.005,  5,        
1986-01-25T13:51:59.882Z,26872,42,  1,1,  -1.662,  -0.239,   0.113,   1.683,   1.683,   3.832, 188.176,   0.010,   0.009,   0.002,  5,        
1986-01-25T13:52:47.882Z,26872,43,  1,1,  -1.608,  -0.270,   0.116,   1.635,   1.635,   4.064, 189.543,   0.010,   0.025,   0.014,  5,        
1986-01-25T13:53:35.882Z,26872,44,  1,1,  -1.644,  -0.311,   0.135,   1.679,   1.679,   4.627, 190.696,   0.028,   0.010,   0.005,  5,        
1986-01-25T13:54:23.882Z,26872,45,  1,1,  -1.683,  -0.296,   0.135,   1.714,   1.715,   4.527, 189.959,   0.007,   0.013,   0.014,  5,        
1986-01-25T13:55:11.882Z,26872,46,  1,1,  -1.736,  -0.294,   0.148,   1.767,   1.767,   4.816, 189.628,   0.013,   0.016,   0.007,  5,        
1986-01-25T13:55:59.882Z,26872,47,  1,1,  -1.726,  -0.263,   0.166,   1.753,   1.753,   5.433, 188.651,   0.008,   0.013,   0.005,  5,        
1986-01-25T13:56:47.882Z,26872,48,  1,1,  -1.752,  -0.284,   0.162,   1.782,   1.782,   5.211, 189.191,   0.011,   0.003,   0.007,  5,        
1986-01-25T13:57:35.882Z,26872,49,  1,1,  -1.702,  -0.295,   0.168,   1.736,   1.736,   5.555, 189.821,   0.007,   0.012,   0.019,  5,        
1986-01-25T13:58:23.882Z,26872,50,  1,1,  -1.708,  -0.282,   0.151,   1.738,   1.738,   4.993, 189.387,   0.013,   0.018,   0.012,  5,        
1986-01-25T13:59:11.882Z,26872,51,  1,1,  -1.711,  -0.239,   0.128,   1.732,   1.733,   4.227, 187.955,   0.023,   0.031,   0.036,  5,        
1986-01-25T13:59:59.882Z,26872,52,  1,1,  -1.692,  -0.328,   0.269,   1.745,   1.745,   8.880, 190.973,   0.008,   0.010,   0.016,  5,        
1986-01-25T14:00:47.882Z,26872,53,  1,1,  -1.715,  -0.333,   0.240,   1.763,   1.763,   7.836, 191.005,   0.013,   0.010,   0.010,  5,        
1986-01-25T14:01:35.881Z,26872,54,  1,1,  -1.694,  -0.346,   0.266,   1.750,   1.750,   8.750, 191.556,   0.013,   0.023,   0.012,  5,        
1986-01-25T14:02:23.881Z,26872,55,  1,1,  -1.706,  -0.347,   0.300,   1.766,   1.767,   9.766, 191.486,   0.006,   0.016,   0.029,  5,        
1986-01-25T14:03:11.881Z,26872,56,  1,1,  -1.700,  -0.334,   0.204,   1.744,   1.745,   6.731, 191.124,   0.004,   0.013,   0.009,  5,        
1986-01-25T14:03:59.881Z,26872,57,  1,1,  -1.698,  -0.307,   0.204,   1.737,   1.737,   6.760, 190.245,   0.006,   0.020,   0.005,  5,        
1986-01-25T14:04:47.881Z,26872,58,  1,1,  -1.623,  -0.294,   0.176,   1.659,   1.659,   6.096, 190.268,   0.020,   0.008,   0.005,  5,        
1986-01-25T14:05:35.881Z,26872,59,  1,1,  -1.621,  -0.282,   0.157,   1.653,   1.653,   5.467, 189.857,   0.010,   0.011,   0.019,  5,        
1986-01-25T14:06:23.881Z,26873, 0,  1,1,  -1.658,  -0.281,   0.118,   1.686,   1.686,   4.000, 189.605,   0.012,   0.009,   0.010,  5,        
1986-01-25T14:07:11.881Z,26873, 1,  1,1,  -1.746,  -0.328,   0.086,   1.779,   1.779,   2.772, 190.625,   0.032,   0.009,   0.005,  5,        
1986-01-25T14:07:59.881Z,26873, 2,  1,1,  -1.779,  -0.338,   0.083,   1.813,   1.813,   2.629, 190.765,   0.006,   0.007,   0.005,  5,        
1986-01-25T14:08:47.881Z,26873, 3,  1,1,  -1.803,  -0.348,   0.067,   1.837,   1.837,   2.088, 190.912,   0.005,   0.011,   0.006,  5,        
1986-01-25T14:09:35.881Z,26873, 4,  1,1,  -1.802,  -0.364,   0.076,   1.840,   1.840,   2.382, 191.433,   0.004,   0.005,   0.013,  5,        
1986-01-25T14:10:23.881Z,26873, 5,  1,1,  -1.823,  -0.353,   0.106,   1.860,   1.860,   3.280, 190.960,   0.004,   0.004,   0.006,  5,        
1986-01-25T14:11:11.881Z,26873, 6,  1,1,  -1.848,  -0.377,   0.096,   1.888,   1.888,   2.927, 191.525,   0.004,   0.008,   0.011,  5,        
1986-01-25T14:11:59.881Z,26873, 7,  1,1,  -1.838,  -0.381,   0.096,   1.880,   1.880,   2.939, 191.715,   0.005,   0.005,   0.003,  5,        
1986-01-25T14:12:47.881Z,26873, 8,  1,1,  -1.854,  -0.355,   0.110,   1.891,   1.891,   3.327, 190.856,   0.004,   0.007,   0.004,  5,        
1986-01-25T14:13:35.881Z,26873, 9,  1,1,  -1.861,  -0.331,   0.114,   1.894,   1.894,   3.449, 190.088,   0.009,   0.009,   0.006,  5,        
1986-01-25T14:14:23.881Z,26873,10,  1,1,  -1.866,  -0.337,   0.099,   1.899,   1.899,   2.981, 190.248,   0.007,   0.010,   0.010,  5,        
1986-01-25T14:15:11.881Z,26873,11,  1,1,  -1.866,  -0.365,   0.064,   1.902,   1.902,   1.923, 191.060,   0.005,   0.009,   0.012,  5,        
1986-01-25T14:15:59.881Z,26873,12,  1,1,  -1.854,  -0.386,   0.056,   1.895,   1.895,   1.692, 191.772,   0.004,   0.003,   0.005,  5,        
1986-01-25T14:16:47.880Z,26873,13,  1,1,  -1.860,  -0.410,   0.063,   1.905,   1.905,   1.881, 192.433,   0.006,   0.001,   0.004,  5,        
1986-01-25T14:17:35.880Z,26873,14,  1,1,  -1.869,  -0.396,   0.063,   1.912,   1.912,   1.889, 191.953,   0.004,   0.013,   0.002,  5,        
1986-01-25T14:18:23.880Z,26873,15,  1,1,  -1.879,  -0.421,   0.082,   1.927,   1.927,   2.441, 192.617,   0.019,   0.012,   0.008,  5,        
1986-01-25T14:19:11.880Z,26873,16,  1,1,  -1.935,  -0.436,   0.085,   1.985,   1.985,   2.446, 192.704,   0.014,   0.010,   0.007,  5,        
1986-01-25T14:19:59.880Z,26873,17,  1,1,  -1.950,  -0.450,   0.055,   2.002,   2.002,   1.568, 193.006,   0.003,   0.021,   0.006,  5,        
1986-01-25T14:20:47.880Z,26873,18,  1,1,  -1.971,  -0.486,   0.066,   2.031,   2.032,   1.855, 193.845,   0.009,   0.010,   0.013,  5,        
1986-01-25T14:21:35.880Z,26873,19,  1,1,  -2.019,  -0.493,   0.072,   2.080,   2.080,   1.997, 193.715,   0.012,   0.005,   0.005,  5,        
1986-01-25T14:22:23.880Z,26873,20,  1,1,  -2.060,  -0.469,   0.054,   2.114,   2.114,   1.472, 192.815,   0.008,   0.006,   0.004,  5,        
1986-01-25T14:23:11.880Z,26873,21,  1,1,  -2.057,  -0.446,   0.062,   2.105,   2.106,   1.688, 192.230,   0.007,   0.019,   0.004,  5,        
1986-01-25T14:23:59.880Z,26873,22,  1,1,  -2.037,  -0.409,   0.079,   2.079,   2.079,   2.178, 191.350,   0.013,   0.015,   0.010,  5,        
1986-01-25T14:24:47.880Z,26873,23,  1,1,  -2.013,  -0.437,   0.069,   2.061,   2.061,   1.923, 192.239,   0.013,   0.006,   0.005,  5,        
1986-01-25T14:25:35.880Z,26873,24,  1,1,  -2.049,  -0.438,   0.073,   2.097,   2.097,   2.006, 192.072,   0.009,   0.006,   0.008,  5,        
1986-01-25T14:26:23.880Z,26873,25,  1,1,  -2.020,  -0.463,   0.094,   2.074,   2.074,   2.584, 192.911,   0.001,   0.014,   0.010,  5,        
1986-01-25T14:27:11.880Z,26873,26,  1,1,  -2.040,  -0.437,   0.123,   2.090,   2.090,   3.366, 192.095,   0.010,   0.006,   0.008,  5,        
1986-01-25T14:27:59.880Z,26873,27,  1,1,  -2.040,  -0.436,   0.105,   2.088,   2.088,   2.876, 192.066,   0.009,   0.016,   0.019,  5,        
1986-01-25T14:28:47.880Z,26873,28,  1,1,  -2.037,  -0.444,   0.091,   2.087,   2.087,   2.490, 192.301,   0.013,   0.016,   0.010,  5,        
1986-01-25T14:29:35.880Z,26873,29,  1,1,  -2.066,  -0.492,   0.070,   2.125,   2.125,   1.875, 193.383,   0.007,   0.007,   0.003,  5,        
1986-01-25T14:30:23.880Z,26873,30,  1,1,  -2.065,  -0.496,   0.065,   2.124,   2.125,   1.746, 193.502,   0.003,   0.011,   0.012,  5,        
1986-01-25T14:31:11.880Z,26873,31,  1,1,  -2.074,  -0.449,   0.084,   2.124,   2.124,   2.265, 192.211,   0.011,   0.017,   0.005,  5,        
1986-01-25T14:31:59.879Z,26873,32,  1,1,  -2.087,  -0.406,   0.067,   2.127,   2.127,   1.811, 191.011,   0.008,   0.025,   0.012,  5,        
1986-01-25T14:32:47.879Z,26873,33,  1,1,  -2.092,  -0.399,   0.084,   2.132,   2.132,   2.270, 190.802,   0.007,   0.009,   0.006,  5,        
1986-01-25T14:33:35.879Z,26873,34,  1,1,  -2.064,  -0.370,   0.110,   2.100,   2.100,   3.001, 190.173,   0.013,   0.015,   0.008,  5,        
1986-01-25T14:34:23.879Z,26873,35,  1,1,  -2.023,  -0.384,   0.144,   2.064,   2.065,   3.997, 190.736,   0.007,   0.012,   0.018,  5,        
1986-01-25T14:35:11.879Z,26873,36,  1,1,  -2.009,  -0.399,   0.157,   2.054,   2.054,   4.394, 191.233,   0.008,   0.004,   0.009,  5,        
1986-01-25T14:35:59.879Z,26873,37,  1,1,  -1.984,  -0.423,   0.090,   2.031,   2.031,   2.536, 192.041,   0.006,   0.009,   0.031,  5,        
1986-01-25T14:36:47.879Z,26873,38,  1,1,  -1.990,  -0.442,   0.037,   2.039,   2.039,   1.039, 192.527,   0.026,   0.006,   0.011,  5,        
1986-01-25T14:37:35.879Z,26873,39,  1,1,  -2.071,  -0.430,   0.067,   2.117,   2.117,   1.816, 191.738,   0.023,   0.017,   0.006,  5,        
1986-01-25T14:38:23.879Z,26873,40,  1,1,  -2.129,  -0.423,   0.068,   2.172,   2.172,   1.782, 191.246,   0.009,   0.006,   0.008,  5,        
1986-01-25T14:39:11.879Z,26873,41,  1,1,  -2.126,  -0.394,   0.062,   2.163,   2.163,   1.634, 190.510,   0.013,   0.011,   0.005,  5,        
1986-01-25T14:39:59.879Z,26873,42,  1,1,  -2.116,  -0.363,   0.058,   2.148,   2.148,   1.552, 189.742,   0.007,   0.004,   0.006,  5,        
1986-01-25T14:40:47.879Z,26873,43,  1,1,  -2.117,  -0.391,   0.046,   2.154,   2.154,   1.235, 190.474,   0.010,   0.027,   0.012,  5,        
1986-01-25T14:41:35.879Z,26873,44,  1,1,  -2.095,  -0.453,   0.067,   2.144,   2.144,   1.801, 192.191,   0.011,   0.019,   0.005,  5,        
1986-01-25T14:42:23.879Z,26873,45,  1,1,  -2.126,  -0.491,   0.087,   2.184,   2.184,   2.295, 192.993,   0.020,   0.025,   0.009,  5,        
1986-01-25T14:43:11.879Z,26873,46,  1,1,  -2.124,  -0.354,   0.076,   2.155,   2.156,   2.032, 189.451,   0.014,   0.068,   0.013,  5,        
1986-01-25T14:43:59.879Z,26873,47,  1,1,  -2.138,  -0.300,   0.080,   2.160,   2.160,   2.122, 187.987,   0.007,   0.020,   0.004,  5,        
1986-01-25T14:44:47.879Z,26873,48,  1,1,  -2.109,  -0.393,   0.020,   2.146,   2.147,   0.529, 190.556,   0.019,   0.042,   0.043,  5,        
1986-01-25T14:45:35.879Z,26873,49,  1,1,  -2.103,  -0.456,  -0.027,   2.152,   2.152,  -0.707, 192.240,   0.018,   0.014,   0.011,  5,        
1986-01-25T14:46:23.879Z,26873,50,  1,1,  -2.153,  -0.451,   0.006,   2.200,   2.200,   0.156, 191.817,   0.013,   0.012,   0.006,  5,        
1986-01-25T14:47:11.878Z,26873,51,  1,1,  -2.167,  -0.468,   0.034,   2.217,   2.217,   0.868, 192.184,   0.005,   0.004,   0.009,  5,        
1986-01-25T14:47:59.878Z,26873,52,  1,1,  -2.173,  -0.476,   0.039,   2.225,   2.225,   1.005, 192.367,   0.009,   0.005,   0.006,  5,        
1986-01-25T14:48:47.878Z,26873,53,  1,1,  -2.183,  -0.473,   0.032,   2.234,   2.234,   0.809, 192.223,   0.002,   0.006,   0.007,  5,        
1986-01-25T14:49:35.878Z,26873,54,  1,1,  -2.173,  -0.463,   0.044,   2.222,   2.222,   1.135, 192.028,   0.011,   0.006,   0.014,  5,        
1986-01-25T14:50:23.878Z,26873,55,  1,1,  -2.165,  -0.453,   0.049,   2.212,   2.212,   1.263, 191.816,   0.004,   0.004,   0.004,  5,        
1986-01-25T14:51:11.878Z,26873,56,  1,1,  -2.160,  -0.439,   0.058,   2.205,   2.205,   1.506, 191.492,   0.005,   0.008,   0.007,  5,        
1986-01-25T14:51:59.878Z,26873,57,  1,1,  -2.140,  -0.402,   0.062,   2.179,   2.179,   1.638, 190.639,   0.006,   0.009,   0.008,  5,        
1986-01-25T14:52:47.878Z,26873,58,  1,1,  -2.165,  -0.400,   0.046,   2.202,   2.202,   1.187, 190.459,   0.009,   0.007,   0.007,  5,        
1986-01-25T14:53:35.878Z,26873,59,  1,1,  -2.155,  -0.410,   0.044,   2.195,   2.195,   1.148, 190.766,   0.006,   0.005,   0.005,  5,        
1986-01-25T14:54:23.878Z,26874, 0,  1,1,  -2.158,  -0.411,   0.060,   2.197,   2.197,   1.556, 190.784,   0.004,   0.005,   0.006,  5,        
1986-01-25T14:55:11.878Z,26874, 1,  1,1,  -2.168,  -0.423,   0.065,   2.210,   2.210,   1.679, 191.052,   0.003,   0.006,   0.002,  5,        
1986-01-25T14:55:59.878Z,26874, 2,  1,1,  -2.182,  -0.416,   0.070,   2.223,   2.223,   1.811, 190.803,   0.006,   0.004,   0.004,  5,        
1986-01-25T14:56:47.878Z,26874, 3,  1,1,  -2.186,  -0.424,   0.084,   2.228,   2.228,   2.161, 190.981,   0.005,   0.003,   0.006,  5,        
1986-01-25T14:57:35.878Z,26874, 4,  1,1,  -2.185,  -0.393,   0.083,   2.222,   2.222,   2.145, 190.206,   0.001,   0.007,   0.007,  5,        
1986-01-25T14:58:23.878Z,26874, 5,  1,1,  -2.169,  -0.398,   0.071,   2.206,   2.206,   1.834, 190.409,   0.006,   0.009,   0.006,  5,        
1986-01-25T14:59:11.878Z,26874, 6,  1,1,  -2.161,  -0.403,   0.074,   2.200,   2.200,   1.938, 190.554,   0.008,   0.008,   0.003,  5,        
1986-01-25T14:59:59.878Z,26874, 7,  1,1,  -2.170,  -0.396,   0.083,   2.207,   2.207,   2.162, 190.338,   0.008,   0.013,   0.019,  5,        
1986-01-25T15:00:47.878Z,26874, 8,  1,1,  -2.158,  -0.400,   0.098,   2.197,   2.197,   2.550, 190.488,   0.011,   0.012,   0.008,  5,        
1986-01-25T15:01:35.878Z,26874, 9,  1,1,  -2.164,  -0.396,   0.091,   2.202,   2.202,   2.357, 190.359,   0.009,   0.016,   0.007,  5,        
1986-01-25T15:02:23.877Z,26874,10,  1,1,  -2.161,  -0.375,   0.084,   2.195,   2.195,   2.201, 189.851,   0.002,   0.009,   0.006,  5,        
1986-01-25T15:03:11.877Z,26874,11,  1,1,  -2.168,  -0.389,   0.081,   2.204,   2.204,   2.102, 190.180,   0.006,   0.005,   0.005,  5,        
1986-01-25T15:03:59.877Z,26874,12,  1,1,  -2.196,  -0.329,   0.097,   2.223,   2.223,   2.500, 188.524,   0.008,   0.024,   0.013,  5,        
1986-01-25T15:04:47.877Z,26874,13,  1,1,  -2.160,  -0.381,   0.067,   2.194,   2.194,   1.745, 190.014,   0.018,   0.029,   0.009,  5,        
1986-01-25T15:05:35.877Z,26874,14,  1,1,  -2.181,  -0.360,   0.089,   2.212,   2.212,   2.293, 189.362,   0.003,   0.035,   0.006,  5,        
1986-01-25T15:06:23.877Z,26874,15,  1,1,  -2.168,  -0.300,   0.107,   2.192,   2.192,   2.808, 187.887,   0.008,   0.008,   0.013,  5,        
1986-01-25T15:07:11.877Z,26874,16,  1,1,  -2.153,  -0.347,   0.067,   2.182,   2.182,   1.768, 189.142,   0.005,   0.008,   0.009,  5,        
1986-01-25T15:07:59.877Z,26874,17,  1,1,  -2.157,  -0.369,   0.063,   2.189,   2.189,   1.639, 189.697,   0.005,   0.011,   0.013,  5,        
1986-01-25T15:08:47.877Z,26874,18,  1,1,  -2.189,  -0.373,   0.097,   2.222,   2.222,   2.500, 189.677,   0.017,   0.007,   0.024,  5,        
1986-01-25T15:09:35.877Z,26874,19,  1,1,  -2.223,  -0.392,   0.100,   2.259,   2.259,   2.535, 190.003,   0.007,   0.017,   0.015,  5,        
1986-01-25T15:10:23.877Z,26874,20,  1,1,  -2.246,  -0.396,   0.084,   2.282,   2.282,   2.114, 190.008,   0.003,   0.006,   0.004,  5,        
1986-01-25T15:11:11.877Z,26874,21,  1,1,  -2.255,  -0.373,   0.085,   2.287,   2.287,   2.137, 189.388,   0.004,   0.007,   0.010,  5,        
1986-01-25T15:11:59.877Z,26874,22,  1,1,  -2.252,  -0.386,   0.057,   2.286,   2.286,   1.418, 189.730,   0.002,   0.007,   0.019,  5,        
1986-01-25T15:12:47.877Z,26874,23,  1,1,  -2.260,  -0.395,   0.060,   2.295,   2.295,   1.500, 189.907,   0.009,   0.035,   0.027,  5,        
1986-01-25T15:13:35.877Z,26874,24,  1,1,  -2.256,  -0.351,   0.094,   2.285,   2.285,   2.356, 188.854,   0.008,   0.010,   0.013,  5,        
1986-01-25T15:14:23.877Z,26874,25,  1,1,  -2.247,  -0.331,   0.097,   2.273,   2.273,   2.446, 188.384,   0.008,   0.006,   0.009,  5,        
1986-01-25T15:15:11.877Z,26874,26,  1,1,  -2.242,  -0.327,   0.081,   2.268,   2.268,   2.056, 188.307,   0.007,   0.003,   0.003,  5,        
1986-01-25T15:15:59.877Z,26874,27,  1,1,  -2.237,  -0.312,   0.092,   2.261,   2.261,   2.334, 187.939,   0.003,   0.008,   0.007,  5,        
1986-01-25T15:16:47.877Z,26874,28,  1,1,  -2.245,  -0.321,   0.091,   2.269,   2.269,   2.288, 188.129,   0.003,   0.016,   0.011,  5,        
1986-01-25T15:17:35.876Z,26874,29,  1,1,  -2.243,  -0.312,   0.123,   2.268,   2.268,   3.099, 187.922,   0.008,   0.014,   0.004,  5,        
1986-01-25T15:18:23.876Z,26874,30,  1,1,  -2.273,  -0.294,   0.127,   2.295,   2.295,   3.171, 187.382,   0.004,   0.013,   0.006,  5,        
1986-01-25T15:19:11.876Z,26874,31,  1,1,  -2.245,  -0.296,   0.121,   2.268,   2.268,   3.067, 187.519,   0.004,   0.009,   0.003,  5,        
1986-01-25T15:19:59.876Z,26874,32,  1,1,  -2.239,  -0.280,   0.118,   2.260,   2.260,   2.994, 187.138,   0.002,   0.012,   0.009,  5,        
1986-01-25T15:20:47.876Z,26874,33,  1,1,  -2.248,  -0.329,   0.103,   2.274,   2.274,   2.591, 188.317,   0.010,   0.013,   0.006,  5,        
1986-01-25T15:21:35.876Z,26874,34,  1,1,  -2.256,  -0.332,   0.112,   2.283,   2.283,   2.814, 188.381,   0.006,   0.006,   0.003,  5,        
1986-01-25T15:22:23.876Z,26874,35,  1,1,  -2.250,  -0.318,   0.123,   2.276,   2.276,   3.088, 188.038,   0.006,   0.004,   0.002,  5,        
1986-01-25T15:23:11.876Z,26874,36,  1,1,  -2.237,  -0.322,   0.127,   2.264,   2.264,   3.225, 188.200,   0.004,   0.006,   0.009,  5,        
1986-01-25T15:23:59.876Z,26874,37,  1,1,  -2.235,  -0.312,   0.134,   2.261,   2.261,   3.410, 187.935,   0.005,   0.005,   0.005,  5,        
1986-01-25T15:24:47.876Z,26874,38,  1,1,  -2.221,  -0.300,   0.133,   2.245,   2.245,   3.400, 187.703,   0.003,   0.005,   0.007,  5,        
1986-01-25T15:25:35.876Z,26874,39,  1,1,  -2.213,  -0.310,   0.141,   2.239,   2.239,   3.608, 187.986,   0.001,   0.008,   0.003,  5,        
1986-01-25T15:26:23.876Z,26874,40,  1,1,  -2.213,  -0.314,   0.103,   2.238,   2.238,   2.628, 188.064,   0.005,   0.008,   0.016,  5,        
1986-01-25T15:27:11.876Z,26874,41,  1,1,  -2.201,  -0.305,   0.097,   2.224,   2.224,   2.506, 187.889,   0.002,   0.008,   0.003,  5,        
1986-01-25T15:27:59.876Z,26874,42,  1,1,  -2.186,  -0.306,   0.097,   2.210,   2.210,   2.506, 187.979,   0.003,   0.005,   0.010,  5,        
1986-01-25T15:28:47.876Z,26874,43,  1,1,  -2.196,  -0.298,   0.117,   2.219,   2.219,   3.034, 187.724,   0.005,   0.006,   0.002,  5,        
1986-01-25T15:29:35.876Z,26874,44,  1,1,  -2.201,  -0.306,   0.122,   2.225,   2.225,   3.143, 187.919,   0.004,   0.003,   0.006,  5,        
1986-01-25T15:30:23.876Z,26874,45,  1,1,  -2.188,  -0.309,   0.113,   2.213,   2.213,   2.918, 188.044,   0.008,   0.007,   0.004,  5,        
1986-01-25T15:31:11.876Z,26874,46,  1,1,  -2.187,  -0.320,   0.104,   2.213,   2.213,   2.683, 188.336,   0.006,   0.008,   0.004,  5,        
1986-01-25T15:31:59.876Z,26874,47,  1,1,  -2.202,  -0.313,   0.114,   2.227,   2.227,   2.929, 188.087,   0.003,   0.010,   0.009,  5,        
1986-01-25T15:32:47.875Z,26874,48,  1,1,  -2.199,  -0.315,   0.116,   2.225,   2.225,   2.982, 188.148,   0.004,   0.007,   0.008,  5,        
1986-01-25T15:33:35.875Z,26874,49,  1,1,  -2.206,  -0.335,   0.092,   2.234,   2.234,   2.371, 188.636,   0.009,   0.005,   0.003,  5,        
1986-01-25T15:34:23.875Z,26874,50,  1,1,  -2.227,  -0.330,   0.090,   2.253,   2.253,   2.283, 188.425,   0.003,   0.010,   0.009,  5,        
1986-01-25T15:35:11.875Z,26874,51,  1,1,  -2.234,  -0.317,   0.101,   2.259,   2.259,   2.550, 188.088,   0.005,   0.018,   0.018,  5,        
1986-01-25T15:35:59.875Z,26874,52,  1,1,  -2.249,  -0.300,   0.105,   2.271,   2.271,   2.649, 187.606,   0.002,   0.003,   0.010,  5,        
1986-01-25T15:36:47.875Z,26874,53,  1,1,  -2.255,  -0.297,   0.107,   2.277,   2.277,   2.698, 187.505,   0.007,   0.007,   0.009,  5,        
1986-01-25T15:37:35.875Z,26874,54,  1,1,  -2.265,  -0.319,   0.110,   2.290,   2.290,   2.747, 188.012,   0.003,   0.014,   0.006,  5,        
1986-01-25T15:38:23.875Z,26874,55,  1,1,  -2.259,  -0.305,   0.115,   2.282,   2.282,   2.884, 187.683,   0.005,   0.011,   0.007,  5,        
1986-01-25T15:39:11.875Z,26874,56,  1,1,  -2.240,  -0.329,   0.101,   2.267,   2.267,   2.560, 188.352,   0.006,   0.014,   0.003,  5,        
1986-01-25T15:39:59.875Z,26874,57,  1,1,  -2.235,  -0.356,   0.097,   2.266,   2.266,   2.458, 189.051,   0.002,   0.004,   0.005,  5,        
1986-01-25T15:40:47.875Z,26874,58,  1,1,  -2.239,  -0.356,   0.115,   2.270,   2.270,   2.900, 189.034,   0.004,   0.008,   0.012,  5,        
1986-01-25T15:41:35.875Z,26874,59,  1,1,  -2.241,  -0.361,   0.088,   2.272,   2.272,   2.231, 189.156,   0.008,   0.016,   0.025,  5,        
1986-01-25T15:42:23.875Z,26875, 0,  1,1,  -2.265,  -0.313,   0.091,   2.288,   2.288,   2.285, 187.873,   0.005,   0.013,   0.006,  5,        
1986-01-25T15:43:11.875Z,26875, 1,  1,1,  -2.255,  -0.314,   0.089,   2.278,   2.278,   2.237, 187.918,   0.012,   0.014,   0.006,  5,        
1986-01-25T15:43:59.875Z,26875, 2,  1,1,  -2.252,  -0.289,   0.083,   2.272,   2.272,   2.096, 187.311,   0.006,   0.011,   0.006,  5,        
1986-01-25T15:44:47.875Z,26875, 3,  1,1,  -2.244,  -0.339,   0.038,   2.270,   2.270,   0.966, 188.582,   0.002,   0.017,   0.018,  5,        
1986-01-25T15:45:35.875Z,26875, 4,  1,1,  -2.257,  -0.371,   0.050,   2.288,   2.288,   1.264, 189.331,   0.006,   0.013,   0.009,  5,        
1986-01-25T15:46:23.875Z,26875, 5,  1,1,  -2.264,  -0.330,   0.074,   2.289,   2.289,   1.864, 188.292,   0.003,   0.004,   0.001,  5,        
1986-01-25T15:47:11.875Z,26875, 6,  1,1,  -2.257,  -0.321,   0.093,   2.282,   2.282,   2.338, 188.094,   0.003,   0.010,   0.012,  5,        
1986-01-25T15:47:59.874Z,26875, 7,  1,1,  -2.263,  -0.301,   0.123,   2.287,   2.287,   3.074, 187.578,   0.002,   0.007,   0.002,  5,        
1986-01-25T15:48:47.874Z,26875, 8,  1,1,  -2.255,  -0.291,   0.114,   2.276,   2.276,   2.875, 187.351,   0.007,   0.002,   0.006,  5,        
1986-01-25T15:49:35.874Z,26875, 9,  1,1,  -2.244,  -0.309,   0.119,   2.268,   2.268,   3.014, 187.842,   0.003,   0.009,   0.001,  5,        
1986-01-25T15:50:23.874Z,26875,10,  1,1,  -2.253,  -0.317,   0.111,   2.278,   2.278,   2.792, 188.013,   0.005,   0.006,   0.006,  5,        
1986-01-25T15:51:11.874Z,26875,11,  1,1,  -2.254,  -0.336,   0.107,   2.281,   2.281,   2.697, 188.484,   0.004,   0.009,   0.009,  5,        
1986-01-25T15:51:59.874Z,26875,12,  1,1,  -2.262,  -0.341,   0.111,   2.290,   2.290,   2.786, 188.580,   0.003,   0.003,   0.011,  5,        
1986-01-25T15:52:47.874Z,26875,13,  1,1,  -2.262,  -0.333,   0.131,   2.290,   2.290,   3.275, 188.367,   0.005,   0.005,   0.005,  5,        
1986-01-25T15:53:35.874Z,26875,14,  1,1,  -2.253,  -0.328,   0.100,   2.279,   2.280,   2.520, 188.293,   0.003,   0.008,   0.007,  5,        
1986-01-25T15:54:23.874Z,26875,15,  1,1,  -2.274,  -0.308,   0.077,   2.296,   2.296,   1.923, 187.708,   0.008,   0.009,   0.012,  5,        
1986-01-25T15:55:11.874Z,26875,16,  1,1,  -2.284,  -0.318,   0.060,   2.307,   2.307,   1.495, 187.920,   0.006,   0.011,   0.009,  5,        
1986-01-25T15:55:59.874Z,26875,17,  1,1,  -2.274,  -0.330,   0.078,   2.299,   2.299,   1.947, 188.257,   0.002,   0.007,   0.006,  5,        
1986-01-25T15:56:47.874Z,26875,18,  1,1,  -2.278,  -0.321,   0.076,   2.302,   2.302,   1.887, 188.013,   0.004,   0.003,   0.004,  5,        
1986-01-25T15:57:35.874Z,26875,19,  1,1,  -2.281,  -0.331,   0.071,   2.306,   2.306,   1.771, 188.256,   0.004,   0.010,   0.007,  5,        
1986-01-25T15:58:23.874Z,26875,20,  1,1,  -2.283,  -0.305,   0.052,   2.304,   2.304,   1.305, 187.604,   0.004,   0.006,   0.004,  5,        
1986-01-25T15:59:11.874Z,26875,21,  1,1,  -2.285,  -0.326,   0.046,   2.309,   2.309,   1.147, 188.114,   0.005,   0.014,   0.004,  5,        
1986-01-25T15:59:59.874Z,26875,22,  1,1,  -2.289,  -0.328,   0.053,   2.313,   2.313,   1.319, 188.162,   0.004,   0.013,   0.007,  5,        
1986-01-25T16:00:47.874Z,26875,23,  1,1,  -2.298,  -0.332,   0.052,   2.323,   2.323,   1.289, 188.211,   0.002,   0.015,   0.005,  5,        
1986-01-25T16:01:35.874Z,26875,24,  1,1,  -2.292,  -0.314,   0.025,   2.314,   2.314,   0.631, 187.804,   0.007,   0.006,   0.009,  5,        
1986-01-25T16:02:23.873Z,26875,25,  1,1,  -2.287,  -0.325,   0.026,   2.311,   2.311,   0.645, 188.098,   0.005,   0.009,   0.005,  5,        
1986-01-25T16:03:11.873Z,26875,26,  1,1,  -2.291,  -0.296,   0.001,   2.310,   2.310,   0.021, 187.365,   0.004,   0.004,   0.009,  5,        
1986-01-25T16:05:35.873Z,26875,29,  1,1,  -2.285,  -0.283,  -0.006,   2.302,   2.302,  -0.148, 187.066,   0.029,   0.007,   0.012,  5,T       
1986-01-25T16:06:23.873Z,26875,30,  1,1,  -2.292,  -0.290,   0.003,   2.310,   2.310,   0.070, 187.201,   0.005,   0.006,   0.010,  5,        
1986-01-25T16:07:11.873Z,26875,31,  1,1,  -2.317,  -0.311,   0.041,   2.338,   2.338,   1.013, 187.658,   0.007,   0.005,   0.015,  5,        
1986-01-25T16:07:59.873Z,26875,32,  1,1,  -2.317,  -0.301,   0.021,   2.336,   2.336,   0.508, 187.412,   0.005,   0.010,   0.012,  5,        
1986-01-25T16:08:47.873Z,26875,33,  1,1,  -2.307,  -0.291,  -0.018,   2.326,   2.326,  -0.438, 187.183,   0.002,   0.005,   0.011,  5,        
1986-01-25T16:09:35.873Z,26875,34,  1,1,  -2.308,  -0.289,   0.007,   2.326,   2.326,   0.174, 187.139,   0.004,   0.004,   0.003,  5,        
1986-01-25T16:10:23.873Z,26875,35,  1,1,  -2.303,  -0.285,   0.001,   2.321,   2.321,   0.017, 187.055,   0.004,   0.006,   0.006,  5,        
1986-01-25T16:11:11.873Z,26875,36,  1,1,  -2.296,  -0.266,  -0.009,   2.311,   2.311,  -0.231, 186.611,   0.005,   0.008,   0.020,  5,        
1986-01-25T16:11:59.873Z,26875,37,  1,1,  -2.307,  -0.263,  -0.011,   2.322,   2.322,  -0.274, 186.499,   0.007,   0.005,   0.009,  5,        
1986-01-25T16:12:47.873Z,26875,38,  1,1,  -2.324,  -0.259,   0.033,   2.339,   2.339,   0.798, 186.368,   0.003,   0.004,   0.019,  4,        
1986-01-25T16:13:35.873Z,26875,39,  1,1,  -2.309,  -0.266,  -0.004,   2.324,   2.324,  -0.090, 186.561,   0.031,   0.005,   0.017,  4,T       
1986-01-25T16:14:23.873Z,26875,40,  1,1,  -2.332,  -0.264,   0.011,   2.347,   2.347,   0.267, 186.465,   0.003,   0.002,   0.008,  5,        
1986-01-25T16:15:11.873Z,26875,41,  1,1,  -2.328,  -0.277,   0.022,   2.345,   2.345,   0.531, 186.782,   0.011,   0.012,   0.005,  5,        
1986-01-25T16:15:59.873Z,26875,42,  1,1,  -2.326,  -0.290,  -0.007,   2.344,   2.344,  -0.173, 187.106,   0.003,   0.005,   0.005,  5,T       
1986-01-25T16:16:47.873Z,26875,43,  1,1,  -2.315,  -0.273,  -0.026,   2.331,   2.331,  -0.628, 186.738,   0.002,   0.014,   0.009,  5,        
1986-01-25T16:17:35.872Z,26875,44,  1,1,  -2.327,  -0.284,  -0.018,   2.345,   2.345,  -0.438, 186.960,   0.004,   0.005,   0.004,  5,        
1986-01-25T16:18:23.872Z,26875,45,  1,1,  -2.329,  -0.285,  -0.041,   2.347,   2.347,  -1.010, 186.967,   0.004,   0.028,   0.011,  5,        
1986-01-25T16:19:11.872Z,26875,46,  1,1,  -2.333,  -0.248,  -0.055,   2.347,   2.347,  -1.342, 186.071,   0.005,   0.012,   0.009,  5,        
1986-01-25T16:19:59.872Z,26875,47,  1,1,  -2.337,  -0.260,  -0.051,   2.352,   2.352,  -1.231, 186.339,   0.003,   0.006,   0.008,  5,        
1986-01-25T16:20:47.872Z,26875,48,  1,1,  -2.329,  -0.247,  -0.039,   2.343,   2.343,  -0.958, 186.041,   0.002,   0.008,   0.008,  5,        
1986-01-25T16:21:35.872Z,26875,49,  1,1,  -2.338,  -0.264,  -0.059,   2.353,   2.353,  -1.439, 186.448,   0.004,   0.006,   0.015,  5,        
1986-01-25T16:22:23.872Z,26875,50,  1,1,  -2.331,  -0.262,  -0.056,   2.346,   2.346,  -1.369, 186.407,   0.004,   0.006,   0.007,  5,        
1986-01-25T16:23:11.872Z,26875,51,  1,1,  -2.327,  -0.256,  -0.063,   2.342,   2.342,  -1.538, 186.281,   0.002,   0.003,   0.012,  5,        
1986-01-25T16:23:59.872Z,26875,52,  1,1,  -2.325,  -0.272,  -0.027,   2.341,   2.341,  -0.673, 186.674,   0.005,   0.009,   0.012,  5,        
1986-01-25T16:24:47.872Z,26875,53,  1,1,  -2.328,  -0.271,  -0.052,   2.344,   2.344,  -1.264, 186.630,   0.005,   0.003,   0.005,  5,        
1986-01-25T16:25:35.872Z,26875,54,  1,1,  -2.324,  -0.275,  -0.026,   2.340,   2.340,  -0.629, 186.757,   0.004,   0.005,   0.005,  5,        
1986-01-25T16:26:23.872Z,26875,55,  1,1,  -2.338,  -0.291,  -0.025,   2.356,   2.356,  -0.617, 187.105,   0.008,   0.008,   0.004,  5,        
1986-01-25T16:27:11.872Z,26875,56,  1,1,  -2.322,  -0.272,  -0.054,   2.338,   2.339,  -1.317, 186.694,   0.007,   0.012,   0.026,  5,        
1986-01-25T16:27:59.872Z,26875,57,  1,1,  -2.321,  -0.274,  -0.055,   2.338,   2.338,  -1.358, 186.734,   0.003,   0.005,   0.008,  5,        
1986-01-25T16:28:47.872Z,26875,58,  1,1,  -2.318,  -0.264,  -0.060,   2.334,   2.334,  -1.462, 186.490,   0.005,   0.013,   0.006,  5,        
1986-01-25T16:29:35.872Z,26875,59,  1,1,  -2.319,  -0.254,  -0.052,   2.334,   2.334,  -1.275, 186.258,   0.004,   0.005,   0.010,  5,        
1986-01-25T16:30:23.872Z,26876, 0,  1,1,  -2.317,  -0.272,  -0.071,   2.334,   2.334,  -1.739, 186.695,   0.004,   0.002,   0.007,  5,        
1986-01-25T16:31:11.872Z,26876, 1,  1,1,  -2.316,  -0.268,  -0.082,   2.333,   2.333,  -2.020, 186.596,   0.001,   0.007,   0.006,  5,        
1986-01-25T16:31:59.872Z,26876, 2,  1,1,  -2.304,  -0.271,  -0.082,   2.322,   2.322,  -2.032, 186.710,   0.001,   0.008,   0.004,  5,        
1986-01-25T16:32:47.871Z,26876, 3,  1,1,  -2.302,  -0.251,  -0.087,   2.317,   2.317,  -2.149, 186.233,   0.006,   0.004,   0.006,  5,        
1986-01-25T16:33:35.871Z,26876, 4,  1,1,  -2.302,  -0.268,  -0.093,   2.319,   2.319,  -2.294, 186.642,   0.005,   0.008,   0.008,  5,        
1986-01-25T16:34:23.871Z,26876, 5,  1,1,  -2.296,  -0.264,  -0.096,   2.314,   2.314,  -2.368, 186.568,   0.004,   0.009,   0.008,  5,        
1986-01-25T16:35:11.871Z,26876, 6,  1,1,  -2.288,  -0.279,  -0.108,   2.307,   2.307,  -2.672, 186.957,   0.007,   0.011,   0.004,  5,        
1986-01-25T16:35:59.871Z,26876, 7,  1,1,  -2.286,  -0.285,  -0.109,   2.306,   2.306,  -2.708, 187.102,   0.003,   0.004,   0.012,  5,        
1986-01-25T16:36:47.871Z,26876, 8,  1,1,  -2.285,  -0.286,  -0.075,   2.304,   2.304,  -1.876, 187.146,   0.004,   0.005,   0.003,  5,        
1986-01-25T16:37:35.871Z,26876, 9,  1,1,  -2.287,  -0.263,  -0.088,   2.303,   2.303,  -2.182, 186.568,   0.004,   0.004,   0.008,  5,        
1986-01-25T16:38:23.871Z,26876,10,  1,1,  -2.284,  -0.261,  -0.101,   2.301,   2.301,  -2.507, 186.518,   0.003,   0.008,   0.008,  5,        
1986-01-25T16:39:11.871Z,26876,11,  1,1,  -2.281,  -0.272,  -0.105,   2.299,   2.299,  -2.621, 186.801,   0.005,   0.005,   0.002,  5,        
1986-01-25T16:39:59.871Z,26876,12,  1,1,  -2.287,  -0.278,  -0.113,   2.306,   2.306,  -2.801, 186.932,   0.006,   0.009,   0.004,  5,        
1986-01-25T16:40:47.871Z,26876,13,  1,1,  -2.287,  -0.264,  -0.108,   2.305,   2.305,  -2.687, 186.580,   0.002,   0.011,   0.005,  5,        
1986-01-25T16:41:35.871Z,26876,14,  1,1,  -2.289,  -0.266,  -0.094,   2.306,   2.306,  -2.325, 186.632,   0.004,   0.005,   0.003,  5,        
1986-01-25T16:42:23.871Z,26876,15,  1,1,  -2.280,  -0.274,  -0.087,   2.298,   2.298,  -2.175, 186.846,   0.005,   0.008,   0.003,  5,        
1986-01-25T16:43:11.871Z,26876,16,  1,1,  -2.280,  -0.279,  -0.100,   2.299,   2.299,  -2.495, 186.974,   0.003,   0.005,   0.004,  5,        
1986-01-25T16:43:59.871Z,26876,17,  1,1,  -2.271,  -0.291,  -0.103,   2.292,   2.292,  -2.574, 187.309,   0.007,   0.017,   0.002,  5,        
1986-01-25T16:44:47.871Z,26876,18,  1,1,  -2.269,  -0.292,  -0.116,   2.290,   2.290,  -2.909, 187.346,   0.002,   0.008,   0.005,  5,        
1986-01-25T16:45:35.871Z,26876,19,  1,1,  -2.264,  -0.271,  -0.134,   2.284,   2.284,  -3.355, 186.823,   0.002,   0.002,   0.003,  5,        
1986-01-25T16:46:23.871Z,26876,20,  1,1,  -2.260,  -0.284,  -0.144,   2.283,   2.283,  -3.606, 187.173,   0.005,   0.007,   0.002,  5,        
1986-01-25T16:47:11.871Z,26876,21,  1,1,  -2.254,  -0.287,  -0.139,   2.276,   2.276,  -3.489, 187.246,   0.005,   0.003,   0.002,  5,        
1986-01-25T16:47:59.870Z,26876,22,  1,1,  -2.255,  -0.268,  -0.128,   2.274,   2.274,  -3.234, 186.787,   0.006,   0.009,   0.004,  5,        
1986-01-25T16:48:47.870Z,26876,23,  1,1,  -2.257,  -0.248,  -0.119,   2.274,   2.274,  -2.999, 186.262,   0.002,   0.009,   0.002,  5,        
1986-01-25T16:49:35.870Z,26876,24,  1,1,  -2.258,  -0.250,  -0.112,   2.275,   2.275,  -2.822, 186.312,   0.003,   0.007,   0.009,  5,        
1986-01-25T16:50:23.870Z,26876,25,  1,1,  -2.251,  -0.217,  -0.078,   2.262,   2.262,  -1.975, 185.500,   0.002,   0.007,   0.009,  5,        
1986-01-25T16:51:11.870Z,26876,26,  1,1,  -2.233,  -0.239,  -0.089,   2.247,   2.247,  -2.265, 186.102,   0.008,   0.012,   0.018,  5,        
1986-01-25T16:51:59.870Z,26876,27,  1,1,  -2.227,  -0.221,  -0.133,   2.242,   2.242,  -3.400, 185.656,   0.004,   0.017,   0.003,  5,        
1986-01-25T16:52:47.870Z,26876,28,  1,1,  -2.210,  -0.188,  -0.137,   2.222,   2.222,  -3.537, 184.862,   0.005,   0.004,   0.002,  5,        
1986-01-25T16:53:35.870Z,26876,29,  1,1,  -2.199,  -0.208,  -0.144,   2.214,   2.214,  -3.733, 185.411,   0.004,   0.003,   0.006,  5,        
1986-01-25T16:54:23.870Z,26876,30,  1,1,  -2.199,  -0.202,  -0.137,   2.213,   2.213,  -3.555, 185.254,   0.005,   0.004,   0.004,  5,        
1986-01-25T16:55:11.870Z,26876,31,  1,1,  -2.205,  -0.200,  -0.127,   2.217,   2.217,  -3.296, 185.195,   0.006,   0.006,   0.004,  5,        
1986-01-25T16:55:59.870Z,26876,32,  1,1,  -2.190,  -0.209,  -0.138,   2.205,   2.205,  -3.591, 185.461,   0.010,   0.003,   0.004,  5,        
1986-01-25T16:56:47.870Z,26876,33,  1,1,  -2.182,  -0.222,  -0.136,   2.197,   2.197,  -3.540, 185.802,   0.003,   0.002,   0.002,  5,        
1986-01-25T16:57:35.870Z,26876,34,  1,1,  -2.187,  -0.228,  -0.144,   2.203,   2.203,  -3.756, 185.951,   0.003,   0.003,   0.008,  5,        
1986-01-25T16:58:23.870Z,26876,35,  1,1,  -2.188,  -0.235,  -0.146,   2.205,   2.205,  -3.787, 186.130,   0.003,   0.007,   0.006,  5,        
1986-01-25T16:59:11.870Z,26876,36,  1,1,  -2.180,  -0.230,  -0.152,   2.197,   2.197,  -3.964, 186.036,   0.005,   0.005,   0.004,  5,        
1986-01-25T16:59:59.870Z,26876,37,  1,1,  -2.170,  -0.228,  -0.154,   2.188,   2.188,  -4.033, 186.007,   0.005,   0.004,   0.004,  5,        
1986-01-25T17:00:47.870Z,26876,38,  1,1,  -2.167,  -0.219,  -0.159,   2.184,   2.184,  -4.183, 185.773,   0.005,   0.007,   0.003,  5,        
1986-01-25T17:01:35.870Z,26876,39,  1,1,  -2.159,  -0.217,  -0.163,   2.177,   2.177,  -4.304, 185.743,   0.003,   0.005,   0.004,  5,        
1986-01-25T17:02:23.870Z,26876,40,  1,1,  -2.162,  -0.215,  -0.149,   2.178,   2.178,  -3.924, 185.692,   0.004,   0.005,   0.003,  5,        
1986-01-25T17:03:11.869Z,26876,41,  1,1,  -2.172,  -0.226,  -0.166,   2.190,   2.190,  -4.335, 185.939,   0.004,   0.006,   0.011,  5,        
1986-01-25T17:03:59.869Z,26876,42,  1,1,  -2.169,  -0.229,  -0.173,   2.188,   2.188,  -4.526, 186.031,   0.003,   0.009,   0.008,  5,        
1986-01-25T17:04:47.869Z,26876,43,  1,1,  -2.156,  -0.237,  -0.166,   2.176,   2.176,  -4.371, 186.280,   0.008,   0.012,   0.003,  5,        
1986-01-25T17:05:35.869Z,26876,44,  1,1,  -2.151,  -0.231,  -0.162,   2.169,   2.169,  -4.284, 186.117,   0.002,   0.014,   0.008,  5,        
1986-01-25T17:06:23.869Z,26876,45,  1,1,  -2.139,  -0.224,  -0.166,   2.157,   2.157,  -4.407, 185.969,   0.005,   0.009,   0.007,  5,        
1986-01-25T17:07:11.869Z,26876,46,  1,1,  -2.138,  -0.237,  -0.173,   2.158,   2.158,  -4.603, 186.320,   0.005,   0.004,   0.004,  5,        
1986-01-25T17:07:59.869Z,26876,47,  1,1,  -2.133,  -0.237,  -0.177,   2.153,   2.153,  -4.709, 186.337,   0.004,   0.010,   0.002,  5,        
1986-01-25T17:08:47.869Z,26876,48,  1,1,  -2.133,  -0.238,  -0.165,   2.152,   2.152,  -4.393, 186.379,   0.005,   0.007,   0.002,  5,        
1986-01-25T17:09:35.869Z,26876,49,  1,1,  -2.142,  -0.239,  -0.155,   2.161,   2.161,  -4.103, 186.378,   0.007,   0.005,   0.007,  5,        
1986-01-25T17:10:23.869Z,26876,50,  1,1,  -2.153,  -0.250,  -0.158,   2.174,   2.174,  -4.181, 186.625,   0.003,   0.010,   0.007,  5,        
1986-01-25T17:11:11.869Z,26876,51,  1,1,  -2.145,  -0.256,  -0.170,   2.166,   2.166,  -4.489, 186.817,   0.004,   0.013,   0.002,  5,        
1986-01-25T17:11:59.869Z,26876,52,  1,1,  -2.151,  -0.245,  -0.166,   2.171,   2.171,  -4.388, 186.507,   0.005,   0.011,   0.003,  5,        
1986-01-25T17:12:47.869Z,26876,53,  1,1,  -2.158,  -0.249,  -0.161,   2.178,   2.178,  -4.227, 186.575,   0.004,   0.003,   0.005,  5,        
1986-01-25T17:13:35.869Z,26876,54,  1,1,  -2.163,  -0.257,  -0.165,   2.185,   2.185,  -4.320, 186.766,   0.003,   0.003,   0.005,  5,        
1986-01-25T17:14:23.869Z,26876,55,  1,1,  -2.168,  -0.261,  -0.168,   2.190,   2.190,  -4.390, 186.874,   0.003,   0.003,   0.001,  5,        
1986-01-25T17:15:11.869Z,26876,56,  1,1,  -2.167,  -0.261,  -0.172,   2.189,   2.189,  -4.508, 186.864,   0.002,   0.002,   0.003,  5,        
1986-01-25T17:15:59.869Z,26876,57,  1,1,  -2.163,  -0.253,  -0.175,   2.185,   2.185,  -4.585, 186.665,   0.004,   0.006,   0.002,  5,        
1986-01-25T17:16:47.869Z,26876,58,  1,1,  -2.162,  -0.247,  -0.166,   2.183,   2.183,  -4.349, 186.505,   0.007,   0.006,   0.005,  5,        
1986-01-25T17:17:35.869Z,26876,59,  1,1,  -2.164,  -0.249,  -0.174,   2.185,   2.185,  -4.561, 186.575,   0.003,   0.006,   0.003,  5,        
1986-01-25T17:18:23.868Z,26877, 0,  1,1,  -2.164,  -0.259,  -0.184,   2.187,   2.187,  -4.826, 186.836,   0.002,   0.007,   0.002,  5,        
1986-01-25T17:19:11.868Z,26877, 1,  1,1,  -2.159,  -0.266,  -0.184,   2.183,   2.183,  -4.829, 187.017,   0.003,   0.004,   0.003,  5,        
1986-01-25T17:19:59.868Z,26877, 2,  1,1,  -2.144,  -0.275,  -0.181,   2.169,   2.169,  -4.776, 187.304,   0.007,   0.005,   0.005,  5,        
1986-01-25T17:20:47.868Z,26877, 3,  1,1,  -2.147,  -0.273,  -0.189,   2.173,   2.173,  -4.999, 187.234,   0.003,   0.006,   0.004,  5,        
1986-01-25T17:21:35.868Z,26877, 4,  1,1,  -2.158,  -0.275,  -0.194,   2.184,   2.184,  -5.091, 187.261,   0.002,   0.005,   0.002,  5,        
1986-01-25T17:22:23.868Z,26877, 5,  1,1,  -2.163,  -0.283,  -0.190,   2.190,   2.190,  -4.983, 187.443,   0.007,   0.008,   0.003,  5,        
1986-01-25T17:23:11.868Z,26877, 6,  1,1,  -2.167,  -0.277,  -0.187,   2.193,   2.193,  -4.886, 187.277,   0.004,   0.005,   0.003,  5,        
1986-01-25T17:23:59.868Z,26877, 7,  1,1,  -2.171,  -0.281,  -0.186,   2.197,   2.197,  -4.844, 187.374,   0.005,   0.004,   0.002,  5,        
1986-01-25T17:24:47.868Z,26877, 8,  1,1,  -2.176,  -0.274,  -0.186,   2.201,   2.201,  -4.852, 187.189,   0.004,   0.007,   0.003,  5,        
1986-01-25T17:25:35.868Z,26877, 9,  1,1,  -2.171,  -0.263,  -0.185,   2.195,   2.195,  -4.828, 186.913,   0.005,   0.005,   0.004,  5,        
1986-01-25T17:26:23.868Z,26877,10,  1,1,  -2.174,  -0.269,  -0.193,   2.199,   2.199,  -5.042, 187.059,   0.001,   0.007,   0.004,  5,        
1986-01-25T17:27:11.868Z,26877,11,  1,1,  -2.170,  -0.271,  -0.189,   2.195,   2.195,  -4.946, 187.127,   0.008,   0.003,   0.002,  5,        
1986-01-25T17:27:59.868Z,26877,12,  1,1,  -2.172,  -0.275,  -0.194,   2.198,   2.198,  -5.062, 187.217,   0.004,   0.005,   0.004,  5,        
1986-01-25T17:28:47.868Z,26877,13,  1,1,  -2.174,  -0.275,  -0.195,   2.200,   2.200,  -5.093, 187.218,   0.003,   0.008,   0.004,  5,        
1986-01-25T17:29:35.868Z,26877,14,  1,1,  -2.181,  -0.274,  -0.196,   2.207,   2.207,  -5.099, 187.156,   0.003,   0.004,   0.002,  5,        
1986-01-25T17:30:23.868Z,26877,15,  1,1,  -2.174,  -0.273,  -0.199,   2.200,   2.200,  -5.184, 187.169,   0.003,   0.003,   0.004,  5,        
1986-01-25T17:31:11.868Z,26877,16,  1,1,  -2.182,  -0.264,  -0.193,   2.206,   2.206,  -5.017, 186.903,   0.004,   0.007,   0.004,  5,        
1986-01-25T17:31:59.868Z,26877,17,  1,1,  -2.173,  -0.240,  -0.200,   2.195,   2.195,  -5.230, 186.294,   0.004,   0.002,   0.003,  5,        
1986-01-25T17:32:47.868Z,26877,18,  1,1,  -2.180,  -0.253,  -0.203,   2.204,   2.204,  -5.292, 186.617,   0.002,   0.010,   0.002,  5,        
1986-01-25T17:33:35.867Z,26877,19,  1,1,  -2.176,  -0.269,  -0.195,   2.201,   2.201,  -5.070, 187.044,   0.006,   0.005,   0.005,  5,        
1986-01-25T17:34:23.867Z,26877,20,  1,1,  -2.167,  -0.264,  -0.194,   2.191,   2.191,  -5.084, 186.949,   0.003,   0.010,   0.004,  5,        
1986-01-25T17:35:11.867Z,26877,21,  1,1,  -2.172,  -0.256,  -0.198,   2.196,   2.196,  -5.168, 186.729,   0.002,   0.005,   0.005,  5,        
1986-01-25T17:35:59.867Z,26877,22,  1,1,  -2.165,  -0.256,  -0.202,   2.189,   2.189,  -5.307, 186.748,   0.006,   0.006,   0.003,  5,        
1986-01-25T17:36:47.867Z,26877,23,  1,1,  -2.168,  -0.251,  -0.199,   2.192,   2.192,  -5.215, 186.595,   0.006,   0.003,   0.005,  5,        
1986-01-25T17:37:35.867Z,26877,24,  1,1,  -2.172,  -0.253,  -0.199,   2.196,   2.196,  -5.213, 186.654,   0.007,   0.003,   0.002,  5,        
1986-01-25T17:38:23.867Z,26877,25,  1,1,  -2.176,  -0.246,  -0.203,   2.199,   2.199,  -5.306, 186.443,   0.004,   0.005,   0.003,  5,        
1986-01-25T17:39:11.867Z,26877,26,  1,1,  -2.175,  -0.249,  -0.206,   2.198,   2.198,  -5.377, 186.521,   0.002,   0.003,   0.005,  5,        
1986-01-25T17:39:59.867Z,26877,27,  1,1,  -2.169,  -0.264,  -0.202,   2.194,   2.194,  -5.289, 186.933,   0.003,   0.003,   0.004,  5,        
1986-01-25T17:40:47.867Z,26877,28,  1,1,  -2.173,  -0.274,  -0.204,   2.200,   2.200,  -5.319, 187.196,   0.010,   0.008,   0.002,  5,        
1986-01-25T17:41:35.867Z,26877,29,  1,1,  -2.165,  -0.282,  -0.210,   2.194,   2.194,  -5.495, 187.416,   0.009,   0.002,   0.002,  5,        
1986-01-25T17:42:23.867Z,26877,30,  1,1,  -2.169,  -0.281,  -0.215,   2.198,   2.198,  -5.605, 187.389,   0.006,   0.002,   0.006,  5,        
1986-01-25T17:43:11.867Z,26877,31,  1,1,  -2.162,  -0.285,  -0.209,   2.190,   2.190,  -5.479, 187.505,   0.004,   0.005,   0.003,  5,        
1986-01-25T17:43:59.867Z,26877,32,  1,1,  -2.164,  -0.282,  -0.216,   2.193,   2.193,  -5.655, 187.422,   0.003,   0.007,   0.003,  5,        
1986-01-25T17:44:47.867Z,26877,33,  1,1,  -2.163,  -0.281,  -0.219,   2.192,   2.192,  -5.725, 187.402,   0.001,   0.006,   0.003,  5,        
1986-01-25T17:45:35.867Z,26877,34,  1,1,  -2.158,  -0.270,  -0.216,   2.186,   2.186,  -5.663, 187.134,   0.004,   0.004,   0.004,  5,        
1986-01-25T17:46:23.867Z,26877,35,  1,1,  -2.158,  -0.282,  -0.218,   2.187,   2.187,  -5.709, 187.438,   0.006,   0.005,   0.004,  5,        
1986-01-25T17:47:11.867Z,26877,36,  1,1,  -2.162,  -0.276,  -0.212,   2.190,   2.190,  -5.564, 187.278,   0.004,   0.008,   0.002,  5,        
1986-01-25T17:47:59.866Z,26877,37,  1,1,  -2.156,  -0.272,  -0.213,   2.184,   2.184,  -5.591, 187.194,   0.004,   0.007,   0.002,  5,        
1986-01-25T17:48:47.866Z,26877,38,  1,1,  -2.154,  -0.279,  -0.208,   2.182,   2.182,  -5.465, 187.370,   0.004,   0.005,   0.003,  5,        
1986-01-25T17:49:35.866Z,26877,39,  1,1,  -2.156,  -0.279,  -0.215,   2.185,   2.185,  -5.648, 187.386,   0.005,   0.001,   0.002,  5,        
1986-01-25T17:50:23.866Z,26877,40,  1,1,  -2.158,  -0.278,  -0.218,   2.187,   2.187,  -5.730, 187.348,   0.005,   0.007,   0.004,  5,        
1986-01-25T17:51:11.866Z,26877,41,  1,1,  -2.158,  -0.276,  -0.219,   2.187,   2.187,  -5.760, 187.293,   0.005,   0.005,   0.002,  5,        
1986-01-25T17:51:59.866Z,26877,42,  1,1,  -2.160,  -0.278,  -0.215,   2.188,   2.188,  -5.628, 187.329,   0.007,   0.007,   0.002,  5,        
1986-01-25T17:52:47.866Z,26877,43,  1,1,  -2.158,  -0.280,  -0.216,   2.186,   2.186,  -5.671, 187.391,   0.003,   0.004,   0.003,  5,        
1986-01-25T17:53:35.866Z,26877,44,  1,1,  -2.157,  -0.269,  -0.218,   2.185,   2.185,  -5.715, 187.118,   0.005,   0.005,   0.004,  5,        
1986-01-25T17:54:23.866Z,26877,45,  1,1,  -2.159,  -0.272,  -0.221,   2.188,   2.188,  -5.808, 187.167,   0.004,   0.005,   0.004,  5,        
1986-01-25T17:55:11.866Z,26877,46,  1,1,  -2.144,  -0.282,  -0.225,   2.174,   2.174,  -5.935, 187.488,   0.004,   0.007,   0.002,  5,        
1986-01-25T17:55:59.866Z,26877,47,  1,1,  -2.147,  -0.269,  -0.217,   2.175,   2.175,  -5.732, 187.141,   0.003,   0.009,   0.005,  5,        
1986-01-25T17:56:47.866Z,26877,48,  1,1,  -2.148,  -0.271,  -0.225,   2.177,   2.177,  -5.929, 187.183,   0.002,   0.004,   0.005,  5,        
1986-01-25T17:57:35.866Z,26877,49,  1,1,  -2.146,  -0.271,  -0.232,   2.175,   2.175,  -6.110, 187.207,   0.003,   0.008,   0.003,  5,        
1986-01-25T17:58:23.866Z,26877,50,  1,1,  -2.141,  -0.282,  -0.223,   2.171,   2.171,  -5.905, 187.498,   0.004,   0.006,   0.004,  5,        
1986-01-25T17:59:11.866Z,26877,51,  1,1,  -2.138,  -0.289,  -0.224,   2.169,   2.169,  -5.931, 187.694,   0.003,   0.006,   0.004,  5,        
1986-01-25T17:59:59.866Z,26877,52,  1,1,  -2.137,  -0.294,  -0.233,   2.169,   2.169,  -6.173, 187.829,   0.003,   0.004,   0.003,  5,        
1986-01-25T18:00:47.866Z,26877,53,  1,1,  -2.132,  -0.292,  -0.228,   2.164,   2.164,  -6.039, 187.788,   0.003,   0.006,   0.006,  5,        
1986-01-25T18:01:35.866Z,26877,54,  1,1,  -2.137,  -0.299,  -0.229,   2.170,   2.170,  -6.062, 187.959,   0.004,   0.006,   0.004,  5,        
1986-01-25T18:02:23.866Z,26877,55,  1,1,  -2.143,  -0.302,  -0.230,   2.177,   2.177,  -6.053, 188.009,   0.003,   0.005,   0.004,  5,        
1986-01-25T18:03:11.865Z,26877,56,  1,1,  -2.135,  -0.307,  -0.234,   2.169,   2.169,  -6.203, 188.192,   0.002,   0.003,   0.003,  5,        
1986-01-25T18:03:59.865Z,26877,57,  1,1,  -2.131,  -0.290,  -0.225,   2.162,   2.162,  -5.973, 187.760,   0.007,   0.003,   0.002,  5,        
1986-01-25T18:04:47.865Z,26877,58,  1,1,  -2.126,  -0.301,  -0.228,   2.159,   2.159,  -6.057, 188.070,   0.003,   0.004,   0.004,  5,        
1986-01-25T18:05:35.865Z,26877,59,  1,1,  -2.125,  -0.309,  -0.226,   2.159,   2.159,  -6.022, 188.265,   0.003,   0.003,   0.004,  5,        
1986-01-25T18:06:23.865Z,26878, 0,  1,1,  -2.122,  -0.312,  -0.233,   2.157,   2.157,  -6.193, 188.372,   0.003,   0.008,   0.006,  5,        
1986-01-25T18:07:11.865Z,26878, 1,  1,1,  -2.119,  -0.310,  -0.239,   2.155,   2.155,  -6.361, 188.314,   0.005,   0.004,   0.004,  5,        
1986-01-25T18:07:59.865Z,26878, 2,  1,1,  -2.120,  -0.301,  -0.231,   2.154,   2.154,  -6.148, 188.077,   0.002,   0.004,   0.004,  5,        
1986-01-25T18:08:47.865Z,26878, 3,  1,1,  -2.120,  -0.306,  -0.233,   2.154,   2.154,  -6.199, 188.215,   0.004,   0.009,   0.004,  5,        
1986-01-25T18:09:35.865Z,26878, 4,  1,1,  -2.112,  -0.302,  -0.241,   2.147,   2.147,  -6.454, 188.126,   0.004,   0.007,   0.004,  5,        
1986-01-25T18:10:23.865Z,26878, 5,  1,1,  -2.108,  -0.324,  -0.241,   2.146,   2.146,  -6.435, 188.727,   0.003,   0.006,   0.002,  5,        
1986-01-25T18:11:11.865Z,26878, 6,  1,1,  -2.108,  -0.320,  -0.238,   2.145,   2.145,  -6.359, 188.628,   0.006,   0.005,   0.003,  5,        
1986-01-25T18:11:59.865Z,26878, 7,  1,1,  -2.106,  -0.324,  -0.242,   2.144,   2.144,  -6.474, 188.736,   0.004,   0.003,   0.003,  5,        
1986-01-25T18:12:47.865Z,26878, 8,  1,1,  -2.106,  -0.308,  -0.240,   2.141,   2.142,  -6.424, 188.320,   0.005,   0.012,   0.003,  5,        
1986-01-25T18:13:35.865Z,26878, 9,  1,1,  -2.112,  -0.308,  -0.243,   2.148,   2.148,  -6.502, 188.308,   0.005,   0.003,   0.007,  5,        
1986-01-25T18:14:23.865Z,26878,10,  1,1,  -2.108,  -0.306,  -0.242,   2.144,   2.144,  -6.481, 188.259,   0.005,   0.004,   0.002,  5,        
1986-01-25T18:15:11.865Z,26878,11,  1,1,  -2.111,  -0.305,  -0.244,   2.147,   2.147,  -6.538, 188.219,   0.008,   0.005,   0.003,  5,        
1986-01-25T18:15:59.865Z,26878,12,  1,1,  -2.106,  -0.317,  -0.246,   2.144,   2.144,  -6.575, 188.561,   0.004,   0.012,   0.002,  5,        
1986-01-25T18:16:47.865Z,26878,13,  1,1,  -2.100,  -0.327,  -0.243,   2.140,   2.140,  -6.517, 188.858,   0.004,   0.005,   0.003,  5,        
1986-01-25T18:17:35.865Z,26878,14,  1,1,  -2.105,  -0.315,  -0.241,   2.142,   2.142,  -6.450, 188.512,   0.005,   0.008,   0.004,  5,        
1986-01-25T18:18:23.864Z,26878,15,  1,1,  -2.099,  -0.325,  -0.249,   2.139,   2.139,  -6.684, 188.810,   0.007,   0.005,   0.003,  5,        
1986-01-25T18:19:11.864Z,26878,16,  1,1,  -2.092,  -0.326,  -0.253,   2.132,   2.132,  -6.826, 188.865,   0.006,   0.004,   0.004,  5,        
1986-01-25T18:19:59.864Z,26878,17,  1,1,  -2.096,  -0.321,  -0.249,   2.135,   2.135,  -6.696, 188.705,   0.003,   0.010,   0.004,  5,        
1986-01-25T18:20:47.864Z,26878,18,  1,1,  -2.095,  -0.322,  -0.250,   2.134,   2.134,  -6.718, 188.726,   0.005,   0.005,   0.004,  5,        
1986-01-25T18:21:35.864Z,26878,19,  1,1,  -2.096,  -0.315,  -0.250,   2.134,   2.134,  -6.730, 188.541,   0.008,   0.004,   0.003,  5,        
1986-01-25T18:22:23.864Z,26878,20,  1,1,  -2.089,  -0.327,  -0.260,   2.130,   2.130,  -7.009, 188.886,   0.003,   0.003,   0.005,  5,        
1986-01-25T18:23:11.864Z,26878,21,  1,1,  -2.094,  -0.335,  -0.265,   2.137,   2.137,  -7.118, 189.084,   0.004,   0.005,   0.004,  5,        
1986-01-25T18:23:59.864Z,26878,22,  1,1,  -2.092,  -0.326,  -0.264,   2.133,   2.133,  -7.106, 188.863,   0.004,   0.004,   0.002,  5,        
1986-01-25T18:24:47.864Z,26878,23,  1,1,  -2.090,  -0.326,  -0.268,   2.133,   2.133,  -7.228, 188.858,   0.005,   0.005,   0.004,  5,        
1986-01-25T18:25:35.864Z,26878,24,  1,1,  -2.090,  -0.321,  -0.262,   2.131,   2.131,  -7.061, 188.721,   0.006,   0.003,   0.002,  5,        
1986-01-25T18:26:23.864Z,26878,25,  1,1,  -2.092,  -0.323,  -0.265,   2.133,   2.133,  -7.127, 188.782,   0.004,   0.002,   0.001,  5,        
1986-01-25T18:27:11.864Z,26878,26,  1,1,  -2.089,  -0.334,  -0.266,   2.132,   2.132,  -7.160, 189.093,   0.004,   0.007,   0.003,  5,        
1986-01-25T18:27:59.864Z,26878,27,  1,1,  -2.082,  -0.338,  -0.267,   2.126,   2.126,  -7.212, 189.221,   0.003,   0.005,   0.004,  5,        
1986-01-25T18:28:47.864Z,26878,28,  1,1,  -2.081,  -0.330,  -0.269,   2.124,   2.124,  -7.263, 189.007,   0.003,   0.005,   0.002,  5,        
1986-01-25T18:29:35.864Z,26878,29,  1,1,  -2.084,  -0.331,  -0.266,   2.127,   2.127,  -7.183, 189.024,   0.003,   0.003,   0.002,  5,        
1986-01-25T18:30:23.864Z,26878,30,  1,1,  -2.081,  -0.326,  -0.262,   2.123,   2.123,  -7.083, 188.900,   0.002,   0.006,   0.002,  5,        
1986-01-25T18:31:11.864Z,26878,31,  1,1,  -2.081,  -0.328,  -0.266,   2.124,   2.124,  -7.194, 188.942,   0.003,   0.005,   0.001,  5,        
1986-01-25T18:31:59.864Z,26878,32,  1,1,  -2.080,  -0.315,  -0.272,   2.121,   2.121,  -7.364, 188.621,   0.003,   0.007,   0.003,  5,        
1986-01-25T18:32:47.864Z,26878,33,  1,1,  -2.077,  -0.317,  -0.280,   2.119,   2.119,  -7.592, 188.680,   0.005,   0.006,   0.003,  5,        
1986-01-25T18:33:35.863Z,26878,34,  1,1,  -2.077,  -0.313,  -0.274,   2.118,   2.118,  -7.438, 188.564,   0.003,   0.006,   0.003,  5,        
1986-01-25T18:34:23.863Z,26878,35,  1,1,  -2.078,  -0.313,  -0.276,   2.119,   2.119,  -7.476, 188.562,   0.006,   0.004,   0.001,  5,        
1986-01-25T18:35:11.863Z,26878,36,  1,1,  -2.072,  -0.330,  -0.274,   2.116,   2.116,  -7.434, 189.039,   0.004,   0.006,   0.004,  5,        
1986-01-25T18:35:59.863Z,26878,37,  1,1,  -2.071,  -0.321,  -0.278,   2.114,   2.114,  -7.568, 188.824,   0.004,   0.005,   0.004,  5,        
1986-01-25T18:36:47.863Z,26878,38,  1,1,  -2.074,  -0.330,  -0.276,   2.118,   2.118,  -7.484, 189.041,   0.006,   0.006,   0.002,  5,        
1986-01-25T18:37:35.863Z,26878,39,  1,1,  -2.072,  -0.340,  -0.279,   2.118,   2.118,  -7.558, 189.308,   0.008,   0.004,   0.003,  5,        
1986-01-25T18:38:23.863Z,26878,40,  1,1,  -2.056,  -0.335,  -0.279,   2.102,   2.102,  -7.631, 189.252,   0.005,   0.005,   0.004,  5,        
1986-01-25T18:39:11.863Z,26878,41,  1,1,  -2.049,  -0.338,  -0.279,   2.096,   2.096,  -7.648, 189.375,   0.004,   0.001,   0.004,  5,        
1986-01-25T18:39:59.863Z,26878,42,  1,1,  -2.050,  -0.326,  -0.278,   2.095,   2.095,  -7.630, 189.023,   0.003,   0.006,   0.003,  5,        
1986-01-25T18:40:47.863Z,26878,43,  1,1,  -2.065,  -0.326,  -0.277,   2.108,   2.108,  -7.537, 188.974,   0.006,   0.005,   0.002,  5,        
1986-01-25T18:41:35.863Z,26878,44,  1,1,  -2.060,  -0.326,  -0.283,   2.105,   2.105,  -7.717, 188.986,   0.005,   0.008,   0.002,  5,        
1986-01-25T18:42:23.863Z,26878,45,  1,1,  -2.063,  -0.331,  -0.273,   2.107,   2.107,  -7.454, 189.121,   0.002,   0.006,   0.002,  5,        
1986-01-25T18:43:11.863Z,26878,46,  1,1,  -2.053,  -0.327,  -0.272,   2.097,   2.097,  -7.454, 189.050,   0.005,   0.004,   0.002,  5,        
1986-01-25T18:43:59.863Z,26878,47,  1,1,  -2.048,  -0.327,  -0.269,   2.091,   2.091,  -7.382, 189.075,   0.004,   0.010,   0.002,  5,        
1986-01-25T18:44:47.863Z,26878,48,  1,1,  -2.051,  -0.333,  -0.274,   2.096,   2.096,  -7.506, 189.215,   0.007,   0.002,   0.003,  5,        
1986-01-25T18:45:35.863Z,26878,49,  1,1,  -2.058,  -0.330,  -0.279,   2.103,   2.103,  -7.612, 189.116,   0.005,   0.003,   0.004,  5,        
1986-01-25T18:46:23.863Z,26878,50,  1,1,  -2.049,  -0.333,  -0.272,   2.094,   2.094,  -7.466, 189.237,   0.006,   0.005,   0.003,  5,        
1986-01-25T18:47:11.863Z,26878,51,  1,1,  -2.055,  -0.352,  -0.271,   2.102,   2.102,  -7.396, 189.731,   0.006,   0.006,   0.004,  5,        
1986-01-25T18:47:59.863Z,26878,52,  1,1,  -2.058,  -0.356,  -0.274,   2.106,   2.106,  -7.469, 189.812,   0.004,   0.005,   0.004,  5,        
1986-01-25T18:48:47.862Z,26878,53,  1,1,  -2.056,  -0.350,  -0.284,   2.104,   2.105,  -7.768, 189.656,   0.005,   0.006,   0.003,  5,        
1986-01-25T18:49:35.862Z,26878,54,  1,1,  -2.053,  -0.343,  -0.281,   2.100,   2.100,  -7.691, 189.497,   0.005,   0.006,   0.001,  5,        
1986-01-25T18:50:23.862Z,26878,55,  1,1,  -2.037,  -0.345,  -0.281,   2.085,   2.085,  -7.754, 189.600,   0.003,   0.006,   0.001,  5,        
1986-01-25T18:51:11.862Z,26878,56,  1,1,  -2.050,  -0.346,  -0.285,   2.098,   2.098,  -7.795, 189.577,   0.003,   0.008,   0.001,  5,        
1986-01-25T18:51:59.862Z,26878,57,  1,1,  -2.053,  -0.347,  -0.277,   2.100,   2.100,  -7.576, 189.586,   0.007,   0.004,   0.004,  5,        
1986-01-25T18:52:47.862Z,26878,58,  1,1,  -2.051,  -0.362,  -0.276,   2.101,   2.101,  -7.561, 190.017,   0.004,   0.014,   0.004,  5,        
1986-01-25T18:53:35.862Z,26878,59,  1,1,  -2.055,  -0.373,  -0.278,   2.107,   2.107,  -7.589, 190.283,   0.002,   0.004,   0.003,  5,        
1986-01-25T18:54:23.862Z,26879, 0,  1,1,  -2.051,  -0.374,  -0.278,   2.103,   2.103,  -7.605, 190.337,   0.002,   0.004,   0.004,  5,        
1986-01-25T18:55:11.862Z,26879, 1,  1,1,  -2.046,  -0.357,  -0.275,   2.095,   2.095,  -7.548, 189.896,   0.007,   0.004,   0.005,  5,        
1986-01-25T18:55:59.862Z,26879, 2,  1,1,  -2.039,  -0.363,  -0.274,   2.089,   2.089,  -7.532, 190.095,   0.003,   0.001,   0.003,  5,        
1986-01-25T18:56:47.862Z,26879, 3,  1,1,  -2.051,  -0.368,  -0.279,   2.102,   2.102,  -7.615, 190.161,   0.004,   0.006,   0.004,  5,        
1986-01-25T18:57:35.862Z,26879, 4,  1,1,  -2.056,  -0.358,  -0.282,   2.106,   2.106,  -7.685, 189.878,   0.005,   0.009,   0.007,  5,        
1986-01-25T18:58:23.862Z,26879, 5,  1,1,  -2.054,  -0.332,  -0.291,   2.101,   2.101,  -7.960, 189.167,   0.002,   0.008,   0.002,  5,        
1986-01-25T18:59:11.862Z,26879, 6,  1,1,  -2.054,  -0.348,  -0.285,   2.103,   2.103,  -7.795, 189.613,   0.003,   0.009,   0.005,  5,        
1986-01-25T18:59:59.862Z,26879, 7,  1,1,  -2.054,  -0.344,  -0.281,   2.101,   2.101,  -7.673, 189.517,   0.005,   0.006,   0.003,  5,        
1986-01-25T19:00:47.862Z,26879, 8,  1,1,  -2.053,  -0.354,  -0.277,   2.102,   2.102,  -7.585, 189.787,   0.004,   0.006,   0.003,  5,        
1986-01-25T19:01:35.862Z,26879, 9,  1,1,  -2.055,  -0.360,  -0.276,   2.104,   2.104,  -7.549, 189.934,   0.003,   0.009,   0.005,  5,        
1986-01-25T19:02:23.862Z,26879,10,  1,1,  -2.051,  -0.366,  -0.271,   2.101,   2.101,  -7.401, 190.117,   0.006,   0.004,   0.002,  5,        
1986-01-25T19:03:11.862Z,26879,11,  1,1,  -2.045,  -0.358,  -0.278,   2.095,   2.095,  -7.629, 189.935,   0.002,   0.007,   0.006,  5,        
1986-01-25T19:03:59.861Z,26879,12,  1,1,  -2.056,  -0.365,  -0.288,   2.108,   2.108,  -7.858, 190.065,   0.002,   0.006,   0.002,  5,        
1986-01-25T19:04:47.861Z,26879,13,  1,1,  -2.058,  -0.354,  -0.284,   2.107,   2.107,  -7.755, 189.760,   0.003,   0.004,   0.004,  5,        
1986-01-25T19:05:35.861Z,26879,14,  1,1,  -2.049,  -0.357,  -0.281,   2.099,   2.099,  -7.694, 189.888,   0.005,   0.002,   0.005,  5,        
1986-01-25T19:06:23.861Z,26879,15,  1,1,  -2.048,  -0.351,  -0.280,   2.097,   2.097,  -7.670, 189.725,   0.002,   0.003,   0.003,  5,        
1986-01-25T19:07:11.861Z,26879,16,  1,1,  -2.050,  -0.349,  -0.273,   2.098,   2.098,  -7.484, 189.673,   0.003,   0.004,   0.003,  5,        
1986-01-25T19:07:59.861Z,26879,17,  1,1,  -2.046,  -0.353,  -0.280,   2.095,   2.095,  -7.683, 189.790,   0.004,   0.007,   0.003,  5,        
1986-01-25T19:08:47.861Z,26879,18,  1,1,  -2.050,  -0.351,  -0.288,   2.100,   2.100,  -7.884, 189.702,   0.005,   0.003,   0.005,  5,        
1986-01-25T19:09:35.861Z,26879,19,  1,1,  -2.044,  -0.358,  -0.291,   2.096,   2.096,  -7.972, 189.939,   0.004,   0.002,   0.003,  5,        
1986-01-25T19:10:23.861Z,26879,20,  1,1,  -2.041,  -0.350,  -0.291,   2.091,   2.091,  -7.989, 189.734,   0.004,   0.006,   0.006,  5,        
1986-01-25T19:11:11.861Z,26879,21,  1,1,  -2.025,  -0.354,  -0.294,   2.077,   2.077,  -8.133, 189.911,   0.006,   0.006,   0.004,  5,        
1986-01-25T19:11:59.861Z,26879,22,  1,1,  -2.027,  -0.346,  -0.293,   2.077,   2.077,  -8.111, 189.694,   0.003,   0.010,   0.001,  5,        
1986-01-25T19:12:47.861Z,26879,23,  1,1,  -2.002,  -0.325,  -0.297,   2.050,   2.050,  -8.328, 189.214,   0.008,   0.010,   0.005,  5,        
1986-01-25T19:13:35.861Z,26879,24,  1,1,  -1.965,  -0.330,  -0.290,   2.014,   2.014,  -8.272, 189.518,   0.010,   0.009,   0.002,  5,        
1986-01-25T19:14:23.861Z,26879,25,  1,1,  -1.938,  -0.335,  -0.294,   1.988,   1.988,  -8.508, 189.814,   0.009,   0.007,   0.004,  5,        
1986-01-25T19:15:11.861Z,26879,26,  1,1,  -1.911,  -0.348,  -0.298,   1.965,   1.966,  -8.709, 190.306,   0.005,   0.008,   0.009,  5,        
1986-01-25T19:15:59.861Z,26879,27,  1,1,  -1.927,  -0.337,  -0.300,   1.979,   1.979,  -8.721, 189.932,   0.004,   0.006,   0.008,  5,        
1986-01-25T19:16:47.861Z,26879,28,  1,1,  -1.916,  -0.316,  -0.318,   1.967,   1.967,  -9.301, 189.353,   0.009,   0.007,   0.006,  5,        
1986-01-25T19:17:35.861Z,26879,29,  1,1,  -1.911,  -0.303,  -0.318,   1.961,   1.961,  -9.337, 189.006,   0.008,   0.007,   0.007,  5,        
1986-01-25T19:18:23.861Z,26879,30,  1,1,  -1.897,  -0.297,  -0.314,   1.946,   1.946,  -9.277, 188.897,   0.008,   0.006,   0.004,  5,        
1986-01-25T19:19:11.860Z,26879,31,  1,1,  -1.854,  -0.270,  -0.336,   1.904,   1.904, -10.157, 188.297,   0.011,   0.007,   0.006,  5,        
1986-01-25T19:19:59.860Z,26879,32,  1,1,  -1.818,  -0.239,  -0.350,   1.867,   1.867, -10.819, 187.497,   0.010,   0.015,   0.003,  5,        
1986-01-25T19:20:47.860Z,26879,33,  1,1,  -1.782,  -0.194,  -0.358,   1.828,   1.828, -11.310, 186.219,   0.011,   0.009,   0.005,  5,        
1986-01-25T19:21:35.860Z,26879,34,  1,1,  -1.732,  -0.207,  -0.342,   1.778,   1.778, -11.085, 186.820,   0.014,   0.018,   0.019,  5,        
1986-01-25T19:22:23.860Z,26879,35,  1,1,  -1.661,  -0.158,  -0.352,   1.705,   1.706, -11.915, 185.450,   0.014,   0.010,   0.007,  5,        
1986-01-25T19:23:11.860Z,26879,36,  1,1,  -1.653,  -0.113,  -0.392,   1.703,   1.703, -13.316, 183.920,   0.011,   0.018,   0.007,  5,        
1986-01-25T19:23:59.860Z,26879,37,  1,1,  -1.755,  -0.262,  -0.342,   1.807,   1.808, -10.900, 188.495,   0.037,   0.064,   0.016,  5,        
1986-01-25T19:24:47.860Z,26879,38,  1,1,  -1.899,  -0.361,  -0.334,   1.962,   1.962,  -9.814, 190.750,   0.032,   0.016,   0.006,  5,        
1986-01-25T19:25:35.860Z,26879,39,  1,1,  -1.982,  -0.355,  -0.345,   2.043,   2.043,  -9.716, 190.164,   0.009,   0.029,   0.009,  5,        
1986-01-25T19:26:23.860Z,26879,40,  1,1,  -2.006,  -0.383,  -0.328,   2.069,   2.069,  -9.120, 190.821,   0.009,   0.017,   0.009,  5,        
1986-01-25T19:27:11.860Z,26879,41,  1,1,  -2.011,  -0.355,  -0.343,   2.071,   2.071,  -9.539, 189.998,   0.002,   0.013,   0.008,  5,        
1986-01-25T19:27:59.860Z,26879,42,  1,1,  -2.013,  -0.364,  -0.353,   2.076,   2.076,  -9.785, 190.246,   0.005,   0.011,   0.003,  5,        
1986-01-25T19:28:47.860Z,26879,43,  1,1,  -2.010,  -0.383,  -0.354,   2.076,   2.076,  -9.820, 190.777,   0.002,   0.004,   0.005,  5,        
1986-01-25T19:29:35.860Z,26879,44,  1,1,  -2.009,  -0.380,  -0.354,   2.075,   2.075,  -9.820, 190.707,   0.004,   0.007,   0.003,  5,        
1986-01-25T19:30:23.860Z,26879,45,  1,1,  -2.009,  -0.382,  -0.339,   2.073,   2.073,  -9.403, 190.775,   0.003,   0.006,   0.003,  5,        
1986-01-25T19:31:11.860Z,26879,46,  1,1,  -1.999,  -0.414,  -0.342,   2.070,   2.070,  -9.506, 191.704,   0.004,   0.013,   0.003,  5,        
1986-01-25T19:31:59.860Z,26879,47,  1,1,  -2.004,  -0.395,  -0.341,   2.071,   2.071,  -9.473, 191.159,   0.004,   0.004,   0.004,  5,        
1986-01-25T19:32:47.860Z,26879,48,  1,1,  -2.014,  -0.398,  -0.342,   2.081,   2.081,  -9.453, 191.186,   0.002,   0.006,   0.004,  5,        
1986-01-25T19:33:35.860Z,26879,49,  1,1,  -2.008,  -0.398,  -0.336,   2.074,   2.074,  -9.317, 191.201,   0.002,   0.004,   0.004,  5,        
1986-01-25T19:34:23.859Z,26879,50,  1,1,  -2.003,  -0.410,  -0.331,   2.071,   2.071,  -9.192, 191.572,   0.003,   0.009,   0.005,  5,        
1986-01-25T19:35:11.859Z,26879,51,  1,1,  -1.995,  -0.409,  -0.322,   2.061,   2.061,  -8.998, 191.586,   0.010,   0.007,   0.010,  5,        
1986-01-25T19:35:59.859Z,26879,52,  1,1,  -1.981,  -0.386,  -0.319,   2.044,   2.044,  -8.990, 191.029,   0.003,   0.008,   0.004,  5,        
1986-01-25T19:36:47.859Z,26879,53,  1,1,  -1.986,  -0.395,  -0.309,   2.049,   2.049,  -8.681, 191.233,   0.006,   0.005,   0.007,  5,        
1986-01-25T19:37:35.859Z,26879,54,  1,1,  -1.965,  -0.425,  -0.320,   2.035,   2.036,  -9.044, 192.219,   0.018,   0.020,   0.024,  5,        
1986-01-25T19:38:23.859Z,26879,55,  1,1,  -1.919,  -0.382,  -0.326,   1.983,   1.984,  -9.459, 191.252,   0.006,   0.037,   0.030,  5,        
1986-01-25T19:39:11.859Z,26879,56,  1,1,  -1.890,  -0.323,  -0.382,   1.955,   1.955, -11.269, 189.685,   0.010,   0.007,   0.010,  5,        
1986-01-25T19:39:59.859Z,26879,57,  1,1,  -1.856,  -0.318,  -0.351,   1.915,   1.915, -10.548, 189.717,   0.022,   0.026,   0.007,  5,        
1986-01-25T19:40:47.859Z,26879,58,  1,1,  -1.747,  -0.284,  -0.313,   1.798,   1.798, -10.016, 189.225,   0.029,   0.021,   0.023,  5,        
1986-01-25T19:41:35.859Z,26879,59,  1,1,  -1.638,  -0.268,  -0.315,   1.689,   1.690, -10.742, 189.306,   0.032,   0.029,   0.013,  5,        
1986-01-25T19:42:23.859Z,26880, 0,  1,1,  -1.552,  -0.224,  -0.314,   1.599,   1.599, -11.307, 188.230,   0.026,   0.013,   0.011,  5,        
1986-01-25T19:43:11.859Z,26880, 1,  1,1,  -1.501,  -0.138,  -0.356,   1.549,   1.550, -13.295, 185.260,   0.006,   0.052,   0.017,  5,        
1986-01-25T19:43:59.859Z,26880, 2,  1,1,  -1.454,  -0.062,  -0.401,   1.510,   1.510, -15.409, 182.446,   0.018,   0.008,   0.006,  5,        
1986-01-25T19:44:47.859Z,26880, 3,  1,1,  -1.402,  -0.060,  -0.430,   1.468,   1.468, -17.039, 182.458,   0.026,   0.011,   0.023,  5,        
1986-01-25T19:45:35.859Z,26880, 4,  1,1,  -1.395,  -0.038,  -0.466,   1.471,   1.471, -18.451, 181.575,   0.032,   0.014,   0.005,  5,        
1986-01-25T19:46:23.859Z,26880, 5,  1,1,  -1.441,  -0.042,  -0.502,   1.527,   1.527, -19.185, 181.658,   0.004,   0.022,   0.012,  5,        
1986-01-25T19:47:11.859Z,26880, 6,  1,1,  -1.466,  -0.134,  -0.491,   1.552,   1.552, -18.458, 185.221,   0.009,   0.024,   0.005,  5,        
1986-01-25T19:47:59.859Z,26880, 7,  1,1,  -1.476,  -0.156,  -0.494,   1.565,   1.565, -18.398, 186.050,   0.006,   0.015,   0.006,  5,        
1986-01-25T19:48:47.858Z,26880, 8,  1,1,  -1.462,  -0.168,  -0.504,   1.555,   1.556, -18.910, 186.547,   0.009,   0.022,   0.016,  5,        
1986-01-25T19:49:35.858Z,26880, 9,  1,1,  -1.454,  -0.199,  -0.513,   1.555,   1.555, -19.260, 187.792,   0.008,   0.016,   0.005,  5,        
1986-01-25T19:50:23.858Z,26880,10,  1,1,  -1.470,  -0.271,  -0.503,   1.577,   1.577, -18.585, 190.447,   0.010,   0.009,   0.005,  5,        
1986-01-25T19:51:11.858Z,26880,11,  1,1,  -1.455,  -0.213,  -0.473,   1.544,   1.545, -17.832, 188.313,   0.019,   0.022,   0.013,  5,        
1986-01-25T19:51:59.858Z,26880,12,  1,1,  -1.318,  -0.155,  -0.403,   1.387,   1.387, -16.891, 186.709,   0.030,   0.025,   0.030,  5,        
1986-01-25T19:52:47.858Z,26880,13,  1,1,  -1.280,  -0.077,  -0.341,   1.327,   1.327, -14.893, 183.428,   0.005,   0.012,   0.006,  5,        
1986-01-25T19:53:35.858Z,26880,14,  1,1,  -1.246,  -0.128,  -0.342,   1.298,   1.298, -15.262, 185.863,   0.025,   0.010,   0.005,  5,        
1986-01-25T19:54:23.858Z,26880,15,  1,1,  -1.238,  -0.119,  -0.351,   1.293,   1.293, -15.769, 185.503,   0.017,   0.011,   0.004,  5,        
1986-01-25T19:55:11.858Z,26880,16,  1,1,  -1.308,  -0.133,  -0.358,   1.363,   1.363, -15.215, 185.798,   0.013,   0.006,   0.003,  5,        
1986-01-25T19:55:59.858Z,26880,17,  1,1,  -1.346,  -0.138,  -0.368,   1.402,   1.402, -15.204, 185.843,   0.007,   0.004,   0.005,  5,        
1986-01-25T19:56:47.858Z,26880,18,  1,1,  -1.355,  -0.122,  -0.372,   1.410,   1.410, -15.296, 185.135,   0.005,   0.010,   0.005,  5,        
1986-01-25T19:57:35.858Z,26880,19,  1,1,  -1.361,  -0.125,  -0.393,   1.422,   1.422, -16.056, 185.264,   0.006,   0.013,   0.005,  5,        
1986-01-25T19:58:23.858Z,26880,20,  1,1,  -1.373,  -0.123,  -0.391,   1.433,   1.434, -15.833, 185.109,   0.007,   0.028,   0.007,  5,        
1986-01-25T19:59:11.858Z,26880,21,  1,1,  -1.373,  -0.157,  -0.388,   1.435,   1.435, -15.679, 186.522,   0.009,   0.013,   0.008,  5,        
1986-01-25T19:59:59.858Z,26880,22,  1,1,  -1.425,  -0.179,  -0.403,   1.492,   1.492, -15.674, 187.155,   0.021,   0.024,   0.007,  5,        
1986-01-25T20:00:47.858Z,26880,23,  1,1,  -1.474,  -0.276,  -0.345,   1.539,   1.539, -12.956, 190.593,   0.015,   0.019,   0.018,  5,        
1986-01-25T20:01:35.858Z,26880,24,  1,1,  -1.520,  -0.320,  -0.319,   1.586,   1.586, -11.600, 191.881,   0.019,   0.018,   0.003,  5,        
1986-01-25T20:02:23.858Z,26880,25,  1,1,  -1.574,  -0.348,  -0.329,   1.645,   1.645, -11.544, 192.478,   0.004,   0.005,   0.007,  5,        
1986-01-25T20:03:11.858Z,26880,26,  1,1,  -1.601,  -0.337,  -0.310,   1.665,   1.665, -10.740, 191.877,   0.002,   0.009,   0.004,  5,        
1986-01-25T20:03:59.857Z,26880,27,  1,1,  -1.597,  -0.333,  -0.311,   1.661,   1.661, -10.789, 191.765,   0.001,   0.005,   0.006,  5,        
1986-01-25T20:04:47.857Z,26880,28,  1,1,  -1.594,  -0.330,  -0.298,   1.655,   1.655, -10.382, 191.710,   0.005,   0.010,   0.009,  5,        
1986-01-25T20:05:35.857Z,26880,29,  1,1,  -1.581,  -0.330,  -0.307,   1.644,   1.644, -10.767, 191.780,   0.010,   0.002,   0.012,  5,        
1986-01-25T20:06:23.857Z,26880,30,  1,1,  -1.550,  -0.321,  -0.325,   1.616,   1.616, -11.619, 191.713,   0.008,   0.011,   0.006,  5,        
1986-01-25T20:07:11.857Z,26880,31,  1,1,  -1.515,  -0.303,  -0.307,   1.575,   1.575, -11.230, 191.314,   0.012,   0.012,   0.004,  5,        
1986-01-25T20:07:59.857Z,26880,32,  1,1,  -1.490,  -0.305,  -0.320,   1.555,   1.555, -11.894, 191.571,   0.003,   0.002,   0.008,  5,        
1986-01-25T20:08:47.857Z,26880,33,  1,1,  -1.487,  -0.299,  -0.327,   1.552,   1.552, -12.151, 191.375,   0.008,   0.004,   0.011,  5,        
1986-01-25T20:09:35.857Z,26880,34,  1,1,  -1.482,  -0.285,  -0.316,   1.542,   1.542, -11.844, 190.902,   0.007,   0.013,   0.015,  5,        
1986-01-25T20:10:23.857Z,26880,35,  1,1,  -1.467,  -0.278,  -0.366,   1.537,   1.537, -13.761, 190.724,   0.007,   0.009,   0.011,  5,        
1986-01-25T20:11:11.857Z,26880,36,  1,1,  -1.464,  -0.268,  -0.368,   1.533,   1.533, -13.895, 190.365,   0.011,   0.005,   0.004,  5,        
1986-01-25T20:11:59.857Z,26880,37,  1,1,  -1.444,  -0.294,  -0.380,   1.522,   1.522, -14.464, 191.491,   0.006,   0.024,   0.003,  5,        
1986-01-25T20:12:47.857Z,26880,38,  1,1,  -1.452,  -0.322,  -0.390,   1.538,   1.538, -14.677, 192.511,   0.009,   0.003,   0.003,  5,        
1986-01-25T20:13:35.857Z,26880,39,  1,1,  -1.464,  -0.289,  -0.363,   1.536,   1.536, -13.681, 191.163,   0.003,   0.010,   0.014,  5,        
1986-01-25T20:14:23.857Z,26880,40,  1,1,  -1.477,  -0.258,  -0.341,   1.538,   1.538, -12.803, 189.891,   0.015,   0.012,   0.001,  5,        
1986-01-25T20:15:11.857Z,26880,41,  1,1,  -1.482,  -0.255,  -0.341,   1.542,   1.542, -12.765, 189.774,   0.004,   0.005,   0.008,  5,        
1986-01-25T20:15:59.857Z,26880,42,  1,1,  -1.474,  -0.216,  -0.325,   1.525,   1.525, -12.304, 188.320,   0.006,   0.020,   0.011,  5,        
1986-01-25T20:16:47.857Z,26880,43,  1,1,  -1.496,  -0.237,  -0.308,   1.546,   1.546, -11.489, 189.008,   0.012,   0.022,   0.024,  5,        
1986-01-25T20:17:35.857Z,26880,44,  1,1,  -1.469,  -0.244,  -0.272,   1.514,   1.515, -10.334, 189.416,   0.016,   0.052,   0.012,  5,        
1986-01-25T20:18:23.857Z,26880,45,  1,1,  -1.484,  -0.290,  -0.283,   1.538,   1.539, -10.612, 191.041,   0.021,   0.033,   0.023,  5,        
1986-01-25T20:19:11.856Z,26880,46,  1,1,  -1.573,  -0.300,  -0.310,   1.631,   1.632, -10.969, 190.805,   0.023,   0.050,   0.027,  5,        
1986-01-25T20:19:59.856Z,26880,47,  1,1,  -1.657,  -0.405,  -0.368,   1.745,   1.745, -12.162, 193.723,   0.030,   0.020,   0.013,  5,        
1986-01-25T20:20:47.856Z,26880,48,  1,1,  -1.719,  -0.456,  -0.408,   1.825,   1.825, -12.917, 194.853,   0.007,   0.011,   0.007,  5,        
1986-01-25T20:21:35.856Z,26880,49,  1,1,  -1.743,  -0.474,  -0.411,   1.853,   1.853, -12.824, 195.221,   0.005,   0.008,   0.002,  5,        
1986-01-25T20:22:23.856Z,26880,50,  1,1,  -1.747,  -0.449,  -0.406,   1.849,   1.849, -12.693, 194.427,   0.010,   0.011,   0.004,  5,        
1986-01-25T20:23:11.856Z,26880,51,  1,1,  -1.752,  -0.453,  -0.423,   1.858,   1.859, -13.162, 194.500,   0.003,   0.005,   0.010,  5,        
1986-01-25T20:23:59.856Z,26880,52,  1,1,  -1.748,  -0.451,  -0.421,   1.854,   1.854, -13.134, 194.449,   0.005,   0.003,   0.008,  5,        
1986-01-25T20:24:47.856Z,26880,53,  1,1,  -1.751,  -0.432,  -0.418,   1.852,   1.852, -13.053, 193.868,   0.003,   0.012,   0.008,  5,        
1986-01-25T20:25:35.856Z,26880,54,  1,1,  -1.740,  -0.412,  -0.418,   1.837,   1.837, -13.169, 193.315,   0.007,   0.012,   0.010,  5,        
1986-01-25T20:26:23.856Z,26880,55,  1,1,  -1.732,  -0.428,  -0.411,   1.831,   1.831, -12.982, 193.883,   0.007,   0.012,   0.007,  5,        
1986-01-25T20:27:11.856Z,26880,56,  1,1,  -1.734,  -0.444,  -0.394,   1.833,   1.833, -12.422, 194.350,   0.005,   0.009,   0.007,  5,        
1986-01-25T20:27:59.856Z,26880,57,  1,1,  -1.714,  -0.481,  -0.381,   1.820,   1.820, -12.091, 195.663,   0.017,   0.010,   0.004,  5,        
1986-01-25T20:28:47.856Z,26880,58,  1,1,  -1.676,  -0.518,  -0.394,   1.798,   1.798, -12.647, 197.189,   0.012,   0.020,   0.013,  5,        
1986-01-25T20:29:35.856Z,26880,59,  1,1,  -1.717,  -0.537,  -0.403,   1.844,   1.844, -12.630, 197.359,   0.022,   0.035,   0.016,  5,        
1986-01-25T20:30:23.856Z,26881, 0,  1,1,  -1.787,  -0.469,  -0.482,   1.909,   1.910, -14.621, 194.719,   0.027,   0.016,   0.019,  5,        
1986-01-25T20:31:11.856Z,26881, 1,  1,1,  -1.838,  -0.466,  -0.448,   1.948,   1.948, -13.293, 194.232,   0.005,   0.004,   0.013,  5,        
1986-01-25T20:31:59.856Z,26881, 2,  1,1,  -1.855,  -0.476,  -0.446,   1.966,   1.966, -13.120, 194.382,   0.003,   0.012,   0.011,  5,        
1986-01-25T20:32:47.856Z,26881, 3,  1,1,  -1.857,  -0.495,  -0.448,   1.973,   1.973, -13.133, 194.932,   0.008,   0.018,   0.009,  5,        
1986-01-25T20:33:35.856Z,26881, 4,  1,1,  -1.862,  -0.523,  -0.420,   1.980,   1.980, -12.250, 195.698,   0.009,   0.006,   0.006,  5,        
1986-01-25T20:34:23.855Z,26881, 5,  1,1,  -1.863,  -0.532,  -0.398,   1.978,   1.978, -11.607, 195.949,   0.006,   0.008,   0.007,  5,        
1986-01-25T20:35:11.855Z,26881, 6,  1,1,  -1.865,  -0.539,  -0.404,   1.983,   1.983, -11.746, 196.128,   0.006,   0.012,   0.008,  5,        
1986-01-25T20:35:59.855Z,26881, 7,  1,1,  -1.837,  -0.538,  -0.422,   1.960,   1.961, -12.444, 196.314,   0.013,   0.006,   0.014,  5,        
1986-01-25T20:36:47.855Z,26881, 8,  1,1,  -1.824,  -0.486,  -0.487,   1.950,   1.950, -14.462, 194.920,   0.007,   0.016,   0.030,  5,        
1986-01-25T20:37:35.855Z,26881, 9,  1,1,  -1.831,  -0.468,  -0.512,   1.958,   1.958, -15.145, 194.335,   0.005,   0.011,   0.016,  5,        
1986-01-25T20:38:23.855Z,26881,10,  1,1,  -1.823,  -0.468,  -0.512,   1.951,   1.951, -15.212, 194.403,   0.004,   0.012,   0.008,  5,        
1986-01-25T20:39:11.855Z,26881,11,  1,1,  -1.837,  -0.473,  -0.474,   1.956,   1.956, -14.027, 194.449,   0.009,   0.012,   0.010,  5,        
1986-01-25T20:39:59.855Z,26881,12,  1,1,  -1.819,  -0.449,  -0.526,   1.946,   1.947, -15.689, 193.860,   0.003,   0.009,   0.033,  5,        
1986-01-25T20:40:47.855Z,26881,13,  1,1,  -1.813,  -0.452,  -0.489,   1.931,   1.931, -14.680, 194.014,   0.005,   0.011,   0.018,  5,        
1986-01-25T20:41:35.855Z,26881,14,  1,1,  -1.813,  -0.482,  -0.451,   1.929,   1.930, -13.518, 194.900,   0.005,   0.022,   0.022,  5,        
1986-01-25T20:42:23.855Z,26881,15,  1,1,  -1.789,  -0.479,  -0.450,   1.906,   1.906, -13.656, 194.981,   0.003,   0.012,   0.021,  5,        
1986-01-25T20:43:11.855Z,26881,16,  1,1,  -1.784,  -0.421,  -0.526,   1.907,   1.907, -16.023, 193.264,   0.002,   0.007,   0.006,  5,        
1986-01-25T20:43:59.855Z,26881,17,  1,1,  -1.775,  -0.421,  -0.546,   1.904,   1.904, -16.663, 193.339,   0.003,   0.006,   0.016,  5,        
1986-01-25T20:44:47.855Z,26881,18,  1,1,  -1.774,  -0.406,  -0.521,   1.893,   1.893, -15.974, 192.877,   0.007,   0.009,   0.023,  5,        
1986-01-25T20:45:35.855Z,26881,19,  1,1,  -1.765,  -0.428,  -0.496,   1.883,   1.883, -15.261, 193.624,   0.015,   0.015,   0.011,  5,        
1986-01-25T20:46:23.855Z,26881,20,  1,1,  -1.751,  -0.427,  -0.524,   1.877,   1.877, -16.224, 193.714,   0.013,   0.013,   0.015,  5,        
1986-01-25T20:47:11.855Z,26881,21,  1,1,  -1.788,  -0.430,  -0.532,   1.914,   1.914, -16.132, 193.530,   0.009,   0.015,   0.011,  5,        
1986-01-25T20:47:59.855Z,26881,22,  1,1,  -1.806,  -0.488,  -0.466,   1.928,   1.928, -14.002, 195.138,   0.001,   0.016,   0.023,  5,        
1986-01-25T20:48:47.855Z,26881,23,  1,1,  -1.808,  -0.508,  -0.442,   1.929,   1.929, -13.247, 195.695,   0.008,   0.003,   0.011,  5,        
1986-01-25T20:49:35.854Z,26881,24,  1,1,  -1.829,  -0.512,  -0.455,   1.953,   1.953, -13.471, 195.631,   0.009,   0.013,   0.018,  5,        
1986-01-25T20:50:23.854Z,26881,25,  1,1,  -1.853,  -0.532,  -0.417,   1.973,   1.973, -12.201, 196.030,   0.007,   0.006,   0.008,  5,        
1986-01-25T20:51:11.854Z,26881,26,  1,1,  -1.878,  -0.537,  -0.375,   1.989,   1.989, -10.876, 195.965,   0.009,   0.012,   0.023,  5,        
1986-01-25T20:51:59.854Z,26881,27,  1,1,  -1.877,  -0.556,  -0.359,   1.990,   1.990, -10.381, 196.491,   0.001,   0.004,   0.006,  5,        
1986-01-25T20:52:47.854Z,26881,28,  1,1,  -1.874,  -0.556,  -0.365,   1.988,   1.988, -10.572, 196.529,   0.006,   0.007,   0.005,  5,        
1986-01-25T20:53:35.854Z,26881,29,  1,1,  -1.853,  -0.549,  -0.400,   1.974,   1.974, -11.703, 196.512,   0.004,   0.006,   0.013,  5,        
1986-01-25T20:54:23.854Z,26881,30,  1,1,  -1.849,  -0.548,  -0.433,   1.977,   1.977, -12.651, 196.517,   0.004,   0.005,   0.005,  5,        
1986-01-25T20:55:11.854Z,26881,31,  1,1,  -1.827,  -0.563,  -0.465,   1.968,   1.968, -13.673, 197.110,   0.008,   0.006,   0.015,  5,        
1986-01-25T20:55:59.854Z,26881,32,  1,1,  -1.829,  -0.572,  -0.500,   1.981,   1.981, -14.612, 197.372,   0.005,   0.008,   0.007,  5,        
1986-01-25T20:56:47.854Z,26881,33,  1,1,  -1.829,  -0.576,  -0.474,   1.975,   1.975, -13.893, 197.465,   0.006,   0.005,   0.006,  5,        
1986-01-25T20:57:35.854Z,26881,34,  1,1,  -1.840,  -0.556,  -0.455,   1.975,   1.975, -13.327, 196.823,   0.008,   0.014,   0.009,  5,        
1986-01-25T20:58:23.854Z,26881,35,  1,1,  -1.853,  -0.541,  -0.422,   1.976,   1.976, -12.347, 196.285,   0.003,   0.006,   0.008,  5,        
1986-01-25T20:59:11.854Z,26881,36,  1,1,  -1.856,  -0.537,  -0.398,   1.972,   1.973, -11.646, 196.126,   0.005,   0.003,   0.005,  5,        
1986-01-25T20:59:59.854Z,26881,37,  1,1,  -1.853,  -0.544,  -0.399,   1.972,   1.972, -11.679, 196.362,   0.012,   0.015,   0.003,  5,        
1986-01-25T21:00:47.854Z,26881,38,  1,1,  -1.844,  -0.544,  -0.385,   1.961,   1.961, -11.316, 196.437,   0.010,   0.007,   0.003,  5,        
1986-01-25T21:01:35.854Z,26881,39,  1,1,  -1.862,  -0.549,  -0.385,   1.979,   1.979, -11.212, 196.429,   0.003,   0.003,   0.003,  5,        
1986-01-25T21:02:23.854Z,26881,40,  1,1,  -1.856,  -0.534,  -0.377,   1.968,   1.968, -11.049, 196.060,   0.003,   0.008,   0.002,  5,        
1986-01-25T21:03:11.854Z,26881,41,  1,1,  -1.832,  -0.540,  -0.388,   1.949,   1.949, -11.482, 196.417,   0.011,   0.006,   0.004,  5,        
1986-01-25T21:03:59.854Z,26881,42,  1,1,  -1.787,  -0.542,  -0.387,   1.907,   1.907, -11.704, 196.867,   0.020,   0.005,   0.008,  5,        
1986-01-25T21:04:47.853Z,26881,43,  1,1,  -1.712,  -0.512,  -0.389,   1.828,   1.828, -12.285, 196.640,   0.014,   0.011,   0.015,  5,        
1986-01-25T21:05:35.853Z,26881,44,  1,1,  -1.705,  -0.486,  -0.323,   1.802,   1.803, -10.329, 195.922,   0.008,   0.011,   0.026,  5,        
1986-01-25T21:06:23.853Z,26881,45,  1,1,  -1.759,  -0.475,  -0.271,   1.842,   1.842,  -8.449, 195.096,   0.013,   0.005,   0.011,  5,        
1986-01-25T21:07:11.853Z,26881,46,  1,1,  -1.753,  -0.485,  -0.287,   1.841,   1.841,  -8.979, 195.466,   0.006,   0.009,   0.014,  5,        
1986-01-25T21:07:59.853Z,26881,47,  1,1,  -1.734,  -0.506,  -0.312,   1.833,   1.833,  -9.802, 196.268,   0.006,   0.008,   0.004,  5,        
1986-01-25T21:08:47.853Z,26881,48,  1,1,  -1.728,  -0.517,  -0.324,   1.832,   1.832, -10.183, 196.667,   0.010,   0.012,   0.014,  5,        
1986-01-25T21:09:35.853Z,26881,49,  1,1,  -1.694,  -0.582,  -0.368,   1.828,   1.829, -11.604, 198.975,   0.016,   0.017,   0.014,  5,        
1986-01-25T21:10:23.853Z,26881,50,  1,1,  -1.709,  -0.550,  -0.329,   1.825,   1.826, -10.390, 197.826,   0.012,   0.017,   0.013,  5,        
1986-01-25T21:11:11.853Z,26881,51,  1,1,  -1.709,  -0.571,  -0.318,   1.830,   1.830, -10.003, 198.458,   0.007,   0.018,   0.006,  5,        
1986-01-25T21:11:59.853Z,26881,52,  1,1,  -1.674,  -0.615,  -0.355,   1.818,   1.819, -11.256, 200.183,   0.022,   0.025,   0.016,  5,        
1986-01-25T21:12:47.853Z,26881,53,  1,1,  -1.625,  -0.658,  -0.350,   1.788,   1.788, -11.282, 202.037,   0.011,   0.018,   0.009,  5,        
1986-01-25T21:13:35.853Z,26881,54,  1,1,  -1.601,  -0.683,  -0.378,   1.781,   1.782, -12.259, 203.082,   0.011,   0.005,   0.023,  5,        
1986-01-25T21:14:23.853Z,26881,55,  1,1,  -1.586,  -0.681,  -0.415,   1.775,   1.775, -13.516, 203.229,   0.003,   0.009,   0.005,  5,        
1986-01-25T21:15:11.853Z,26881,56,  1,1,  -1.574,  -0.768,  -0.454,   1.809,   1.809, -14.526, 206.010,   0.005,   0.035,   0.012,  5,        
1986-01-25T21:15:59.853Z,26881,57,  1,1,  -1.637,  -0.751,  -0.476,   1.863,   1.863, -14.804, 204.632,   0.016,   0.022,   0.002,  5,        
1986-01-25T21:16:47.853Z,26881,58,  1,1,  -1.665,  -0.689,  -0.461,   1.859,   1.860, -14.352, 202.474,   0.009,   0.013,   0.012,  5,        
1986-01-25T21:17:35.853Z,26881,59,  1,1,  -1.686,  -0.707,  -0.454,   1.884,   1.884, -13.947, 202.745,   0.005,   0.014,   0.004,  5,        
1986-01-25T21:18:23.853Z,26882, 0,  1,1,  -1.684,  -0.716,  -0.440,   1.882,   1.882, -13.511, 203.041,   0.010,   0.004,   0.017,  5,        
1986-01-25T21:19:11.853Z,26882, 1,  1,1,  -1.727,  -0.724,  -0.364,   1.908,   1.908, -10.991, 202.750,   0.010,   0.004,   0.028,  5,        
1986-01-25T21:19:59.852Z,26882, 2,  1,1,  -1.738,  -0.709,  -0.392,   1.917,   1.917, -11.800, 202.194,   0.007,   0.018,   0.028,  5,        
1986-01-25T21:20:47.852Z,26882, 3,  1,1,  -1.733,  -0.747,  -0.408,   1.931,   1.931, -12.211, 203.323,   0.005,   0.008,   0.002,  5,        
1986-01-25T21:21:35.852Z,26882, 4,  1,1,  -1.732,  -0.751,  -0.422,   1.934,   1.934, -12.599, 203.442,   0.005,   0.006,   0.008,  5,        
1986-01-25T21:22:23.852Z,26882, 5,  1,1,  -1.745,  -0.761,  -0.403,   1.946,   1.946, -11.944, 203.543,   0.009,   0.007,   0.016,  5,        
1986-01-25T21:23:11.852Z,26882, 6,  1,1,  -1.747,  -0.761,  -0.369,   1.941,   1.941, -10.971, 203.533,   0.002,   0.006,   0.007,  5,        
1986-01-25T21:23:59.852Z,26882, 7,  1,1,  -1.744,  -0.771,  -0.395,   1.947,   1.947, -11.706, 203.851,   0.011,   0.006,   0.017,  5,        
1986-01-25T21:24:47.852Z,26882, 8,  1,1,  -1.769,  -0.799,  -0.397,   1.982,   1.982, -11.554, 204.302,   0.013,   0.006,   0.026,  5,        
1986-01-25T21:25:35.852Z,26882, 9,  1,1,  -1.793,  -0.766,  -0.358,   1.982,   1.982, -10.418, 203.147,   0.002,   0.007,   0.008,  5,        
1986-01-25T21:26:23.852Z,26882,10,  1,1,  -1.777,  -0.761,  -0.351,   1.965,   1.965, -10.281, 203.194,   0.002,   0.007,   0.015,  5,        
1986-01-25T21:27:11.852Z,26882,11,  1,1,  -1.769,  -0.766,  -0.345,   1.958,   1.958, -10.141, 203.415,   0.007,   0.007,   0.007,  5,        
1986-01-25T21:27:59.852Z,26882,12,  1,1,  -1.770,  -0.768,  -0.344,   1.960,   1.960, -10.120, 203.451,   0.006,   0.003,   0.008,  5,        
1986-01-25T21:28:47.852Z,26882,13,  1,1,  -1.765,  -0.772,  -0.330,   1.955,   1.955,  -9.727, 203.632,   0.004,   0.004,   0.004,  5,        
1986-01-25T21:29:35.852Z,26882,14,  1,1,  -1.763,  -0.764,  -0.341,   1.952,   1.952, -10.058, 203.436,   0.007,   0.006,   0.007,  5,        
1986-01-25T21:30:23.852Z,26882,15,  1,1,  -1.753,  -0.768,  -0.354,   1.946,   1.946, -10.466, 203.663,   0.007,   0.007,   0.011,  5,        
1986-01-25T21:31:11.852Z,26882,16,  1,1,  -1.753,  -0.791,  -0.407,   1.965,   1.965, -11.951, 204.286,   0.005,   0.007,   0.017,  5,        
1986-01-25T21:31:59.852Z,26882,17,  1,1,  -1.745,  -0.790,  -0.430,   1.963,   1.963, -12.642, 204.349,   0.004,   0.007,   0.009,  5,        
1986-01-25T21:32:47.852Z,26882,18,  1,1,  -1.747,  -0.813,  -0.418,   1.971,   1.971, -12.247, 204.958,   0.003,   0.008,   0.008,  5,        
1986-01-25T21:33:35.852Z,26882,19,  1,1,  -1.748,  -0.818,  -0.370,   1.965,   1.965, -10.848, 205.074,   0.005,   0.009,   0.009,  5,        
1986-01-25T21:34:23.851Z,26882,20,  1,1,  -1.738,  -0.841,  -0.373,   1.967,   1.967, -10.947, 205.813,   0.005,   0.002,   0.008,  5,        
1986-01-25T21:35:11.851Z,26882,21,  1,1,  -1.741,  -0.841,  -0.384,   1.972,   1.972, -11.238, 205.776,   0.004,   0.011,   0.002,  5,        
1986-01-25T21:35:59.851Z,26882,22,  1,1,  -1.736,  -0.855,  -0.413,   1.978,   1.979, -12.039, 206.239,   0.007,   0.020,   0.005,  5,        
1986-01-25T21:36:47.851Z,26882,23,  1,1,  -1.705,  -0.907,  -0.415,   1.975,   1.975, -12.125, 208.005,   0.004,   0.003,   0.009,  5,        
1986-01-25T21:37:35.851Z,26882,24,  1,1,  -1.731,  -0.891,  -0.395,   1.986,   1.986, -11.459, 207.248,   0.013,   0.014,   0.006,  5,        
1986-01-25T21:38:23.851Z,26882,25,  1,1,  -1.708,  -0.884,  -0.387,   1.962,   1.962, -11.365, 207.366,   0.005,   0.022,   0.021,  5,        
1986-01-25T21:39:11.851Z,26882,26,  1,1,  -1.751,  -0.778,  -0.342,   1.946,   1.947, -10.108, 203.942,   0.014,   0.045,   0.004,  5,        
1986-01-25T21:39:59.851Z,26882,27,  1,1,  -1.735,  -0.850,  -0.374,   1.968,   1.968, -10.951, 206.094,   0.011,   0.033,   0.007,  5,        
1986-01-25T21:40:47.851Z,26882,28,  1,1,  -1.667,  -0.903,  -0.387,   1.935,   1.935, -11.546, 208.440,   0.014,   0.019,   0.013,  5,        
1986-01-25T21:41:35.851Z,26882,29,  1,1,  -1.651,  -0.900,  -0.395,   1.921,   1.921, -11.878, 208.589,   0.022,   0.021,   0.005,  5,        
1986-01-25T21:42:23.851Z,26882,30,  1,1,  -1.614,  -0.919,  -0.399,   1.900,   1.900, -12.120, 209.652,   0.006,   0.014,   0.021,  5,        
1986-01-25T21:43:11.851Z,26882,31,  1,1,  -1.583,  -0.975,  -0.373,   1.897,   1.897, -11.348, 211.634,   0.020,   0.017,   0.015,  5,        
1986-01-25T21:43:59.851Z,26882,32,  1,1,  -1.587,  -0.939,  -0.394,   1.885,   1.886, -12.054, 210.626,   0.019,   0.037,   0.007,  5,        
1986-01-25T21:44:47.851Z,26882,33,  1,1,  -1.642,  -0.882,  -0.349,   1.896,   1.896, -10.611, 208.258,   0.017,   0.018,   0.023,  5,        
1986-01-25T21:45:35.851Z,26882,34,  1,1,  -1.670,  -0.900,  -0.312,   1.922,   1.922,  -9.352, 208.320,   0.009,   0.015,   0.009,  5,        
1986-01-25T21:46:23.851Z,26882,35,  1,1,  -1.651,  -0.930,  -0.346,   1.927,   1.927, -10.359, 209.395,   0.012,   0.016,   0.015,  5,        
1986-01-25T21:47:11.851Z,26882,36,  1,1,  -1.648,  -0.916,  -0.352,   1.918,   1.918, -10.567, 209.062,   0.030,   0.020,   0.033,  5,        
1986-01-25T21:47:59.851Z,26882,37,  1,1,  -1.612,  -0.914,  -0.347,   1.886,   1.886, -10.617, 209.556,   0.011,   0.016,   0.018,  5,        
1986-01-25T21:48:47.851Z,26882,38,  1,1,  -1.612,  -0.954,  -0.346,   1.905,   1.905, -10.472, 210.602,   0.017,   0.011,   0.019,  5,        
1986-01-25T21:49:35.850Z,26882,39,  1,1,  -1.597,  -0.930,  -0.316,   1.875,   1.875,  -9.696, 210.234,   0.015,   0.010,   0.020,  5,        
1986-01-25T21:50:23.850Z,26882,40,  1,1,  -1.518,  -0.874,  -0.389,   1.795,   1.795, -12.525, 209.933,   0.034,   0.039,   0.025,  5,        
1986-01-25T21:51:11.850Z,26882,41,  1,1,  -1.484,  -0.798,  -0.364,   1.724,   1.724, -12.203, 208.282,   0.014,   0.020,   0.016,  5,        
1986-01-25T21:51:59.850Z,26882,42,  1,1,  -1.469,  -0.799,  -0.206,   1.685,   1.687,  -7.036, 208.545,   0.020,   0.032,   0.086,  5,        
1986-01-25T21:52:47.850Z,26882,43,  1,1,  -1.391,  -0.781,  -0.199,   1.608,   1.608,  -7.101, 209.326,   0.009,   0.014,   0.029,  5,        
1986-01-25T21:53:35.850Z,26882,44,  1,1,  -1.343,  -0.737,  -0.226,   1.549,   1.549,  -8.377, 208.758,   0.023,   0.025,   0.005,  5,        
1986-01-25T21:54:23.850Z,26882,45,  1,1,  -1.240,  -0.647,  -0.227,   1.417,   1.418,  -9.234, 207.567,   0.039,   0.009,   0.034,  5,        
1986-01-25T21:55:11.850Z,26882,46,  1,1,  -1.096,  -0.581,  -0.291,   1.274,   1.275, -13.223, 207.923,   0.056,   0.026,   0.019,  5,        
1986-01-25T21:55:59.850Z,26882,47,  1,1,  -0.940,  -0.513,  -0.300,   1.112,   1.112, -15.628, 208.644,   0.043,   0.005,   0.007,  5,        
1986-01-25T21:56:47.850Z,26882,48,  1,1,  -0.867,  -0.510,  -0.293,   1.048,   1.048, -16.244, 210.467,   0.020,   0.012,   0.012,  5,        
1986-01-25T21:57:35.850Z,26882,49,  1,1,  -0.827,  -0.502,  -0.329,   1.022,   1.022, -18.774, 211.252,   0.005,   0.008,   0.010,  5,        
1986-01-25T21:58:23.850Z,26882,50,  1,1,  -0.842,  -0.515,  -0.257,   1.020,   1.021, -14.573, 211.458,   0.010,   0.016,   0.022,  5,        
1986-01-25T21:59:11.850Z,26882,51,  1,1,  -0.793,  -0.511,  -0.195,   0.963,   0.964, -11.659, 212.811,   0.022,   0.019,   0.006,  5,        
1986-01-25T21:59:59.850Z,26882,52,  1,1,  -0.689,  -0.447,  -0.215,   0.849,   0.849, -14.639, 213.006,   0.038,   0.022,   0.007,  5,        
1986-01-25T22:00:47.850Z,26882,53,  1,1,  -0.601,  -0.442,  -0.213,   0.776,   0.777, -15.955, 216.344,   0.022,   0.024,   0.006,  5,        
1986-01-25T22:01:35.850Z,26882,54,  1,1,  -0.552,  -0.435,  -0.213,   0.734,   0.734, -16.870, 218.238,   0.007,   0.020,   0.005,  5,        
1986-01-25T22:02:23.850Z,26882,55,  1,1,  -0.589,  -0.393,  -0.235,   0.746,   0.746, -18.363, 213.712,   0.019,   0.022,   0.004,  5,        
1986-01-25T22:03:11.850Z,26882,56,  1,1,  -0.571,  -0.304,  -0.226,   0.685,   0.685, -19.266, 208.037,   0.024,   0.013,   0.008,  5,        
1986-01-25T22:03:59.850Z,26882,57,  1,1,  -0.502,  -0.286,  -0.211,   0.615,   0.615, -20.026, 209.657,   0.017,   0.019,   0.017,  5,        
1986-01-25T22:04:47.849Z,26882,58,  1,1,  -0.458,  -0.255,  -0.149,   0.545,   0.545, -15.847, 209.150,   0.024,   0.008,   0.008,  5,        
1986-01-25T22:05:35.849Z,26882,59,  1,1,  -0.404,  -0.257,  -0.135,   0.497,   0.497, -15.727, 212.424,   0.011,   0.003,   0.010,  5,        
1986-01-25T22:06:23.849Z,26883, 0,  1,1,  -0.368,  -0.253,  -0.123,   0.464,   0.464, -15.422, 214.527,   0.010,   0.014,   0.005,  5,        
1986-01-25T22:07:11.849Z,26883, 1,  1,1,  -0.273,  -0.301,  -0.172,   0.441,   0.444, -22.982, 227.776,   0.040,   0.026,   0.016,  5,        
1986-01-25T22:07:59.849Z,26883, 2,  1,1,  -0.140,  -0.367,  -0.198,   0.440,   0.442, -26.781, 249.041,   0.039,   0.016,   0.005,  5,        
1986-01-25T22:08:47.849Z,26883, 3,  1,1,   0.008,  -0.353,  -0.196,   0.404,   0.406, -29.116, 271.308,   0.036,   0.017,   0.004,  5,        
1986-01-25T22:09:35.849Z,26883, 4,  1,1,   0.077,  -0.310,  -0.192,   0.372,   0.373, -31.021, 283.963,   0.017,   0.006,   0.006,  5,        
1986-01-25T22:10:23.849Z,26883, 5,  1,1,   0.150,  -0.290,  -0.215,   0.391,   0.392, -33.360, 297.284,   0.023,   0.017,   0.008,  5,        
1986-01-25T22:11:11.849Z,26883, 6,  1,1,   0.238,  -0.232,  -0.232,   0.406,   0.407, -34.935, 315.686,   0.028,   0.019,   0.004,  5,        
1986-01-25T22:11:59.849Z,26883, 7,  1,1,   0.318,  -0.178,  -0.232,   0.432,   0.433, -32.459, 330.797,   0.026,   0.013,   0.003,  5,        
1986-01-25T22:12:47.849Z,26883, 8,  1,1,   0.393,  -0.164,  -0.229,   0.484,   0.484, -28.226, 337.332,   0.018,   0.011,   0.008,  5,        
1986-01-25T22:13:35.849Z,26883, 9,  1,1,   0.447,  -0.184,  -0.253,   0.545,   0.546, -27.612, 337.609,   0.015,   0.025,   0.007,  5,        
1986-01-25T22:14:23.849Z,26883,10,  1,1,   0.480,  -0.218,  -0.269,   0.592,   0.592, -26.989, 335.610,   0.032,   0.011,   0.010,  5,        
1986-01-25T22:15:11.849Z,26883,11,  1,1,   0.534,  -0.294,  -0.285,   0.672,   0.674, -25.064, 331.154,   0.024,   0.039,   0.008,  5,        
1986-01-25T22:15:59.849Z,26883,12,  1,1,   0.531,  -0.396,  -0.330,   0.740,   0.741, -26.477, 323.273,   0.048,   0.019,   0.042,  5,        
1986-01-25T22:16:47.849Z,26883,13,  1,1,   0.648,  -0.379,  -0.432,   0.866,   0.866, -29.924, 329.674,   0.015,   0.030,   0.012,  5,        
1986-01-25T22:17:35.849Z,26883,14,  1,1,   0.784,  -0.394,  -0.451,   0.986,   0.990, -27.214, 333.327,   0.077,   0.059,   0.013,  5,        
1986-01-25T22:18:23.849Z,26883,15,  1,1,   0.985,  -0.172,  -0.392,   1.074,   1.075, -21.384, 350.112,   0.018,   0.042,   0.025,  5,        
1986-01-25T22:19:11.849Z,26883,16,  1,1,   1.064,  -0.150,  -0.338,   1.127,   1.127, -17.432, 351.952,   0.033,   0.025,   0.018,  5,        
1986-01-25T22:19:59.848Z,26883,17,  1,1,   1.127,  -0.115,  -0.343,   1.184,   1.184, -16.852, 354.179,   0.017,   0.014,   0.009,  5,        
1986-01-25T22:20:47.848Z,26883,18,  1,1,   1.167,  -0.099,  -0.339,   1.220,   1.220, -16.160, 355.161,   0.006,   0.005,   0.030,  5,        
1986-01-25T22:21:35.848Z,26883,19,  1,1,   1.161,  -0.031,  -0.244,   1.187,   1.187, -11.857, 358.469,   0.006,   0.021,   0.010,  5,        
1986-01-25T22:22:23.848Z,26883,20,  1,1,   1.142,  -0.019,  -0.298,   1.180,   1.181, -14.617, 359.045,   0.010,   0.025,   0.029,  5,        
1986-01-25T22:23:11.848Z,26883,21,  1,1,   1.215,   0.046,  -0.380,   1.274,   1.274, -17.378,   2.184,   0.009,   0.012,   0.022,  5,        
1986-01-25T22:23:59.848Z,26883,22,  1,1,   1.178,   0.011,  -0.421,   1.251,   1.251, -19.671,   0.553,   0.031,   0.005,   0.008,  5,        
1986-01-25T22:24:47.848Z,26883,23,  1,1,   1.130,   0.035,  -0.381,   1.193,   1.193, -18.617,   1.796,   0.011,   0.006,   0.006,  5,        
1986-01-25T22:25:35.848Z,26883,24,  1,1,   1.146,   0.034,  -0.326,   1.192,   1.192, -15.850,   1.693,   0.007,   0.006,   0.030,  5,        
1986-01-25T22:26:23.848Z,26883,25,  1,1,   1.162,   0.090,  -0.220,   1.186,   1.187, -10.685,   4.411,   0.011,   0.035,   0.041,  5,        
1986-01-25T22:27:11.848Z,26883,26,  1,1,   1.213,   0.219,  -0.119,   1.239,   1.239,  -5.499,  10.232,   0.031,   0.012,   0.017,  5,        
1986-01-25T22:27:59.848Z,26883,27,  1,1,   1.335,   0.190,  -0.168,   1.359,   1.359,  -7.105,   8.092,   0.046,   0.014,   0.025,  5,        
1986-01-25T22:28:47.848Z,26883,28,  1,1,   1.453,   0.121,  -0.245,   1.479,   1.479,  -9.524,   4.766,   0.021,   0.024,   0.025,  5,        
1986-01-25T22:29:35.848Z,26883,29,  1,1,   1.493,   0.102,  -0.253,   1.518,   1.518,  -9.613,   3.919,   0.028,   0.022,   0.028,  5,        
1986-01-25T22:30:23.848Z,26883,30,  1,1,   1.547,   0.136,  -0.228,   1.570,   1.570,  -8.357,   5.035,   0.020,   0.012,   0.025,  5,        
1986-01-25T22:31:11.848Z,26883,31,  1,1,   1.646,   0.120,  -0.259,   1.671,   1.671,  -8.929,   4.167,   0.022,   0.018,   0.006,  5,        
1986-01-25T22:31:59.848Z,26883,32,  1,1,   1.677,   0.167,  -0.245,   1.703,   1.703,  -8.276,   5.680,   0.006,   0.018,   0.013,  5,        
1986-01-25T22:32:47.848Z,26883,33,  1,1,   1.687,   0.193,  -0.202,   1.710,   1.710,  -6.782,   6.543,   0.009,   0.006,   0.015,  5,        
1986-01-25T22:33:35.848Z,26883,34,  1,1,   1.710,   0.222,  -0.151,   1.731,   1.731,  -5.013,   7.385,   0.004,   0.010,   0.016,  5,        
1986-01-25T22:34:23.848Z,26883,35,  1,1,   1.738,   0.230,  -0.135,   1.758,   1.758,  -4.391,   7.541,   0.019,   0.011,   0.016,  5,        
1986-01-25T22:35:11.847Z,26883,36,  1,1,   1.772,   0.281,  -0.064,   1.795,   1.795,  -2.028,   9.005,   0.003,   0.015,   0.010,  5,        
1986-01-25T22:35:59.847Z,26883,37,  1,1,   1.780,   0.287,  -0.070,   1.804,   1.804,  -2.234,   9.153,   0.005,   0.009,   0.010,  5,        
1986-01-25T22:36:47.847Z,26883,38,  1,1,   1.788,   0.275,  -0.081,   1.810,   1.810,  -2.549,   8.754,   0.007,   0.008,   0.005,  5,        
1986-01-25T22:37:35.847Z,26883,39,  1,1,   1.766,   0.200,  -0.104,   1.780,   1.780,  -3.338,   6.457,   0.005,   0.016,   0.013,  5,        
1986-01-25T22:38:23.847Z,26883,40,  1,1,   1.751,   0.197,  -0.122,   1.766,   1.766,  -3.973,   6.434,   0.012,   0.008,   0.010,  5,        
1986-01-25T22:39:11.847Z,26883,41,  1,1,   1.769,   0.271,  -0.115,   1.794,   1.794,  -3.681,   8.707,   0.007,   0.012,   0.005,  5,        
1986-01-25T22:39:59.847Z,26883,42,  1,1,   1.742,   0.288,  -0.113,   1.769,   1.769,  -3.660,   9.387,   0.014,   0.007,   0.004,  5,        
1986-01-25T22:40:47.847Z,26883,43,  1,1,   1.720,   0.259,  -0.094,   1.742,   1.742,  -3.100,   8.573,   0.005,   0.010,   0.004,  5,        
1986-01-25T22:41:35.847Z,26883,44,  1,1,   1.726,   0.257,  -0.093,   1.748,   1.748,  -3.035,   8.465,   0.004,   0.003,   0.005,  5,        
1986-01-25T22:42:23.847Z,26883,45,  1,1,   1.721,   0.249,  -0.071,   1.741,   1.741,  -2.332,   8.232,   0.007,   0.006,   0.006,  5,        
1986-01-25T22:43:11.847Z,26883,46,  1,1,   1.718,   0.251,  -0.063,   1.737,   1.737,  -2.082,   8.323,   0.007,   0.008,   0.007,  5,        
1986-01-25T22:43:59.847Z,26883,47,  1,1,   1.712,   0.270,  -0.079,   1.735,   1.735,  -2.596,   8.946,   0.009,   0.007,   0.008,  5,        
1986-01-25T22:44:47.847Z,26883,48,  1,1,   1.688,   0.236,  -0.075,   1.706,   1.706,  -2.504,   7.968,   0.012,   0.027,   0.012,  5,        
1986-01-25T22:45:35.847Z,26883,49,  1,1,   1.691,   0.246,  -0.070,   1.711,   1.711,  -2.335,   8.270,   0.006,   0.026,   0.011,  5,        
1986-01-25T22:46:23.847Z,26883,50,  1,1,   1.648,   0.311,  -0.081,   1.679,   1.679,  -2.765,  10.690,   0.014,   0.034,   0.006,  5,        
1986-01-25T22:47:11.847Z,26883,51,  1,1,   1.642,   0.343,  -0.078,   1.679,   1.679,  -2.657,  11.789,   0.005,   0.009,   0.006,  5,        
1986-01-25T22:47:59.847Z,26883,52,  1,1,   1.613,   0.250,  -0.051,   1.633,   1.633,  -1.797,   8.802,   0.011,   0.023,   0.009,  5,        
1986-01-25T22:48:47.847Z,26883,53,  1,1,   1.581,   0.272,  -0.052,   1.605,   1.605,  -1.845,   9.772,   0.010,   0.021,   0.005,  5,        
1986-01-25T22:49:35.847Z,26883,54,  1,1,   1.585,   0.299,  -0.062,   1.614,   1.614,  -2.201,  10.700,   0.003,   0.008,   0.010,  5,        
1986-01-25T22:50:23.846Z,26883,55,  1,1,   1.582,   0.331,  -0.065,   1.617,   1.617,  -2.293,  11.819,   0.004,   0.009,   0.006,  5,        
1986-01-25T22:51:11.846Z,26883,56,  1,1,   1.585,   0.329,  -0.059,   1.620,   1.620,  -2.074,  11.708,   0.003,   0.014,   0.002,  5,        
1986-01-25T22:51:59.846Z,26883,57,  1,1,   1.583,   0.335,  -0.049,   1.619,   1.619,  -1.731,  11.954,   0.007,   0.011,   0.004,  5,        
1986-01-25T22:52:47.846Z,26883,58,  1,1,   1.598,   0.346,  -0.051,   1.636,   1.636,  -1.797,  12.227,   0.008,   0.006,   0.009,  5,        
1986-01-25T22:53:35.846Z,26883,59,  1,1,   1.619,   0.371,  -0.057,   1.662,   1.662,  -1.956,  12.888,   0.005,   0.005,   0.004,  5,        
1986-01-25T22:54:23.846Z,26884, 0,  1,1,   1.647,   0.378,  -0.071,   1.692,   1.692,  -2.406,  12.937,   0.006,   0.008,   0.005,  5,        
1986-01-25T22:55:11.846Z,26884, 1,  1,1,   1.668,   0.376,  -0.074,   1.711,   1.712,  -2.476,  12.718,   0.005,   0.008,   0.005,  5,        
1986-01-25T22:55:59.846Z,26884, 2,  1,1,   1.702,   0.396,  -0.064,   1.748,   1.748,  -2.108,  13.088,   0.007,   0.014,   0.002,  5,        
1986-01-25T22:56:47.846Z,26884, 3,  1,1,   1.724,   0.395,  -0.075,   1.770,   1.770,  -2.433,  12.910,   0.007,   0.011,   0.003,  5,        
1986-01-25T22:57:35.846Z,26884, 4,  1,1,   1.743,   0.398,  -0.081,   1.789,   1.789,  -2.604,  12.876,   0.008,   0.005,   0.007,  5,        
1986-01-25T22:58:23.846Z,26884, 5,  1,1,   1.748,   0.429,  -0.088,   1.802,   1.802,  -2.814,  13.774,   0.003,   0.011,   0.002,  5,        
1986-01-25T22:59:11.846Z,26884, 6,  1,1,   1.744,   0.421,  -0.094,   1.796,   1.796,  -2.999,  13.585,   0.009,   0.016,   0.007,  5,        
1986-01-25T22:59:59.846Z,26884, 7,  1,1,   1.768,   0.401,  -0.086,   1.815,   1.815,  -2.729,  12.782,   0.008,   0.022,   0.009,  5,        
1986-01-25T23:00:47.846Z,26884, 8,  1,1,   1.778,   0.406,  -0.091,   1.825,   1.826,  -2.868,  12.851,   0.006,   0.008,   0.007,  5,        
1986-01-25T23:01:35.846Z,26884, 9,  1,1,   1.768,   0.411,  -0.066,   1.816,   1.816,  -2.080,  13.089,   0.005,   0.009,   0.010,  5,        
1986-01-25T23:02:23.846Z,26884,10,  1,1,   1.702,   0.407,  -0.065,   1.751,   1.751,  -2.143,  13.442,   0.027,   0.014,   0.009,  5,        
1986-01-25T23:03:11.846Z,26884,11,  1,1,   1.647,   0.315,  -0.044,   1.677,   1.678,  -1.488,  10.813,   0.011,   0.040,   0.010,  5,        
1986-01-25T23:03:59.846Z,26884,12,  1,1,   1.598,   0.266,  -0.047,   1.620,   1.622,  -1.649,   9.437,   0.043,   0.062,   0.015,  5,        
1986-01-25T23:04:47.846Z,26884,13,  1,1,   1.297,   0.760,   0.088,   1.506,   1.511,   3.344,  30.362,   0.061,   0.131,   0.053,  5,        
1986-01-25T23:05:35.845Z,26884,14,  1,1,   1.671,   0.637,  -0.074,   1.789,   1.794,  -2.376,  20.869,   0.094,   0.086,   0.066,  5,        
1986-01-25T23:06:23.845Z,26884,15,  1,1,   1.765,   0.495,  -0.133,   1.838,   1.838,  -4.152,  15.666,   0.008,   0.037,   0.024,  5,        
1986-01-25T23:07:11.845Z,26884,16,  1,1,   1.790,   0.507,  -0.137,   1.866,   1.866,  -4.225,  15.808,   0.008,   0.019,   0.012,  5,        
1986-01-25T23:07:59.845Z,26884,17,  1,1,   1.801,   0.495,  -0.126,   1.872,   1.872,  -3.873,  15.383,   0.012,   0.010,   0.010,  5,        
1986-01-25T23:08:47.845Z,26884,18,  1,1,   1.805,   0.489,  -0.118,   1.874,   1.874,  -3.599,  15.161,   0.003,   0.005,   0.006,  5,        
1986-01-25T23:09:35.845Z,26884,19,  1,1,   1.815,   0.488,  -0.111,   1.883,   1.883,  -3.380,  15.045,   0.004,   0.006,   0.009,  5,        
1986-01-25T23:10:23.845Z,26884,20,  1,1,   1.819,   0.467,  -0.116,   1.882,   1.882,  -3.530,  14.383,   0.004,   0.024,   0.015,  5,        
1986-01-25T23:11:11.845Z,26884,21,  1,1,   1.809,   0.427,  -0.125,   1.863,   1.863,  -3.834,  13.282,   0.008,   0.014,   0.014,  5,        
1986-01-25T23:11:59.845Z,26884,22,  1,1,   1.791,   0.495,  -0.071,   1.859,   1.859,  -2.179,  15.461,   0.006,   0.015,   0.011,  5,        
1986-01-25T23:12:47.845Z,26884,23,  1,1,   1.809,   0.499,  -0.089,   1.879,   1.879,  -2.719,  15.412,   0.004,   0.015,   0.010,  5,        
1986-01-25T23:13:35.845Z,26884,24,  1,1,   1.816,   0.471,  -0.093,   1.879,   1.879,  -2.849,  14.533,   0.005,   0.006,   0.014,  5,        
1986-01-25T23:14:23.845Z,26884,25,  1,1,   1.823,   0.487,  -0.070,   1.889,   1.889,  -2.114,  14.952,   0.005,   0.010,   0.002,  5,        
1986-01-25T23:15:11.845Z,26884,26,  1,1,   1.851,   0.487,  -0.055,   1.914,   1.914,  -1.654,  14.734,   0.011,   0.006,   0.011,  5,        
1986-01-25T23:15:59.845Z,26884,27,  1,1,   1.872,   0.463,  -0.087,   1.931,   1.931,  -2.580,  13.905,   0.004,   0.009,   0.008,  5,        
1986-01-25T23:16:47.845Z,26884,28,  1,1,   1.885,   0.457,  -0.094,   1.942,   1.942,  -2.762,  13.629,   0.003,   0.009,   0.004,  5,        
1986-01-25T23:17:35.845Z,26884,29,  1,1,   1.895,   0.465,  -0.082,   1.953,   1.953,  -2.411,  13.781,   0.004,   0.008,   0.003,  5,        
1986-01-25T23:18:23.845Z,26884,30,  1,1,   1.883,   0.439,  -0.068,   1.935,   1.935,  -2.002,  13.113,   0.003,   0.018,   0.003,  5,        
1986-01-25T23:19:11.845Z,26884,31,  1,1,   1.881,   0.418,  -0.073,   1.928,   1.928,  -2.177,  12.521,   0.005,   0.004,   0.005,  5,        
1986-01-25T23:19:59.845Z,26884,32,  1,1,   1.889,   0.408,  -0.063,   1.933,   1.933,  -1.872,  12.191,   0.011,   0.005,   0.008,  5,        
1986-01-25T23:20:47.844Z,26884,33,  1,1,   1.896,   0.404,  -0.066,   1.940,   1.940,  -1.952,  12.036,   0.006,   0.018,   0.004,  5,        
1986-01-25T23:21:35.844Z,26884,34,  1,1,   1.918,   0.414,  -0.070,   1.963,   1.963,  -2.045,  12.180,   0.006,   0.013,   0.006,  5,        
1986-01-25T23:22:23.844Z,26884,35,  1,1,   1.922,   0.427,  -0.099,   1.971,   1.971,  -2.889,  12.518,   0.006,   0.010,   0.010,  5,        
1986-01-25T23:23:11.844Z,26884,36,  1,1,   1.922,   0.423,  -0.080,   1.969,   1.969,  -2.322,  12.429,   0.003,   0.003,   0.005,  5,        
1986-01-25T23:23:59.844Z,26884,37,  1,1,   1.919,   0.382,  -0.082,   1.959,   1.959,  -2.401,  11.258,   0.004,   0.010,   0.006,  5,        
1986-01-25T23:24:47.844Z,26884,38,  1,1,   1.919,   0.417,  -0.076,   1.965,   1.966,  -2.203,  12.266,   0.002,   0.018,   0.006,  5,        
1986-01-25T23:25:35.844Z,26884,39,  1,1,   1.917,   0.433,  -0.076,   1.966,   1.966,  -2.227,  12.723,   0.002,   0.006,   0.007,  5,        
1986-01-25T23:26:23.844Z,26884,40,  1,1,   1.917,   0.440,  -0.077,   1.968,   1.968,  -2.231,  12.915,   0.005,   0.005,   0.003,  5,        
1986-01-25T23:27:11.844Z,26884,41,  1,1,   1.931,   0.416,  -0.065,   1.977,   1.977,  -1.893,  12.142,   0.006,   0.012,   0.005,  5,        
1986-01-25T23:27:59.844Z,26884,42,  1,1,   1.946,   0.412,  -0.037,   1.989,   1.990,  -1.059,  11.962,   0.004,   0.013,   0.020,  5,        
1986-01-25T23:28:47.844Z,26884,43,  1,1,   1.941,   0.421,  -0.012,   1.986,   1.986,  -0.339,  12.241,   0.002,   0.003,   0.006,  5,        
1986-01-25T23:29:35.844Z,26884,44,  1,1,   1.936,   0.405,   0.009,   1.977,   1.978,   0.272,  11.821,   0.002,   0.002,   0.011,  5,        
1986-01-25T23:30:23.844Z,26884,45,  1,1,   1.924,   0.419,   0.051,   1.970,   1.970,   1.489,  12.294,   0.010,   0.010,   0.007,  5,        
1986-01-25T23:31:11.844Z,26884,46,  1,1,   1.909,   0.416,   0.036,   1.954,   1.954,   1.051,  12.292,   0.003,   0.017,   0.014,  5,        
1986-01-25T23:31:59.844Z,26884,47,  1,1,   1.858,   0.371,   0.098,   1.897,   1.897,   2.970,  11.280,   0.023,   0.004,   0.023,  5,        
1986-01-25T23:32:47.844Z,26884,48,  1,1,   1.760,   0.369,   0.121,   1.803,   1.803,   3.834,  11.829,   0.033,   0.010,   0.008,  5,        
1986-01-25T23:33:35.844Z,26884,49,  1,1,   1.612,   0.215,   0.017,   1.626,   1.630,   0.606,   7.580,   0.041,   0.085,   0.072,  5,        
1986-01-25T23:34:23.844Z,26884,50,  1,1,   1.394,  -0.082,  -0.221,   1.413,   1.417,  -8.996, 356.617,   0.078,   0.065,   0.053,  5,        
1986-01-25T23:35:11.843Z,26884,51,  1,1,   1.076,  -0.343,  -0.424,   1.207,   1.213, -20.566, 342.320,   0.094,   0.076,   0.060,  5,        
1986-01-25T23:35:59.843Z,26884,52,  1,1,   0.659,  -0.516,  -0.549,   1.001,   1.010, -33.228, 321.933,   0.156,   0.020,   0.017,  5,        
1986-01-25T23:36:47.843Z,26884,53,  1,1,   0.092,  -0.630,  -0.628,   0.895,   0.900, -44.600, 278.335,   0.092,   0.034,   0.031,  5,        
1986-01-25T23:37:35.843Z,26884,54,  1,1,  -0.072,  -0.705,  -0.504,   0.870,   0.873, -35.430, 264.144,   0.071,   0.011,   0.013,  5,        
1986-01-25T23:38:23.843Z,26884,55,  1,1,  -0.139,  -0.686,  -0.511,   0.866,   0.867, -36.132, 258.545,   0.020,   0.014,   0.015,  5,        
1986-01-25T23:39:11.843Z,26884,56,  1,1,  -0.119,  -0.593,  -0.545,   0.814,   0.815, -42.005, 258.656,   0.024,   0.004,   0.009,  2,T       
1986-01-25T23:39:59.843Z,26884,57,  1,1,  -0.056,  -0.569,  -0.494,   0.756,   0.756, -40.867, 264.405,   0.015,   0.027,   0.039,  5,        
1986-01-25T23:40:47.843Z,26884,58,  1,1,  -0.033,  -0.521,  -0.506,   0.727,   0.728, -44.067, 266.400,   0.018,   0.041,   0.017,  5,        
1986-01-25T23:41:35.843Z,26884,59,  1,1,   0.095,  -0.476,  -0.307,   0.575,   0.577, -32.280, 281.319,   0.014,   0.028,   0.056,  5,        
1986-01-25T23:42:23.843Z,26885, 0,  1,1,   0.067,  -0.388,  -0.291,   0.490,   0.491, -36.458, 279.806,   0.034,   0.012,   0.014,  5,        
1986-01-25T23:43:11.843Z,26885, 1,  1,1,   0.079,  -0.449,  -0.366,   0.584,   0.586, -38.784, 279.971,   0.050,   0.017,   0.022,  5,        
1986-01-25T23:43:59.843Z,26885, 2,  1,1,   0.091,  -0.399,  -0.392,   0.567,   0.568, -43.770, 282.851,   0.016,   0.015,   0.012,  5,        
1986-01-25T23:44:47.843Z,26885, 3,  1,1,   0.116,  -0.336,  -0.383,   0.523,   0.524, -47.075, 289.059,   0.012,   0.045,   0.006,  5,        
1986-01-25T23:45:35.843Z,26885, 4,  1,1,   0.190,  -0.276,  -0.408,   0.528,   0.530, -50.637, 304.545,   0.023,   0.025,   0.023,  5,        
1986-01-25T23:46:23.843Z,26885, 5,  1,1,   0.269,  -0.294,  -0.538,   0.670,   0.672, -53.452, 312.475,   0.033,   0.039,   0.061,  5,        
1986-01-25T23:47:11.843Z,26885, 6,  1,1,   0.329,  -0.396,  -0.572,   0.769,   0.779, -48.004, 309.789,   0.011,   0.081,   0.096,  5,        
1986-01-25T23:47:59.843Z,26885, 7,  1,1,   0.143,  -0.423,  -0.268,   0.521,   0.527, -30.972, 288.603,   0.083,   0.035,   0.069,  5,        
1986-01-25T23:48:47.843Z,26885, 8,  1,1,   0.029,  -0.280,  -0.077,   0.292,   0.299, -15.369, 275.929,   0.049,   0.023,   0.046,  5,        
1986-01-25T23:49:35.843Z,26885, 9,  1,1,   0.221,  -0.031,  -0.022,   0.224,   0.239,  -5.723, 351.897,   0.045,   0.070,   0.034,  5,        
1986-01-25T23:50:23.842Z,26885,10,  1,1,   0.350,   0.068,  -0.102,   0.371,   0.371, -15.907,  11.022,   0.038,   0.011,   0.026,  5,        
1986-01-25T23:51:11.842Z,26885,11,  1,1,   0.416,   0.028,  -0.142,   0.440,   0.441, -18.749,   3.915,   0.011,   0.010,   0.009,  5,        
1986-01-25T23:51:59.842Z,26885,12,  1,1,   0.455,   0.020,  -0.139,   0.476,   0.477, -16.989,   2.491,   0.009,   0.010,   0.016,  5,        
1986-01-25T23:52:47.842Z,26885,13,  1,1,   0.461,  -0.006,  -0.181,   0.495,   0.496, -21.372, 359.207,   0.009,   0.004,   0.014,  5,        
1986-01-25T23:53:35.842Z,26885,14,  1,1,   0.429,   0.003,  -0.182,   0.465,   0.467, -22.955,   0.434,   0.022,   0.013,   0.045,  5,        
1986-01-25T23:54:23.842Z,26885,15,  1,1,   0.390,   0.019,  -0.190,   0.435,   0.436, -25.982,   2.746,   0.035,   0.021,   0.026,  5,        
1986-01-25T23:55:11.842Z,26885,16,  1,1,   0.101,  -0.257,  -0.367,   0.459,   0.487, -53.051, 291.514,   0.115,   0.119,   0.076,  5,        
1986-01-25T23:55:59.842Z,26885,17,  1,1,  -0.206,  -0.455,  -0.407,   0.645,   0.648, -39.178, 245.709,   0.064,   0.009,   0.033,  5,        
1986-01-25T23:56:47.842Z,26885,18,  1,1,  -0.283,  -0.565,  -0.411,   0.754,   0.758, -33.040, 243.389,   0.063,   0.042,   0.025,  5,        
1986-01-25T23:57:35.842Z,26885,19,  1,1,  -0.190,  -0.597,  -0.399,   0.743,   0.743, -32.466, 252.368,   0.009,   0.016,   0.024,  5,        
1986-01-25T23:58:23.842Z,26885,20,  1,1,  -0.157,  -0.556,  -0.343,   0.672,   0.672, -30.699, 254.173,   0.036,   0.018,   0.032,  5,        
1986-01-25T23:59:11.842Z,26885,21,  1,1,  -0.035,  -0.561,  -0.389,   0.683,   0.685, -34.694, 266.414,   0.031,   0.025,   0.044,  5,        
1986-01-25T23:59:59.842Z,26885,22,  1,1,  -0.020,  -0.534,  -0.391,   0.662,   0.662, -36.225, 267.862,   0.007,   0.031,   0.028,  5,        
